# CELLxGENE census 2023-05-15 — census_info/datasets, as served from s3://cellxgene-census-public-us-west-2/cell-census/2023-05-15/soma/
# census_build_date=2023-05-15 total_cell_count=57880760 unique_cell_count=36673205 datasets=562
# Regenerate with scripts/snapshot_census.py; rows sorted by dataset_id so the bytes are reproducible.
dataset_id,collection_id,collection_name,collection_doi,dataset_title,dataset_total_cell_count
00476f9f-ebc1-4b72-b541-32f912ce36ea,283d65eb-dd53-496d-adb7-7570c7caa443,Transcriptomic diversity of cell types across the adult human brain,10.1101/2022.10.12.511898,Dissection: Hypothalamus (HTH) - mammillary region of HTH (HTHma),10099
00e5dedd-b9b7-43be-8c28-b0e5c6414a62,af893e86-8e9f-41f1-a474-ef05359b1fb7,Single-cell transcriptomic atlas for adult human retina,10.2139/ssrn.3991078,Photoreceptor cells in human retina (rod cells downsampled),21422
00ff600e-6e2e-4d76-846f-0eec4f0ae417,3a2af25b-2338-4266-aad3-aa8d07473f50,Single-cell analysis of human B cell maturation predicts how antibody class switching shapes selection dynamics,10.1126/sciimmunol.abe6291,Human tonsil nonlymphoid cells scRNA,363
01209dce-3575-4bed-b1df-129f57fbc031,24d42e5e-ce6d-45ff-a66b-a3b3b715deaf,Single-cell transcriptomics of human T cells reveals tissue and activation signatures in health and disease,10.1038/s41467-019-12464-3,Single-cell transcriptomics of human T cells reveals tissue and activation signatures in health and disease,51876
0129dbd9-a7d3-4f6b-96b9-1da155a93748,af893e86-8e9f-41f1-a474-ef05359b1fb7,Single-cell transcriptomic atlas for adult human retina,10.2139/ssrn.3991078,All major cell types in adult human retina,244474
019c7af2-c827-4454-9970-44d5e39ce068,64b24fda-6591-4ce1-89e7-33eb6c43ad7b,A proximal-to-distal survey of healthy adult human small intestine and colon epithelium by single-cell transcriptomics,10.1016/j.jcmgh.2022.02.007,A proximal-to-distal survey of healthy adult human small intestine and colon epithelium by single-cell transcriptomics,12590
01ad3cd7-3929-4654-84c0-6db05bd5fd59,7d7cabfd-1d1f-40af-96b7-26a0825a306d,Type I interferon autoantibodies are associated with systemic immune alterations in patients with COVID-19,10.1126/scitranslmed.abh2624,Type I interferon autoantibodies are associated with systemic immune alterations in patients with COVID-19,600929
0325478a-9b52-45b5-b40a-2e2ab0d72eb1,283d65eb-dd53-496d-adb7-7570c7caa443,Transcriptomic diversity of cell types across the adult human brain,10.1101/2022.10.12.511898,Supercluster: Upper-layer intratelencephalic,455006
0380ddce-c31b-422a-88fe-34a1945bd949,0b9d8a04-bb9d-44da-aa27-705bb65b54eb,Tabula Muris Senis,10.1038/s41586-020-2496-1,Aorta — A single-cell transcriptomic atlas characterizes ageing tissues in the mouse,906
03c0e874-f984-4e6c-9d2a-26ef8507dbbc,4b54248f-2165-477c-a027-dd55082e8818,Single cell analysis of mouse and human prostate reveals novel fibroblasts with specialized distribution and microenvironment interactions,10.1002/path.5751,Single cell analysis of mouse and human prostate reveals novel fibroblasts with specialized distribution and microenvironment interactions - Mouse Epithelial Cells,50206
03c544fb-a103-4d18-9230-eae9cfee3af2,fc77d2ae-247d-44d7-aa24-3f4859254c2c,Cellular heterogeneity of human fallopian tubes in normal and hydrosalpinx disease states identified by scRNA-seq,10.1101/2021.09.16.460628,scRNA-seq analysis of stromal cells of healthy human fallopian tubes,28691
03d38670-1444-4001-bc53-9936e61d9b20,283d65eb-dd53-496d-adb7-7570c7caa443,Transcriptomic diversity of cell types across the adult human brain,10.1101/2022.10.12.511898,"Dissection: Hypothalamus (HTH) - preoptic region of HTH - HTHpo (medial preoptic nucleus, MPN) - supraoptic region of HTH - HTHso (paraventricular nucleus, PV)",20027
03d5794d-cde9-4769-a1a9-b3899d2b1d87,a18474f4-ff1e-4864-af69-270b956cee5b,Single-cell RNA sequencing unifies developmental programs of Esophageal and Gastric Intestinal Metaplasia,10.1158/2159-8290.cd-22-0824,UMAP of Plasma and B-Cells cells,9015
047d57f2-4d14-45de-aa98-336c6f583750,48d354f5-a5ca-4f35-a3bb-fa3687502252,"LungMAP — The genomic, epigenomic and biophysical cues controlling the emergence of the gas exchange niche in the lung.",10.1126/science.abc3172,Developmental single-cell atlas of the murine lung,67794
04a23820-ffa8-4be5-9f65-64db15631d1e,283d65eb-dd53-496d-adb7-7570c7caa443,Transcriptomic diversity of cell types across the adult human brain,10.1101/2022.10.12.511898,Supercluster: Upper rhombic lip,137162
04b0eb97-d816-44bb-93a5-8b2968791aa0,60358420-6055-411d-ba4f-e8ac80682a2e,Spatiotemporal analysis of human intestinal development at single-cell resolution,10.1016/j.cell.2020.12.016,Spatiotemporal analysis of human intestinal development at single-cell resolution: Pericytes,4163
04c0bdd8-840f-488e-b72d-2a1229bc65db,de13e3e2-23b6-40ed-a413-e9e12d7d3910,A cell atlas of human thymic development defines T cell repertoire formation,10.1126/science.aay3224,Human Thymic Epithelial Cells - A cell atlas of human thymic development defines T cell repertoire formation,18524
055ca631-6ffb-40de-815e-b931e10718c0,b9fc3d70-5a72-4479-a046-c2cc1ab19efc,A Web Portal and Workbench for Biological Dissection of Single Cell COVID-19 Host Responses,10.1016/j.isci.2021.103115,Individual Single-Cell RNA-seq PBMC Data from Wilk et al.,41305
05e6f6e3-0473-4b85-9f94-bcc5f1b5e04b,0b9d8a04-bb9d-44da-aa27-705bb65b54eb,Tabula Muris Senis,10.1038/s41586-020-2496-1,Lung - A single-cell transcriptomic atlas characterizes ageing tissues in the mouse - Smart-seq2,5218
066943a2-fdac-4b29-b348-40cede398e4e,6f6d381a-7701-4781-935c-db10d30de293,The integrated Human Lung Cell Atlas,10.1101/2022.03.10.483747,An integrated cell atlas of the human lung in health and disease (core),584944
06b91002-4d3d-4d2e-8484-20c3b31e232c,180bff9c-c8a5-4539-b13b-ddbc00d643e6,Molecular characterization of selectively vulnerable neurons in Alzheimer's Disease,10.1038/s41593-020-00764-7,Molecular characterization of selectively vulnerable neurons in Alzheimer’s Disease: EC astrocytes,5500
07428d73-fdea-4bd4-a801-94b00c4d961c,1ca90a2d-2943-483d-b678-b809bf464c30,SEA-AD: Seattle Alzheimer’s Disease Brain Cell Atlas,,L5 ET - MTG: Seattle Alzheimer's Disease Atlas (SEA-AD),2361
07854d9c-5375-4a9b-ac34-fa919d3c3686,bcb61471-2a44-4d00-a0af-ff085512674c,An atlas of healthy and injured cell states and niches in the human kidney,10.1101/2021.07.28.454201,Single-nucleus RNA-seq of the Adult Human Kidney (Version 1.0),172847
07b1d7c8-5c2e-42f7-9246-26f746cd6013,283d65eb-dd53-496d-adb7-7570c7caa443,Transcriptomic diversity of cell types across the adult human brain,10.1101/2022.10.12.511898,Dissection: Myelencephalon (medulla oblongata) (Mo) - afferent nuclei of cranial nerves in medulla oblongata - MoAN,27210
07f14e26-ff0d-43c4-bfe3-bf1a94dc73c3,0a77d4c0-d5d0-40f0-aa1a-5e1429bcbd7e,A transcriptional cross species map of pancreatic islet cells,10.1016/j.molmet.2022.101595,mouse pancreatic islet cells,7011
08073b32-d389-41f4-a4fd-616de76915ab,120e86b4-1195-48c5-845b-b98054105eec,Spatiotemporal immune zonation of the human kidney,10.1126/science.aat5031,Fetal kidney dataset: nephron,10790
0895c838-e550-48a3-a777-dbcd35d30272,44531dd9-1388-4416-a117-af0a99de2294,"Single-Cell, Single-Nucleus, and Spatial RNA Sequencing of the Human Liver Identifies Cholangiocyte and Mesenchymal Heterogeneity",10.1002/hep4.1854,Healthy human liver: B cells,146
090da8ea-46e8-40df-bffc-1f78e1538d27,283d65eb-dd53-496d-adb7-7570c7caa443,Transcriptomic diversity of cell types across the adult human brain,10.1101/2022.10.12.511898,Dissection: Spinal cord - SpC,24190
095940cb-7422-4510-96e2-cbafd961eb88,283d65eb-dd53-496d-adb7-7570c7caa443,Transcriptomic diversity of cell types across the adult human brain,10.1101/2022.10.12.511898,Dissection: Cerebellum (CB) - Cerebellar deep nuclei - CbDN,52045
0a21f80c-e7a3-465b-8aba-fdda2b4c36bc,de13e3e2-23b6-40ed-a413-e9e12d7d3910,A cell atlas of human thymic development defines T cell repertoire formation,10.1126/science.aay3224,Human T cells - A cell atlas of human thymic development defines T cell repertoire formation,76994
0b4a15a7-4e9e-4555-9733-2423e5c66469,a98b828a-622a-483a-80e0-15703678befd,HCA kidney seed network: University of Michigan,,Single cell RNA-seq data from normal adult kidney tissue,48783
0b75c598-0893-4216-afe8-5414cab7739d,bcb61471-2a44-4d00-a0af-ff085512674c,An atlas of healthy and injured cell states and niches in the human kidney,10.1101/2021.07.28.454201,Integrated Single-nucleus and Single-cell RNA-seq of the Adult Human Kidney,304652
0ba16f4b-cb87-4fa3-9363-19fc51eec6e7,2d2e2acd-dade-489f-a2da-6c11aa654028,A human fetal lung cell atlas uncovers proximal-distal gradients of differentiation and key regulators of epithelial fates,10.1016/j.cell.2022.11.005,Myeloid,6947
0ba636a1-4754-4786-a8be-7ab3cf760fd6,48259aa8-f168-4bf5-b797-af8e88da6637,Human breast cell atlas,10.1101/2023.04.21.537845,HBCA - global,800198
0bd1a1de-3aee-40e0-b2ec-86c7a30c7149,0b9d8a04-bb9d-44da-aa27-705bb65b54eb,Tabula Muris Senis,10.1038/s41586-020-2496-1,Bone marrow - A single-cell transcriptomic atlas characterizes ageing tissues in the mouse - 10x,40220
0c774045-26a7-40f8-9b07-6742d3c771c0,be21c2d1-2392-47d0-96fb-c625d115e0dc,Single cell RNA sequencing of CD19 CAR T-cell infusion products,10.1038/s41591-020-1061-7,Single cell RNA sequencing of CD19 CAR T-cell infusion products,133405
0caedec7-1c7d-4e79-aba2-50f6916e643f,4796c91c-9d8f-4692-be43-347b1727f9d8,MSK SPECTRUM – Ovarian cancer mutational processes drive site-specific immune evasion,10.1038/s41586-022-05496-1,MSK SPECTRUM - Macrophages,166895
0d7f4c06-a6bd-47d2-a42b-3a7196704f77,283d65eb-dd53-496d-adb7-7570c7caa443,Transcriptomic diversity of cell types across the adult human brain,10.1101/2022.10.12.511898,Supercluster: Vascular,9932
0ee5ae70-c3f5-473f-bd1c-287f4690ffc5,283d65eb-dd53-496d-adb7-7570c7caa443,Transcriptomic diversity of cell types across the adult human brain,10.1101/2022.10.12.511898,Dissection: Myelencephalon (medulla oblongata) (Mo) - sensory relay nuclei in medulla oblongata - MoSR,13623
0f4865d5-8000-4f68-8ac7-f5efea9e5e70,5c868b6f-62c5-4532-9d7f-a346ad4b50a7,The landscape of immune dysregulation in Crohn’s disease revealed through single-cell transcriptomic profiling in the ileum and colon,10.1016/j.immuni.2023.01.002,TI stromal,75695
0fb7916e-7a68-4a4c-a441-3ab3989f29a7,0b9d8a04-bb9d-44da-aa27-705bb65b54eb,Tabula Muris Senis,10.1038/s41586-020-2496-1,Lung - A single-cell transcriptomic atlas characterizes ageing tissues in the mouse - 10x,24540
0fdb6122-4600-40f0-a703-2da47cc7080d,e75342a8-0f3b-4ec5-8ee1-245a23e0f7cb,Pathogenic variants damage cell composition and single cell transcription in cardiomyopathies,10.1126/science.abo1984,DCM/ACM heart cell atlas: Lymphoids,16878
1009f384-b12d-448e-ba9f-1b7d2ecfbb4e,b52eb423-5d0d-4645-b217-e1c6d38b2e72,Cells of the adult human heart,10.1038/s41586-020-2797-4,Neuronal — Cells of the adult human heart,3961
105c7dad-0468-4628-a5be-2bb42c6a8ae4,125eef58-0f61-4963-9b08-53e851ab65fb,Single-cell transcriptomes from human kidneys reveal the cellular identity of renal tumors,10.1126/science.aat1699,mature,40268
1062c0f2-2a44-4cf9-a7c8-b5ed58b4728d,e75342a8-0f3b-4ec5-8ee1-245a23e0f7cb,Pathogenic variants damage cell composition and single cell transcription in cardiomyopathies,10.1126/science.abo1984,DCM/ACM heart cell atlas: Endothelial cells,115548
1185a7d3-a9c1-4280-9ba5-d61895b15cac,283d65eb-dd53-496d-adb7-7570c7caa443,Transcriptomic diversity of cell types across the adult human brain,10.1101/2022.10.12.511898,Dissection: Amygdaloid complex (AMY) - corticomedial nuclear group - CMN,38331
1196334f-a441-474a-95ee-400780941690,63d03351-06be-478e-a0db-f7a653b6b19b,Cell atlas of the human ocular anterior segment: Tissue-specific and shared cell types,10.1073/pnas.2200914119,Ciliary Body,34132
11ef37ee-2173-458e-aab8-7fe35da8e47b,af893e86-8e9f-41f1-a474-ef05359b1fb7,Single-cell transcriptomic atlas for adult human retina,10.2139/ssrn.3991078,Horizontal cells in human retina,7348
11ff73e8-d3e4-4445-9309-477a2c5be6f6,83ed3be8-4cb9-43e6-9aaa-3fbbf5d1bd3a,Integrated scRNA-Seq Identifies Human Postnatal Thymus Seeding Progenitors and Regulatory Dynamics of Differentiating Immature Thymocytes,10.1016/j.immuni.2020.03.019,Single-Cell Transcriptome Profiling of Immature Human Thymocytes,71732
124744b8-4681-474a-9894-683896122708,c353707f-09a4-4f12-92a0-cb741e57e5f0,Single-cell transcriptomes of the human skin reveal age-related loss of fibroblast priming,10.1038/s42003-020-0922-4,Single-cell transcriptomes of the human skin reveal age-related loss of fibroblast priming,15457
1252c5fb-945f-42d6-b1a8-8a3bd864384b,e75342a8-0f3b-4ec5-8ee1-245a23e0f7cb,Pathogenic variants damage cell composition and single cell transcription in cardiomyopathies,10.1126/science.abo1984,DCM/ACM heart cell atlas: Mural cells,170281
12967895-3d58-4e93-be2c-4e1bcf4388d5,661a402a-2a5a-4c71-9b05-b346c57bc451,Single-cell roadmap of human gonadal development,10.1038/s41586-022-04918-4,Mouse Female,69709
1304e107-0f06-4d33-b634-d95ed986d02b,ae1420fe-6630-46ed-8b3d-cc6056a66467,An integrated transcriptomic and epigenomic atlas of mouse primary motor cortex cell types,10.1038/s41586-021-03500-8,An integrated transcriptomic and epigenomic atlas of mouse primary motor cortex cell types: SMARTer_nuclei_MOp,6171
146216e1-ec30-4fee-a1fb-25defe801e2d,1ca90a2d-2943-483d-b678-b809bf464c30,SEA-AD: Seattle Alzheimer’s Disease Brain Cell Atlas,,Sst - MTG: Seattle Alzheimer's Disease Atlas (SEA-AD),52704
1492eb6b-7d50-4c4d-94ac-c801a7d5555c,180bff9c-c8a5-4539-b13b-ddbc00d643e6,Molecular characterization of selectively vulnerable neurons in Alzheimer's Disease,10.1038/s41593-020-00764-7,Molecular characterization of selectively vulnerable neurons in Alzheimer’s Disease: SFG inhibitory neurons,7506
170ce19f-7a2f-4926-a1cc-adcad99e7474,0b9d8a04-bb9d-44da-aa27-705bb65b54eb,Tabula Muris Senis,10.1038/s41586-020-2496-1,Thymus - A single-cell transcriptomic atlas characterizes ageing tissues in the mouse - Smart-seq2,4047
182f6a56-7360-4924-a74e-1772e07b3031,283d65eb-dd53-496d-adb7-7570c7caa443,Transcriptomic diversity of cell types across the adult human brain,10.1101/2022.10.12.511898,Dissection: Body of hippocampus (HiB) - Rostral CA1-CA3,28724
18500fcd-9960-49cb-8a8e-7d868dc14efe,283d65eb-dd53-496d-adb7-7570c7caa443,Transcriptomic diversity of cell types across the adult human brain,10.1101/2022.10.12.511898,Dissection: Basal nuclei (BN) - Globus pallidus (GP) - External segment of globus pallidus - GPe,50830
18e2a8c5-33f7-455e-a58a-b2ba6921db27,661a402a-2a5a-4c71-9b05-b346c57bc451,Single-cell roadmap of human gonadal development,10.1038/s41586-022-04918-4,Human Female,213898
19b21f40-db42-4a71-a0d6-913e83b17784,283d65eb-dd53-496d-adb7-7570c7caa443,Transcriptomic diversity of cell types across the adult human brain,10.1101/2022.10.12.511898,Dissection: Head of hippocampus (HiH) - Tail of Hippocampus (HiT) - Subicular cortex - Sub,41568
1a018108-b4b6-457b-ba15-046d5e98c169,283d65eb-dd53-496d-adb7-7570c7caa443,Transcriptomic diversity of cell types across the adult human brain,10.1101/2022.10.12.511898,Dissection: Myelencephalon (medulla oblongata) (Mo) - precerebellar nuclei (PrCbN) - inferior olive - IO,21534
1a0610d8-1339-479b-b261-7fb586c3dab9,0b9d8a04-bb9d-44da-aa27-705bb65b54eb,Tabula Muris Senis,10.1038/s41586-020-2496-1,Trachea - A single-cell transcriptomic atlas characterizes ageing tissues in the mouse - 10x,7976
1a2e3350-28a8-4f49-b33c-5b67ceb001f6,793fdaec-5067-428a-a9db-ecefe135c945,Blood and immune development in human fetal bone marrow and Down syndrome,10.1038/s41586-021-03929-x,Fetal Bone Marrow (10x),103228
1b699e04-1127-42ea-998b-011ace4a5b81,e3f391f6-5a75-4e96-8450-da47c3d2a939,COVID-19 mRNA vaccine elicits a potent adaptive immune response in the absence of persistent inflammation observed in SARS-CoV-2 infection,,"T cells -- CV19 infection, vaccination and HC",98068
1b767f95-d0a0-4a3d-b394-cc665d86c3dc,283d65eb-dd53-496d-adb7-7570c7caa443,Transcriptomic diversity of cell types across the adult human brain,10.1101/2022.10.12.511898,Dissection: Extended amygdala (EXA) - Bed nucleus of stria terminalis and nearby - BNST,34933
1b9d8702-5af8-4142-85ed-020eb06ec4f6,62ef75e4-cbea-454e-a0ce-998ec40223d3,Cross-tissue immune cell analysis reveals tissue-specific features in humans,10.1126/science.abl5197,Global,329762
1c05b7ae-4dfb-4c1b-a441-4b23c04b169e,1ca90a2d-2943-483d-b678-b809bf464c30,SEA-AD: Seattle Alzheimer’s Disease Brain Cell Atlas,,OPC - MTG: Seattle Alzheimer's Disease Atlas (SEA-AD),29176
1c739a3e-c3f5-49d5-98e0-73975e751201,8191c283-0816-424b-9b61-c3e1d6258a77,Spatial multi-omic map of human myocardial infarction,10.1038/s41586-022-05060-x,All-snRNA-Spatial multi-omic map of human myocardial infarction,191795
1cf24082-59de-4029-ac81-6e398768af3a,283d65eb-dd53-496d-adb7-7570c7caa443,Transcriptomic diversity of cell types across the adult human brain,10.1101/2022.10.12.511898,Dissection: Cerebral cortex (Cx) - Inferior temporal gyrus - ITG,29522
1d29fd10-c8b3-4611-b0ac-3c578125adbf,0b9d8a04-bb9d-44da-aa27-705bb65b54eb,Tabula Muris Senis,10.1038/s41586-020-2496-1,Skin of body - A single-cell transcriptomic atlas characterizes ageing tissues in the mouse - Smart-seq2,4860
1e5bd3b8-6a0e-4959-8d69-cafed30fe814,03cdc7f4-bd08-49d0-a395-4487c0e5a168,Emphysema Cell Atlas,10.1016/j.immuni.2023.01.032,immune cells,35699
1e6a6ef9-7ec9-4c90-bbfb-2ad3c3165fd1,edb893ee-4066-4128-9aec-5eb2b03f8287,High-resolution single-cell atlas reveals diversity and plasticity of tumor-associated neutrophils in non-small cell lung cancer,10.1016/j.ccell.2022.10.008,The single-cell lung cancer atlas (LuCA) -- extended atlas,1283972
1efd4700-87dd-4b45-8762-11ba3fea7a65,0b9d8a04-bb9d-44da-aa27-705bb65b54eb,Tabula Muris Senis,10.1038/s41586-020-2496-1,Heart - A single-cell transcriptomic atlas characterizes ageing tissues in the mouse - Smart-seq2,9669
1f1c5c14-5949-4c81-b28e-b272e271b672,2902f08c-f83c-470e-a541-e463e25e5058,Single-cell reconstruction of follicular remodeling in the human adult ovary,10.1038/s41467-019-11036-9,Single-cell reconstruction of follicular remodeling in the human adult ovary,20676
1fe63353-9e75-4824-aa30-ed8d84be748c,0b9d8a04-bb9d-44da-aa27-705bb65b54eb,Tabula Muris Senis,10.1038/s41586-020-2496-1,Heart - A single-cell transcriptomic atlas characterizes ageing tissues in the mouse - 10x,8613
20634fa3-f3cf-44b5-8bc3-b825610bfe8c,fbc5881f-1ee3-4ffe-8095-35e15e1a08fc,Urethral luminal epithelia are castration-insensitive cells of the proximal prostate,10.1002/pros.24020,Urethral luminal epithelia are castration-insensitive cells of the proximal prostate - Mouse Epithelial Cells,42905
20980d73-7c53-4039-b852-b76a01566d5a,283d65eb-dd53-496d-adb7-7570c7caa443,Transcriptomic diversity of cell types across the adult human brain,10.1101/2022.10.12.511898,Dissection: Cerebral cortex (Cx) - Lingual gyrus (LiG) - Primary Visual Cortex - V1C,33484
20d87640-4be8-487f-93d4-dce38378d00f,120e86b4-1195-48c5-845b-b98054105eec,Spatiotemporal immune zonation of the human kidney,10.1126/science.aat5031,Mature kidney dataset: immune,7803
214bf9eb-93db-48c8-8e3c-9bb22fa3bc63,03cdc7f4-bd08-49d0-a395-4487c0e5a168,Emphysema Cell Atlas,10.1016/j.immuni.2023.01.032,AT2 cells,3662
2185eb07-22e2-4209-b3c8-7111afc6aa90,283d65eb-dd53-496d-adb7-7570c7caa443,Transcriptomic diversity of cell types across the adult human brain,10.1101/2022.10.12.511898,Supercluster: Oligodendrocyte precursor,105734
218acb0f-9f2f-4f76-b90b-15a4b7c7f629,436154da-bcf1-4130-9c8b-120ff9a888f2,Single-cell RNA-seq reveals the cell-type-specific molecular and genetic associations to lupus,10.1126/science.abf1970,multiplexed scRNA-seq of 1.2 million PBMCs from adult lupus samples,1263676
2190bd4d-3be0-4bf7-8ca8-8d6f71228936,283d65eb-dd53-496d-adb7-7570c7caa443,Transcriptomic diversity of cell types across the adult human brain,10.1101/2022.10.12.511898,Supercluster: Midbrain-derived inhibitory,126782
21d3e683-80a4-4d9b-bc89-ebb2df513dde,ed9185e3-5b82-40c7-9824-b2141590c7f0,Time-resolved Systems Immunology Reveals a Late Juncture Linked to Fatal COVID-19,10.1016/j.cell.2021.02.018,Time-resolved Systems Immunology Reveals a Late Juncture Linked to Fatal COVID-19: Adaptive Cells,246964
22658f4f-9268-41ad-8828-cc53f4baa9fa,283d65eb-dd53-496d-adb7-7570c7caa443,Transcriptomic diversity of cell types across the adult human brain,10.1101/2022.10.12.511898,Dissection: Hypothalamus (HTH) - supraoptic region of HTH - HTHso,12557
232f6a5a-a04c-4758-a6e8-88ab2e3a6e69,edb893ee-4066-4128-9aec-5eb2b03f8287,High-resolution single-cell atlas reveals diversity and plasticity of tumor-associated neutrophils in non-small cell lung cancer,10.1016/j.ccell.2022.10.008,The single-cell lung cancer atlas (LuCA) -- core atlas,892296
236baeda-5fdd-41bf-8e32-bae21ac7d435,1ca90a2d-2943-483d-b678-b809bf464c30,SEA-AD: Seattle Alzheimer’s Disease Brain Cell Atlas,,VLMC - MTG: Seattle Alzheimer's Disease Atlas (SEA-AD),3937
24066994-8183-488d-b037-ef6bb524af39,180bff9c-c8a5-4539-b13b-ddbc00d643e6,Molecular characterization of selectively vulnerable neurons in Alzheimer's Disease,10.1038/s41593-020-00764-7,Molecular characterization of selectively vulnerable neurons in Alzheimer’s Disease: SFG oligodendrocyte,15772
248cf7bf-508b-4c28-a2fd-cabe2ab956aa,ff668d5d-5b3f-49ee-a007-ff0664bf35ec,Single-cell transcriptome analysis reveals differential nutrient absorption functions in human intestine,10.1084/jem.20191130,Ileum,5980
2491629a-bde0-46ad-a073-e34fcb516857,0b9d8a04-bb9d-44da-aa27-705bb65b54eb,Tabula Muris Senis,10.1038/s41586-020-2496-1,Large intestine - A single-cell transcriptomic atlas characterizes ageing tissues in the mouse - 10x,8311
24ec2dc5-3573-4d66-a9e1-25b7dcf43e27,48259aa8-f168-4bf5-b797-af8e88da6637,Human breast cell atlas,10.1101/2023.04.21.537845,HBCA - immune,23714
2672b679-8048-4f5e-9786-f1b196ccfd08,4d74781b-8186-4c9a-b659-ff4dc4601d91,"scRNA-seq assessment of the human lung, spleen, and esophagus tissue stability after cold preservation",10.1186/s13059-019-1906-x,Lung Parenchyma,57019
26ae14da-9e5f-4d18-abae-18a5a328feef,9c8808ce-1138-4dbe-818c-171cff10e650,A single-cell transcriptional roadmap of the mouse and human lymph node lymphatic vasculature,10.3389/fcvm.2020.00052,A Single-Cell Transcriptional Roadmap of the Mouse and Human Lymph Node Lymphatic Vasculature - mouse,5625
2727d83a-0af0-443a-bff8-58dc7028289a,180bff9c-c8a5-4539-b13b-ddbc00d643e6,Molecular characterization of selectively vulnerable neurons in Alzheimer's Disease,10.1038/s41593-020-00764-7,Molecular characterization of selectively vulnerable neurons in Alzheimer’s Disease: Entorhinal Cortex,42528
27d91086-cfe3-4e33-9282-bd1246e5ce8e,283d65eb-dd53-496d-adb7-7570c7caa443,Transcriptomic diversity of cell types across the adult human brain,10.1101/2022.10.12.511898,Dissection: Cerebral cortex (Cx) - Long insular gyri (LIG) - Dysgranular insular cortex - Idg,39696
2872f4b0-b171-46e2-abc6-befcf6de6306,7681c7d7-0168-4892-a547-6f02a6430ace,Distinct microbial and immune niches of the human colon,10.1038/s41590-020-0602-z,Colon,41650
28c696bb-9549-434b-9340-dc745a846f9a,45f0f67d-4b69-4a3c-a4e8-a63b962e843f,Shared and distinct transcriptomic cell types across neocortical areas,10.1038/s41586-018-0654-5,Shared and distinct transcriptomic cell types across neocortical areas,22375
290d50c7-7158-4198-acf5-6d4b624fd3dc,661a402a-2a5a-4c71-9b05-b346c57bc451,Single-cell roadmap of human gonadal development,10.1038/s41586-022-04918-4,Human Germ Cells,10993
2a262b59-7936-4ecd-b656-248247a0559f,4b54248f-2165-477c-a027-dd55082e8818,Single cell analysis of mouse and human prostate reveals novel fibroblasts with specialized distribution and microenvironment interactions,10.1002/path.5751,Single cell analysis of mouse and human prostate reveals novel fibroblasts with specialized distribution and microenvironment interactions - All Mouse Cells,62415
2a498ace-872a-4935-984b-1afa70fd9886,03f821b4-87be-4ff4-b65a-b5fc00061da7,Local and systemic responses to SARS-CoV-2 infection in children and adults,10.1038/s41586-021-04345-x,PBMC,422220
2a8ca8f3-5599-4cda-b973-3a2dfc3c1fe6,283d65eb-dd53-496d-adb7-7570c7caa443,Transcriptomic diversity of cell types across the adult human brain,10.1101/2022.10.12.511898,Dissection: Amygdaloid complex (AMY) - Corticomedial nuclear group (CMN) - anterior cortical nucleus - CoA,10778
2aa1c93c-4ef3-4e9a-98e7-0bd37933953c,b1a879f6-5638-48d3-8f64-f6592c1b1561,Mapping the developing human immune system across organs,10.1126/science.abo0510,Myeloid cells,218758
2adb1f8a-a6b1-4909-8ee8-484814e2d4bf,38833785-fac5-48fd-944a-0f62a4c23ed1,Construction of a human cell landscape at single-cell level,10.1038/s41586-020-2157-4,Construction of a human cell landscape at single-cell level,598266
2aef80da-acb4-4e15-8f7d-6c0322b86b2f,fbc5881f-1ee3-4ffe-8095-35e15e1a08fc,Urethral luminal epithelia are castration-insensitive cells of the proximal prostate,10.1002/pros.24020,Urethral luminal epithelia are castration-insensitive cells of the proximal prostate - All Mouse Cells,47435
2d31c0ca-0233-41ce-bd1a-05aa8404b073,120e86b4-1195-48c5-845b-b98054105eec,Spatiotemporal immune zonation of the human kidney,10.1126/science.aat5031,Fetal kidney dataset: immune,6847
2ef8f3ce-bbff-447b-9e51-567e5d6c47bd,283d65eb-dd53-496d-adb7-7570c7caa443,Transcriptomic diversity of cell types across the adult human brain,10.1101/2022.10.12.511898,Dissection: Body of hippocampus (HiB) - Rostral DG-CA4,10411
2f132ec9-24b5-422f-9be0-ccef03b4fe28,6ff3401b-d72c-4940-a00c-3f0792397082,SARS-CoV-2 receptor ACE2 and TMPRSS2 are primarily expressed in bronchial transient secretory cells,10.15252/embj.20105114,Lung,39778
2f6a20f1-173d-4b8d-860b-c47ffea120fa,1d1c7275-476a-49e2-9022-ad1b1c793594,Cell Atlas of The Human Fovea and Peripheral Retina,10.1038/s41598-020-66092-9,Horizontal cells of the human fovea and peripheral retina,2868
2fc9c59f-3cfd-48d9-9b23-e369ea31bff3,120e86b4-1195-48c5-845b-b98054105eec,Spatiotemporal immune zonation of the human kidney,10.1126/science.aat5031,Mature kidney dataset: non PT parenchyma,4620
30498543-4fdd-4f86-9e1b-05c1a1454a6a,e3f391f6-5a75-4e96-8450-da47c3d2a939,COVID-19 mRNA vaccine elicits a potent adaptive immune response in the absence of persistent inflammation observed in SARS-CoV-2 infection,,"B cells -- CV19 infection, vaccination and HC",20727
30cd5311-6c09-46c9-94f1-71fe4b91813c,ed9185e3-5b82-40c7-9824-b2141590c7f0,Time-resolved Systems Immunology Reveals a Late Juncture Linked to Fatal COVID-19,10.1016/j.cell.2021.02.018,Time-resolved Systems Immunology Reveals a Late Juncture Linked to Fatal COVID-19: Innate Cells,125117
31f04740-c712-4c4b-a3f8-55c0506b3034,283d65eb-dd53-496d-adb7-7570c7caa443,Transcriptomic diversity of cell types across the adult human brain,10.1101/2022.10.12.511898,Dissection: Claustrum - Cla,40165
3294d050-6eeb-4a00-b24c-71aacc9b777f,0a77d4c0-d5d0-40f0-aa1a-5e1429bcbd7e,A transcriptional cross species map of pancreatic islet cells,10.1016/j.molmet.2022.101595,Human pancreatic islet cells,26474
32b9bdce-2481-4c85-ba1b-6ad5fcea844c,bcb61471-2a44-4d00-a0af-ff085512674c,An atlas of healthy and injured cell states and niches in the human kidney,10.1101/2021.07.28.454201,Single-cell RNA-seq of the Adult Human Kidney (Version 1.0),107344
343ff97c-85df-494b-8400-beb937618611,793fdaec-5067-428a-a9db-ecefe135c945,Blood and immune development in human fetal bone marrow and Down syndrome,10.1038/s41586-021-03929-x,Human Fetal Bone Marrow (CITE-seq),8978
34deb33b-a50e-4993-a38b-1c0e5079c1c2,62e8f058-9c37-48bc-9200-e767f318a8ec,HTAN MSK - Single cell profiling reveals novel tumor and myeloid subpopulations in small cell lung cancer,10.1016/j.ccell.2021.09.008,SCLC epithelial cells,54313
35081d47-99bf-4507-9541-735428df9a9f,ae1420fe-6630-46ed-8b3d-cc6056a66467,An integrated transcriptomic and epigenomic atlas of mouse primary motor cortex cell types,10.1038/s41586-021-03500-8,An integrated transcriptomic and epigenomic atlas of mouse primary motor cortex cell types,406187
35090826-f636-40c1-a3ef-4466beeab9f8,283d65eb-dd53-496d-adb7-7570c7caa443,Transcriptomic diversity of cell types across the adult human brain,10.1101/2022.10.12.511898,Supercluster: Deep-layer near-projecting,18856
359f7af4-87d4-4117-9d6c-ca4cfa1f3f0b,af893e86-8e9f-41f1-a474-ef05359b1fb7,Single-cell transcriptomic atlas for adult human retina,10.2139/ssrn.3991078,Amacrine cells in human retina,56507
35c8a04c-8639-4d15-8228-765d8d93fc96,283d65eb-dd53-496d-adb7-7570c7caa443,Transcriptomic diversity of cell types across the adult human brain,10.1101/2022.10.12.511898,"Dissection: Hypothalamus (HTH) - supraoptic region of HTH - HTHso (anterior hypothalamic nucleus, AHN) - tuberal region of HTH - HTHtub (ventromedial and dorsomedial hypothalamic nucleic nuclei, VMH, DMH)",16753
364348b4-bc34-4fe1-a851-60d99e36cafa,283d65eb-dd53-496d-adb7-7570c7caa443,Transcriptomic diversity of cell types across the adult human brain,10.1101/2022.10.12.511898,Dissection: Thalamus (THM) - intralaminar nuclear complex (ILN) - posterior group of intralaminar nuclei (PILN) - centromedian nucleus of thalamus - CM,12944
367b55f4-d543-49aa-90e8-4765fcb8c687,283d65eb-dd53-496d-adb7-7570c7caa443,Transcriptomic diversity of cell types across the adult human brain,10.1101/2022.10.12.511898,Dissection: Thalamus (THM) - intralaminar nuclear complex (ILN) - posterior group of intralaminar nuclei (PILN) - centromedian and parafasicular nuclei - CM and Pf,24354
36c867a7-be10-4e69-9b39-5de12b0af6da,2b02dff7-e427-4cdc-96fb-c0f354c099aa,Single-Cell Analysis of Crohn’s Disease Lesions Identifies a Pathogenic Cellular Module Associated with Resistance to Anti-TNF Therapy,10.1016/j.cell.2019.08.008,Ileum,32458
37b21763-7f0f-41ae-9001-60bad6e2841d,51544e44-293b-4c2b-8c26-560678423380,Multiomics single-cell analysis of human pancreatic islets reveals novel cellular states in health and type 1 diabetes,10.1038/s42255-022-00531-x,Multiomics single-cell analysis of human pancreatic islets reveals novel cellular states in health and type 1 diabetes,69645
381aa407-317a-40ef-8048-7ce0eacc4266,283d65eb-dd53-496d-adb7-7570c7caa443,Transcriptomic diversity of cell types across the adult human brain,10.1101/2022.10.12.511898,Dissection: Thalamus (THM) - lateral nuclear complex of thalamus (LNC) - lateral posterior nucleus of thalamus - LP,26172
389bfbb9-8ef1-4582-8c41-410131c3d0eb,939769a8-d8d2-4d01-abfc-55699893fd49,Integration of eQTL and a Single-Cell Atlas in the Human Eye Identifies Causal Genes for Age-Related Macular Degeneration,10.1016/j.celrep.2019.12.082,Rod cells of human eye,62509
396a9124-fb20-4822-bf9c-e93fdf7c999a,4195ab4c-20bd-4cd3-8b3d-65601277e731,A spatially resolved single cell genomic atlas of the adult human breast,,scRNA-seq data - B cells,12510
39ed7d98-676d-4b8d-9d0a-0f3b60914ead,e02201d7-f49f-401f-baf0-1eb1406546c0,"Early role for a Na+,K+-ATPase (ATP1A3) in brain development",10.1073/pnas.2023333118,Midgestational human neocortex cells,118647
3a15ab1c-c36c-4842-9a3e-47e6ffd0ba6f,a3c37598-b8e8-47db-92a9-eb91a77c9529,Adult mouse cortical cell taxonomy revealed by single cell transcriptomics,10.1038/nn.4216,Adult mouse cortical cell taxonomy revealed by single cell transcriptomics,1679
3a7f3ab4-a280-4b3b-b2c0-6dd05614a78c,283d65eb-dd53-496d-adb7-7570c7caa443,Transcriptomic diversity of cell types across the adult human brain,10.1101/2022.10.12.511898,Supercluster: Splatter,291833
3affa268-8a74-460a-ac9b-a984c0832469,b1a879f6-5638-48d3-8f64-f6592c1b1561,Mapping the developing human immune system across organs,10.1126/science.abo0510,Lymphoid cells,239698
3b6ed41e-10a1-47dd-b995-8cde7d041fd6,44531dd9-1388-4416-a117-af0a99de2294,"Single-Cell, Single-Nucleus, and Spatial RNA Sequencing of the Human Liver Identifies Cholangiocyte and Mesenchymal Heterogeneity",10.1002/hep4.1854,Healthy human liver: macrophages,3977
3bbb6cf9-72b9-41be-b568-656de6eb18b5,31937775-0602-4e52-a799-b6acdd2bac2e,Molecular and spatial signatures of mouse brain aging at single-cell resolution,10.1016/j.cell.2022.12.010,BrainAgingSpatialAtlas_snRNAseq,79667
3c75a463-6a87-4132-83a8-c3002624394d,bf325905-5e8e-42e3-933d-9a9053e9af80,Single-cell Atlas of common variable immunodeficiency shows germinal center-associated epigenetic dysregulation in B-cell responses,10.1038/s41467-022-29450-x,Activated PBMCs - Expanded cohort CITE-seq,95064
3dc61ca1-ce40-46b6-8337-f27260fd9a03,2d2e2acd-dade-489f-a2da-6c11aa654028,A human fetal lung cell atlas uncovers proximal-distal gradients of differentiation and key regulators of epithelial fates,10.1016/j.cell.2022.11.005,All cells,71752
3de0ad6d-4378-4f62-b37b-ec0b75a50d94,625f6bf4-2f33-4942-962e-35243d284837,LungMAP — Human data from a broad age healthy donor group,10.7554/eLife.62522,Single-cell multiomic profiling of human lungs across age groups,46500
3e87b1fa-472a-401c-8fa8-f31c10437d5f,1ca90a2d-2943-483d-b678-b809bf464c30,SEA-AD: Seattle Alzheimer’s Disease Brain Cell Atlas,,Endo - MTG: Seattle Alzheimer's Disease Atlas (SEA-AD),1973
3f31f8ce-bbf6-4df8-8203-aa240ed03026,283d65eb-dd53-496d-adb7-7570c7caa443,Transcriptomic diversity of cell types across the adult human brain,10.1101/2022.10.12.511898,Dissection: Cerebral cortex (Cx) - Anterior cingulate cortex - ACC,32157
3f32121d-126b-4e8d-9f69-d86502d2a1b1,7651ac1a-f947-463a-9223-a9e408a41989,Insulin is expressed by enteroendocrine cells during human fetal development,10.1038/s41591-021-01586-1,fetal and neonatal human small intestine cells,36359
3f4fe86f-aced-4d10-b174-ee35b9f46b9d,0b9d8a04-bb9d-44da-aa27-705bb65b54eb,Tabula Muris Senis,10.1038/s41586-020-2496-1,Trachea - A single-cell transcriptomic atlas characterizes ageing tissues in the mouse - Smart-seq2,3160
3f56901c-dd4a-47d6-b60b-7b0c0111cfb2,283d65eb-dd53-496d-adb7-7570c7caa443,Transcriptomic diversity of cell types across the adult human brain,10.1101/2022.10.12.511898,Dissection: Head of hippocampus (HiH) - CA1-3,37911
3faad104-2ab8-4434-816d-474d8d2641db,dde06e0f-ab3b-46be-96a2-a8082383c4a1,Single-cell eQTL mapping identifies cell type specific genetic control of autoimmune disease,10.1126/science.abf3041,Single-cell eQTL mapping identifies cell type specific genetic control of autoimmune disease,1248980
4023a2bc-6325-47db-bfdf-9639e91042c2,2d2e2acd-dade-489f-a2da-6c11aa654028,A human fetal lung cell atlas uncovers proximal-distal gradients of differentiation and key regulators of epithelial fates,10.1016/j.cell.2022.11.005,Organoid,9096
40318d39-3d8f-49f4-8455-a2e1365c5c5b,283d65eb-dd53-496d-adb7-7570c7caa443,Transcriptomic diversity of cell types across the adult human brain,10.1101/2022.10.12.511898,Dissection: Basal nuclei (BN) - Nucleus Accumbens - NAC,30132
40569510-2282-461b-84df-6218ef208e0e,283d65eb-dd53-496d-adb7-7570c7caa443,Transcriptomic diversity of cell types across the adult human brain,10.1101/2022.10.12.511898,Dissection: Hypothalamus (HTH) - tuberal region of hypothalamus - HTHtub,13173
40e79234-65e8-45e9-b555-5c663154a108,283d65eb-dd53-496d-adb7-7570c7caa443,Transcriptomic diversity of cell types across the adult human brain,10.1101/2022.10.12.511898,Supercluster: Oligodendrocyte,490246
421e5f54-5de7-425f-b399-34ead0651ce1,283d65eb-dd53-496d-adb7-7570c7caa443,Transcriptomic diversity of cell types across the adult human brain,10.1101/2022.10.12.511898,Dissection: Cerebral cortex (Cx) - Frontal agranular insular cortex - FI,34949
4269074c-f2c1-4d88-b2c3-0946f59d5449,60358420-6055-411d-ba4f-e8ac80682a2e,Spatiotemporal analysis of human intestinal development at single-cell resolution,10.1016/j.cell.2020.12.016,Spatiotemporal analysis of human intestinal development at single-cell resolution: Immune,2199
42b6a476-c51d-4f8b-b68b-44941b3a11bf,db468083-041c-41ca-8f6f-bf991a070adf,Stress-induced RNA–chromatin interactions promote endothelial dysfunction,10.1038/s41467-020-18957-w,scRNA-seq data analysis of endothelium-enriched mesenteric arterial tissues from human donors,11243
42bb7f78-cef8-4b0d-9bba-50037d64d8c1,92fde064-2fb4-41f8-b85c-c6904000b859,A comprehensive mouse kidney atlas enables rare cell population characterization and robust marker discovery,10.1101/2022.07.02.498501,Healthy mouse kidney atlas,141401
42ff5b55-b848-4f4c-b7cb-b8aac107841c,20a1dadf-a3a7-4783-b311-fcff3c457763,Phenotypic variation of transcriptomic cell types in mouse motor cortex,10.1038/s41586-020-2907-3,MGE-derived interneurons integrated with 10X sequencing MOp data,12083
43770b51-4b0e-4180-a83b-e77664c60736,4b54248f-2165-477c-a027-dd55082e8818,Single cell analysis of mouse and human prostate reveals novel fibroblasts with specialized distribution and microenvironment interactions,10.1002/path.5751,Single cell analysis of mouse and human prostate reveals novel fibroblasts with specialized distribution and microenvironment interactions - Mouse Fibromuscular Stromal Cells,5617
43b7e156-65b3-4a7b-8c7a-08528e4b21d0,283d65eb-dd53-496d-adb7-7570c7caa443,Transcriptomic diversity of cell types across the adult human brain,10.1101/2022.10.12.511898,Dissection: Basal forebrain (BF) - substantia innominata and nearby nuclei - SI,38205
44882825-0da1-4547-b721-2c6105d4a9d1,3a2af25b-2338-4266-aad3-aa8d07473f50,Single-cell analysis of human B cell maturation predicts how antibody class switching shapes selection dynamics,10.1126/sciimmunol.abe6291,Human tonsil complete integrated cell set scRNA,32607
44c93f2b-dd66-4d15-81ef-de9394c76290,4796c91c-9d8f-4692-be43-347b1727f9d8,MSK SPECTRUM – Ovarian cancer mutational processes drive site-specific immune evasion,10.1038/s41586-022-05496-1,MSK SPECTRUM - Malignant and non-malignant epithelial cells,211624
4546e757-34d0-4d17-be06-538318925fcd,0b9d8a04-bb9d-44da-aa27-705bb65b54eb,Tabula Muris Senis,10.1038/s41586-020-2496-1,Liver - A single-cell transcriptomic atlas characterizes ageing tissues in the mouse - Smart-seq2,2859
456e8b9b-f872-488b-871d-94534090a865,a72afd53-ab92-4511-88da-252fb0e26b9a,Single-cell atlas of peripheral immune response to SARS-CoV-2 infection,10.1038/s41591-020-0944-y,Single-cell atlas of peripheral immune response to SARS-CoV-2 infection,44721
4593c820-512d-4805-a10f-c0b864a7cc8c,283d65eb-dd53-496d-adb7-7570c7caa443,Transcriptomic diversity of cell types across the adult human brain,10.1101/2022.10.12.511898,Dissection: Amygdaloid complex (AMY) - basolateral nuclear group (BLN) - basomedial nucleus (accessory basal nucleus) - BM,31090
46ff9dc2-3d87-4b36-91aa-ffa8aa13c52e,283d65eb-dd53-496d-adb7-7570c7caa443,Transcriptomic diversity of cell types across the adult human brain,10.1101/2022.10.12.511898,Dissection: Cerebral cortex (Cx) - Anterior parahippocampal gyrus (AG) - Lateral entorhinal cortex - LEC,32745
470565f2-5afc-456a-b617-18e4496c04fd,283d65eb-dd53-496d-adb7-7570c7caa443,Transcriptomic diversity of cell types across the adult human brain,10.1101/2022.10.12.511898,Dissection: Midbrain (RN) - Red Nucleus - RN,4714
471647b3-04fe-4c76-8372-3264feb950e8,793fdaec-5067-428a-a9db-ecefe135c945,Blood and immune development in human fetal bone marrow and Down syndrome,10.1038/s41586-021-03929-x,"CD34+ Fetal Bone Marrow, Fetal Liver, Cord Blood (CITE-seq)",27998
4724c395-0c46-46d2-81f7-60fd271fb488,283d65eb-dd53-496d-adb7-7570c7caa443,Transcriptomic diversity of cell types across the adult human brain,10.1101/2022.10.12.511898,Dissection: Head of hippocampus (HiH) - DG-CA4,35350
48101fa2-1a63-4514-b892-53ea1d3a8657,b1a879f6-5638-48d3-8f64-f6592c1b1561,Mapping the developing human immune system across organs,10.1126/science.abo0510,HSC/immune cells (all hematopoietic-derived cells),589390
482954b2-0456-4901-b379-b62f99c0ab2d,3a2af25b-2338-4266-aad3-aa8d07473f50,Single-cell analysis of human B cell maturation predicts how antibody class switching shapes selection dynamics,10.1126/sciimmunol.abe6291,Human tonsil B cells scRNA,25728
486486d4-9462-43e5-9249-eb43fa5a49a6,62e8f058-9c37-48bc-9200-e767f318a8ec,HTAN MSK - Single cell profiling reveals novel tumor and myeloid subpopulations in small cell lung cancer,10.1016/j.ccell.2021.09.008,T cells,46140
489318a0-24c3-4f5c-b105-f084ed0ea026,63d03351-06be-478e-a0db-f7a653b6b19b,Cell atlas of the human ocular anterior segment: Tissue-specific and shared cell types,10.1073/pnas.2200914119,Lens,13900
489eaa11-c119-4a5f-b44b-81e33c80c0ef,283d65eb-dd53-496d-adb7-7570c7caa443,Transcriptomic diversity of cell types across the adult human brain,10.1101/2022.10.12.511898,Dissection: Cerebral cortex (Cx) - Transverse temporal gyrus (TTG) - Primary auditory cortex - A1C,32790
48b37086-25f7-4ecd-be66-f5bb378e3aea,0b9d8a04-bb9d-44da-aa27-705bb65b54eb,Tabula Muris Senis,10.1038/s41586-020-2496-1,All - A single-cell transcriptomic atlas characterizes ageing tissues in the mouse - 10x,245389
4976b234-9028-4b4b-8a2f-8ac59d636219,283d65eb-dd53-496d-adb7-7570c7caa443,Transcriptomic diversity of cell types across the adult human brain,10.1101/2022.10.12.511898,Dissection: Cerebellum (CB) - Cerebellar Vermis - CBV,71874
49e4ffcc-5444-406d-bdee-577127404ba8,296237e2-393d-4e31-b590-b03f74ac5070,"Mouse pancreatic islet scRNA-seq atlas across sexes, ages, and stress conditions including diabetes",10.1101/2022.12.22.521557,"Mouse pancreatic islet scRNA-seq atlas across sexes, ages, and stress conditions including diabetes",301796
4b6af54a-4a21-46e0-bc8d-673c0561a836,03cdc7f4-bd08-49d0-a395-4487c0e5a168,Emphysema Cell Atlas,10.1016/j.immuni.2023.01.032,non-immune cells,18386
4c4cd77c-8fee-4836-9145-16562a8782fe,b9fc3d70-5a72-4479-a046-c2cc1ab19efc,A Web Portal and Workbench for Biological Dissection of Single Cell COVID-19 Host Responses,10.1016/j.isci.2021.103115,Individual Single-Cell RNA-seq PBMC Data from Lee et al.,43512
4c6f9f26-5470-455b-8933-c408232fbf56,1df8c90d-d299-4b2e-a54d-a5a80f36e780,"Single-cell analyses of renal cell cancers reveal insights into tumor microenvironment, cell of origin, and therapy response",10.1073/pnas.2103240118,"chRCC - Single-cell analyses of renal cell cancers reveal insights into tumor microenvironment, cell of origin, and therapy response",2576
4d2e0563-cf4a-48bd-aa7f-efc26025b53a,60358420-6055-411d-ba4f-e8ac80682a2e,Spatiotemporal analysis of human intestinal development at single-cell resolution,10.1016/j.cell.2020.12.016,Spatiotemporal analysis of human intestinal development at single-cell resolution: Fibroblasts,24081
4d43082e-59cd-43ac-b77d-54d55519c881,283d65eb-dd53-496d-adb7-7570c7caa443,Transcriptomic diversity of cell types across the adult human brain,10.1101/2022.10.12.511898,Dissection: Cerebral cortex (Cx) - Rostral gyrus (RoG) - Dorsal division of MFC - A32,24808
4dd00779-7f73-4f50-89bb-e2d3c6b71b18,33d19f34-87f5-455b-8ca5-9023a2e5453d,Intra- and Inter-cellular Rewiring of the Human Colon during Ulcerative Colitis,10.1016/j.cell.2019.06.029,Intra- and Inter-cellular Rewiring of the Human Colon during Ulcerative Colitis,34772
4e38f019-f8e8-44ae-ad32-ba500de6f64c,939769a8-d8d2-4d01-abfc-55699893fd49,Integration of eQTL and a Single-Cell Atlas in the Human Eye Identifies Causal Genes for Age-Related Macular Degeneration,10.1016/j.celrep.2019.12.082,Bipolar cells of human eye,16540
4e74d843-8d7a-497a-918a-f079ef141b6d,ff668d5d-5b3f-49ee-a007-ff0664bf35ec,Single-cell transcriptome analysis reveals differential nutrient absorption functions in human intestine,10.1084/jem.20191130,Colon,4329
4ed927e9-c099-49af-b8ce-a2652d069333,a3ffde6c-7ad2-498a-903c-d58e732f7470,Single-nucleus cross-tissue molecular reference maps to decipher disease gene function,10.1126/science.abl4290,Single-nucleus cross-tissue molecular reference maps to decipher disease gene function,209126
4fa55ee5-8da4-4d42-9525-1c52d4ce50bf,0b9d8a04-bb9d-44da-aa27-705bb65b54eb,Tabula Muris Senis,10.1038/s41586-020-2496-1,Skin of body - A single-cell transcriptomic atlas characterizes ageing tissues in the mouse - 10x,4454
4fb330ab-2d74-4649-b58f-7ffef457efdf,661a402a-2a5a-4c71-9b05-b346c57bc451,Single-cell roadmap of human gonadal development,10.1038/s41586-022-04918-4,Human Somatic Cell Lineage,191230
5097d77d-08fa-4105-a18f-4072d61522a4,1ca90a2d-2943-483d-b678-b809bf464c30,SEA-AD: Seattle Alzheimer’s Disease Brain Cell Atlas,,Astro - MTG: Seattle Alzheimer's Disease Atlas (SEA-AD),62247
50d79de5-bd17-4d14-a295-199d71ff56be,ae1420fe-6630-46ed-8b3d-cc6056a66467,An integrated transcriptomic and epigenomic atlas of mouse primary motor cortex cell types,10.1038/s41586-021-03500-8,An integrated transcriptomic and epigenomic atlas of mouse primary motor cortex cell types: 10X_nuclei_v3_AIBS,40166
50dc91a1-36b6-472a-b884-7307b6961ab1,283d65eb-dd53-496d-adb7-7570c7caa443,Transcriptomic diversity of cell types across the adult human brain,10.1101/2022.10.12.511898,Supercluster: Bergmann glia,8041
518d9049-2a76-44f8-8abc-1e2b59ab5ba1,5c868b6f-62c5-4532-9d7f-a346ad4b50a7,The landscape of immune dysregulation in Crohn’s disease revealed through single-cell transcriptomic profiling in the ileum and colon,10.1016/j.immuni.2023.01.002,colon immune,152509
524179b0-b406-4723-9c46-293ffa77ca81,0b9d8a04-bb9d-44da-aa27-705bb65b54eb,Tabula Muris Senis,10.1038/s41586-020-2496-1,Kidney - A single-cell transcriptomic atlas characterizes ageing tissues in the mouse - Smart-seq2,1833
524d4513-8afd-4120-9b7b-fe31ae10c29b,62e8f058-9c37-48bc-9200-e767f318a8ec,HTAN MSK - Single cell profiling reveals novel tumor and myeloid subpopulations in small cell lung cancer,10.1016/j.ccell.2021.09.008,SCLC RU1215 epithelial cells,3923
524e045e-e74c-4e00-9884-d5c3bef3d862,44531dd9-1388-4416-a117-af0a99de2294,"Single-Cell, Single-Nucleus, and Spatial RNA Sequencing of the Human Liver Identifies Cholangiocyte and Mesenchymal Heterogeneity",10.1002/hep4.1854,Healthy human liver: hepatic stellate cells,1374
529bb209-9d7b-44da-bfa4-f6e4745c46c2,283d65eb-dd53-496d-adb7-7570c7caa443,Transcriptomic diversity of cell types across the adult human brain,10.1101/2022.10.12.511898,Dissection: Basal nuclei (BN) - Body of the Caudate - CaB,32678
52ea546e-9229-40ef-b048-a2e694dd73e8,283d65eb-dd53-496d-adb7-7570c7caa443,Transcriptomic diversity of cell types across the adult human brain,10.1101/2022.10.12.511898,"Dissection: Cerebral cortex (Cx) - Anterior parahippocampal gyrus, posterior part (APH) - Medial entorhinal cortex - MEC",50362
52f18bc3-52d9-487b-bf8f-f0b7aa684b09,283d65eb-dd53-496d-adb7-7570c7caa443,Transcriptomic diversity of cell types across the adult human brain,10.1101/2022.10.12.511898,Dissection: Midbrain (M) - Substantia Nigra - SN,59505
531c9543-9093-45ed-93ac-ebc5815bfb8a,283d65eb-dd53-496d-adb7-7570c7caa443,Transcriptomic diversity of cell types across the adult human brain,10.1101/2022.10.12.511898,Supercluster: Fibroblast,9156
535e9336-2d8d-43c3-944d-bcbebe20df8a,661a402a-2a5a-4c71-9b05-b346c57bc451,Single-cell roadmap of human gonadal development,10.1038/s41586-022-04918-4,Human Male,133811
53d208b0-2cfd-4366-9866-c3c6114081bc,e5f58829-1a66-40b5-a624-9046778e74f5,Tabula Sapiens,10.1126/science.abl4896,Tabula Sapiens - All Cells,483152
5500c673-1610-40a0-86d9-64d987ae50e6,43b45a20-a969-49ac-a8e8-8c84b211bd01,Integrated adult and foetal heart single-cell RNA sequencing,10.1038/s44161-022-00183-w,Integrated adult and foetal hearts,60668
5695d556-974e-4d92-9e99-5f61b8695313,661a402a-2a5a-4c71-9b05-b346c57bc451,Single-cell roadmap of human gonadal development,10.1038/s41586-022-04918-4,Mouse Germ Cells,10411
56c33a38-2732-4e53-a9c1-1bc61eda9a99,283d65eb-dd53-496d-adb7-7570c7caa443,Transcriptomic diversity of cell types across the adult human brain,10.1101/2022.10.12.511898,Dissection: Cerebral cortex (Cx) - Postcentral gyrus (PoCG) - Primary somatosensory cortex - S1C,38188
56c4912d-2bae-4b64-98f2-af8a84389208,999f2a15-3d7e-440b-96ae-2c806799c08c,"Harmonized single-cell landscape, intercellular crosstalk and tumor architecture of glioblastoma",10.1101/2022.08.27.505439,Extended GBmap,1135677
572f3f3e-d3e4-4d13-8e2b-88215e508481,b52eb423-5d0d-4645-b217-e1c6d38b2e72,Cells of the adult human heart,10.1038/s41586-020-2797-4,Vascular — Cells of the adult human heart,195395
574e9f9e-f8b4-41ef-bf19-89a9964fd9c7,4b54248f-2165-477c-a027-dd55082e8818,Single cell analysis of mouse and human prostate reveals novel fibroblasts with specialized distribution and microenvironment interactions,10.1002/path.5751,Single cell analysis of mouse and human prostate reveals novel fibroblasts with specialized distribution and microenvironment interactions - All Human Cells,83451
576f193c-75d0-4a11-bd25-8676587e6dc2,62e8f058-9c37-48bc-9200-e767f318a8ec,HTAN MSK - Single cell profiling reveals novel tumor and myeloid subpopulations in small cell lung cancer,10.1016/j.ccell.2021.09.008,Combined samples,147137
58679288-9ecc-4647-9781-12a3a8f8c6fd,60358420-6055-411d-ba4f-e8ac80682a2e,Spatiotemporal analysis of human intestinal development at single-cell resolution,10.1016/j.cell.2020.12.016,Spatiotemporal analysis of human intestinal development at single-cell resolution: Myofibroblasts and Mesothelium,2833
58b01044-c5e5-4b0f-8a2d-6ebf951e01ff,e9eec7f5-8519-42f6-99b4-6dbd9cc5ef03,Humoral immunity at the brain borders in homeostasis,10.1016/j.coi.2022.102188,A scRNA-seq atlas of immune cells at the CNS borders,130908
59923449-e303-43e6-9e63-03ef92f5ebd1,283d65eb-dd53-496d-adb7-7570c7caa443,Transcriptomic diversity of cell types across the adult human brain,10.1101/2022.10.12.511898,Supercluster: Miscellaneous,25071
599504e5-d4ad-45bd-9128-823faf0fb9c9,283d65eb-dd53-496d-adb7-7570c7caa443,Transcriptomic diversity of cell types across the adult human brain,10.1101/2022.10.12.511898,Supercluster: Mammillary body,16602
59b69042-47c2-47fd-ad03-d21beb99818f,b9fc3d70-5a72-4479-a046-c2cc1ab19efc,A Web Portal and Workbench for Biological Dissection of Single Cell COVID-19 Host Responses,10.1016/j.isci.2021.103115,Individual Single-Cell RNA-seq PBMC Data from Arunachalam et al.,49139
5a11f879-d1ef-458a-910c-9b0bdfca5ebf,e5f58829-1a66-40b5-a624-9046778e74f5,Tabula Sapiens,10.1126/science.abl4896,Tabula Sapiens - Endothelial,31691
5a73f63f-18a2-49b5-b431-2c469c41a41b,283d65eb-dd53-496d-adb7-7570c7caa443,Transcriptomic diversity of cell types across the adult human brain,10.1101/2022.10.12.511898,Dissection: Thalamus (THM) - medial nuclear complex of thalamus (MNC) - mediodorsal nucleus of thalamus - MD,20916
5ae6ab72-1927-4d5b-9826-86be65791293,1ca90a2d-2943-483d-b678-b809bf464c30,SEA-AD: Seattle Alzheimer’s Disease Brain Cell Atlas,,Sncg - MTG: Seattle Alzheimer's Disease Atlas (SEA-AD),20181
5ba85070-a41c-4184-9c18-cf34c3fd0f62,4b54248f-2165-477c-a027-dd55082e8818,Single cell analysis of mouse and human prostate reveals novel fibroblasts with specialized distribution and microenvironment interactions,10.1002/path.5751,Single cell analysis of mouse and human prostate reveals novel fibroblasts with specialized distribution and microenvironment interactions - Human Fibromuscular Stromal Cells,10742
5bc23cb2-8cfc-4960-bab1-c3027fbeefc4,283d65eb-dd53-496d-adb7-7570c7caa443,Transcriptomic diversity of cell types across the adult human brain,10.1101/2022.10.12.511898,Dissection: Hypothalamus (HTH) - mammillary region of HTH (HTHma) - mammillary nucleus - MN,28155
5bc42b88-bb76-4954-927b-8bb7369adc64,a9254216-6cd8-4186-b32c-349363777584,Single-cell reconstruction of the early maternal–fetal interface in humans,10.1038/s41586-018-0698-6,Pregnant Uterus (All),70325
5cdbb2ea-c622-466d-9ead-7884ad8cb99f,1d1c7275-476a-49e2-9022-ad1b1c793594,Cell Atlas of The Human Fovea and Peripheral Retina,10.1038/s41598-020-66092-9,Amacrine cells of the human fovea and peripheral retina,13607
5ce42b38-d867-487f-9b40-e8bb00b21d0b,5c868b6f-62c5-4532-9d7f-a346ad4b50a7,The landscape of immune dysregulation in Crohn’s disease revealed through single-cell transcriptomic profiling in the ileum and colon,10.1016/j.immuni.2023.01.002,colon epithelial,97788
5e5ab909-f73f-4b57-98a0-6d2c5662f6a4,283d65eb-dd53-496d-adb7-7570c7caa443,Transcriptomic diversity of cell types across the adult human brain,10.1101/2022.10.12.511898,Dissection: Midbrain (M) - Inferior colliculus and nearby nuclei - IC,32306
5e765f97-1cf1-407e-a86c-e28701f4749d,ae1420fe-6630-46ed-8b3d-cc6056a66467,An integrated transcriptomic and epigenomic atlas of mouse primary motor cortex cell types,10.1038/s41586-021-03500-8,An integrated transcriptomic and epigenomic atlas of mouse primary motor cortex cell types: 10X_cells_v3_AIBS,71183
605b89b1-c474-4180-8c0b-88afb5920991,1ca90a2d-2943-483d-b678-b809bf464c30,SEA-AD: Seattle Alzheimer’s Disease Brain Cell Atlas,,L5 IT - MTG: Seattle Alzheimer's Disease Atlas (SEA-AD),113298
6202a243-b713-4e12-9ced-c387f8483dea,0b9d8a04-bb9d-44da-aa27-705bb65b54eb,Tabula Muris Senis,10.1038/s41586-020-2496-1,Liver - A single-cell transcriptomic atlas characterizes ageing tissues in the mouse - 10x,7294
62315937-e268-4fa5-a032-8f7d776f3a3f,2d2e2acd-dade-489f-a2da-6c11aa654028,A human fetal lung cell atlas uncovers proximal-distal gradients of differentiation and key regulators of epithelial fates,10.1016/j.cell.2022.11.005,"T, NK and ILC",4778
6347cc90-f284-41d8-a131-db4a37bd796f,0faa1af6-e504-4b88-a47b-69347e1bace5,Single-cell transcriptomics characterization of oligodendrocytes and microglia in white matter aging,10.1038/s41593-022-01183-6,Single-cell of aged oligodendrocytes,6051
639ffc23-14db-4060-9027-3c90314200f8,283d65eb-dd53-496d-adb7-7570c7caa443,Transcriptomic diversity of cell types across the adult human brain,10.1101/2022.10.12.511898,Dissection: Cerebral cortex (Cx) - Supraparietal lobule (SPL) - Posterosuperior (dorsal) parietal cortex - A5-A7,35290
63bb6359-3945-4658-92eb-3072419953e4,a18474f4-ff1e-4864-af69-270b956cee5b,Single-cell RNA sequencing unifies developmental programs of Esophageal and Gastric Intestinal Metaplasia,10.1158/2159-8290.cd-22-0824,UMAP of T-Cells cells,14970
644a578d-ffdc-446b-9679-e7ab4c919c13,4d74781b-8186-4c9a-b659-ff4dc4601d91,"scRNA-seq assessment of the human lung, spleen, and esophagus tissue stability after cold preservation",10.1186/s13059-019-1906-x,Spleen,94256
64767efb-49b0-4562-a1bd-e619a5d9db41,283d65eb-dd53-496d-adb7-7570c7caa443,Transcriptomic diversity of cell types across the adult human brain,10.1101/2022.10.12.511898,Dissection: Hypothalamus (HTH) - preoptic region of HTH - HTHpo,14979
64f4ad90-a422-400a-944d-4ce0f39594a7,283d65eb-dd53-496d-adb7-7570c7caa443,Transcriptomic diversity of cell types across the adult human brain,10.1101/2022.10.12.511898,Dissection: Pons (Pn) - Pontine Nucleus - PN,33641
6538ce1b-7949-405f-b01c-a2c3e876baee,283d65eb-dd53-496d-adb7-7570c7caa443,Transcriptomic diversity of cell types across the adult human brain,10.1101/2022.10.12.511898,Supercluster: Lower rhombic lip,52650
65badd7a-9262-4fd1-9ce2-eb5dc0ca8039,e75342a8-0f3b-4ec5-8ee1-245a23e0f7cb,Pathogenic variants damage cell composition and single cell transcription in cardiomyopathies,10.1126/science.abo1984,DCM/ACM heart cell atlas: All cells,881081
66ff82b4-9380-469c-bc4b-cfa08eacd325,0b9d8a04-bb9d-44da-aa27-705bb65b54eb,Tabula Muris Senis,10.1038/s41586-020-2496-1,Brain non-myeloid cells - A single-cell transcriptomic atlas characterizes ageing tissues in the mouse,7249
6a270451-b4d9-43e0-aa89-e33aac1ac74b,a48f5033-3438-4550-8574-cdff3263fdfd,HTAN VUMC - Differential pre-malignant programs and microenvironment chart distinct paths to malignancy in human colorectal polyps,10.1016/j.cell.2021.11.031,VAL and DIS datasets: Non-Epithelial,10700
6a30bf44-c490-41ac-965b-0bb58432b10a,b1a879f6-5638-48d3-8f64-f6592c1b1561,Mapping the developing human immune system across organs,10.1126/science.abo0510,HSC/progenitor cells,40420
6acb6637-ac08-4a65-b2d1-581e51dc7ccf,367d95c0-0eb0-4dae-8276-9407239421ee,"Evolution of cellular diversity in primary motor cortex of human, marmoset monkey, and mouse",10.1038/s41586-021-03465-8,"Evolution of cellular diversity in primary motor cortex of human, marmoset monkey, and mouse 4-species integration excitory neurons",7805
6c600df6-ddca-4628-a8bb-1d6de1e3f9b4,180bff9c-c8a5-4539-b13b-ddbc00d643e6,Molecular characterization of selectively vulnerable neurons in Alzheimer's Disease,10.1038/s41593-020-00764-7,Molecular characterization of selectively vulnerable neurons in Alzheimer’s Disease: Superior frontal gyrus,63608
6cf3634d-e911-44ad-bf52-c747a9af3c01,5c868b6f-62c5-4532-9d7f-a346ad4b50a7,The landscape of immune dysregulation in Crohn’s disease revealed through single-cell transcriptomic profiling in the ileum and colon,10.1016/j.immuni.2023.01.002,colon stromal,39433
6dafb698-7a53-4699-ad13-1b5e2c164be7,283d65eb-dd53-496d-adb7-7570c7caa443,Transcriptomic diversity of cell types across the adult human brain,10.1101/2022.10.12.511898,Supercluster: Ependymal,5882
6de332e1-465e-4243-9412-6fdc7497e99d,d5cad3f0-56b6-4fbe-8f2b-be92a8c7820f,Developmental trajectories of thalamic nuclei revealed by single-cell transcriptome profiling and Shh perturbation,10.1101/2022.02.18.481097,e12.5 thalamic progenitors,1789
6e4f871d-fd7c-4909-8c14-e4c9957c2e8f,0b9d8a04-bb9d-44da-aa27-705bb65b54eb,Tabula Muris Senis,10.1038/s41586-020-2496-1,Thymus - A single-cell transcriptomic atlas characterizes ageing tissues in the mouse - 10x,9275
6ed0bb6c-a9e3-4ba6-9436-7c8fd4e206f0,283d65eb-dd53-496d-adb7-7570c7caa443,Transcriptomic diversity of cell types across the adult human brain,10.1101/2022.10.12.511898,Dissection: Cerebral cortex (Cx) - Inferior frontal gyrus (IFG) - Ventrolateral prefrontal cortex - A44-A45,38259
700aed19-c16e-4ba8-9191-07da098a8626,283d65eb-dd53-496d-adb7-7570c7caa443,Transcriptomic diversity of cell types across the adult human brain,10.1101/2022.10.12.511898,Supercluster: Microglia,91838
703f00e6-b996-48e5-bc34-00c41b9876f4,2d2e2acd-dade-489f-a2da-6c11aa654028,A human fetal lung cell atlas uncovers proximal-distal gradients of differentiation and key regulators of epithelial fates,10.1016/j.cell.2022.11.005,PNS,649
70e4f35b-c98c-45a1-9aa9-2053b07315dd,283d65eb-dd53-496d-adb7-7570c7caa443,Transcriptomic diversity of cell types across the adult human brain,10.1101/2022.10.12.511898,Dissection: Basal forebrain (BF) - septal nuclei - SEP,40815
715327a6-7978-4896-ba91-69d6b04dbbfb,283d65eb-dd53-496d-adb7-7570c7caa443,Transcriptomic diversity of cell types across the adult human brain,10.1101/2022.10.12.511898,Dissection: Body of hippocampus (HiB) - Rostral DG-CA4,10411
71be997d-ff75-41b9-8a9f-1288c865f921,62ef75e4-cbea-454e-a0ce-998ec40223d3,Cross-tissue immune cell analysis reveals tissue-specific features in humans,10.1126/science.abl5197,B cell compartment,54934
74520626-b0ba-4ee9-86b5-714649554def,4195ab4c-20bd-4cd3-8b3d-65601277e731,A spatially resolved single cell genomic atlas of the adult human breast,,scRNA-seq data - T cells,76567
75a881cf-5d88-46e2-bf9b-97e5cbc1bd56,180bff9c-c8a5-4539-b13b-ddbc00d643e6,Molecular characterization of selectively vulnerable neurons in Alzheimer's Disease,10.1038/s41593-020-00764-7,Molecular characterization of selectively vulnerable neurons in Alzheimer’s Disease: EC inhibitory neurons,5331
75e6eee5-d0e3-4291-9360-f288ffe6c7c4,1ca90a2d-2943-483d-b678-b809bf464c30,SEA-AD: Seattle Alzheimer’s Disease Brain Cell Atlas,,L5/6 NP - MTG: Seattle Alzheimer's Disease Atlas (SEA-AD),18567
76347874-8801-44bf-9aea-0da21c78c430,62e8f058-9c37-48bc-9200-e767f318a8ec,HTAN MSK - Single cell profiling reveals novel tumor and myeloid subpopulations in small cell lung cancer,10.1016/j.ccell.2021.09.008,SCLC immune cells,16475
76544818-bc5b-4a0d-87d4-40dde89545cb,0b9d8a04-bb9d-44da-aa27-705bb65b54eb,Tabula Muris Senis,10.1038/s41586-020-2496-1,Adipose tissue — A single-cell transcriptomic atlas characterizes ageing tissues in the mouse,6777
76b604f3-bb29-4db7-be2b-6500dc5fbdb7,d5cad3f0-56b6-4fbe-8f2b-be92a8c7820f,Developmental trajectories of thalamic nuclei revealed by single-cell transcriptome profiling and Shh perturbation,10.1101/2022.02.18.481097,e16.5 glutamatergic lineage,4865
77044335-0ac5-4406-9b3f-8cdd3656d67b,283d65eb-dd53-496d-adb7-7570c7caa443,Transcriptomic diversity of cell types across the adult human brain,10.1101/2022.10.12.511898,Dissection: Pons (Pn) - afferent nuclei of cranial nerves in pons - PnAN,23349
773b9b2e-70c8-40be-8cbb-e7b5abab360d,a18474f4-ff1e-4864-af69-270b956cee5b,Single-cell RNA sequencing unifies developmental programs of Esophageal and Gastric Intestinal Metaplasia,10.1158/2159-8290.cd-22-0824,UMAP of Columnar cells,79522
774c18c5-efa1-4dc5-9e5e-2c824bab2e34,558385a4-b7b7-4eca-af0c-9e54d010e8dc,Single-Cell RNAseq analysis of diffuse neoplastic infiltrating cells at the migrating front of human glioblastoma,10.1016/j.celrep.2017.10.030,Infiltrating Neoplastic Cells Human Glioblastoma,3589
77c1c785-809f-4065-8c54-6a0170783256,283d65eb-dd53-496d-adb7-7570c7caa443,Transcriptomic diversity of cell types across the adult human brain,10.1101/2022.10.12.511898,Dissection: Cerebral cortex (Cx) - Subcallosal Gyrus (SCG) - Subgenual (subcallosal) division of MFC - A25,37767
78f10833-3e61-4fad-96c9-4bbd4f14bdfa,0a77d4c0-d5d0-40f0-aa1a-5e1429bcbd7e,A transcriptional cross species map of pancreatic islet cells,10.1016/j.molmet.2022.101595,Cross species map of pancreatic alpha cells,11541
78fd69d2-75e4-4207-819a-563139f273c6,b52eb423-5d0d-4645-b217-e1c6d38b2e72,Cells of the adult human heart,10.1038/s41586-020-2797-4,Ventricular cardiomyocytes — Cells of the adult human heart,125289
7970bd6b-f752-47a9-8643-2af16855ec49,3a2af25b-2338-4266-aad3-aa8d07473f50,Single-cell analysis of human B cell maturation predicts how antibody class switching shapes selection dynamics,10.1126/sciimmunol.abe6291,Human tonsil memory B cells scRNA,21595
79a2344d-eddd-45b1-b376-39eddfab1899,d5cad3f0-56b6-4fbe-8f2b-be92a8c7820f,Developmental trajectories of thalamic nuclei revealed by single-cell transcriptome profiling and Shh perturbation,10.1101/2022.02.18.481097,Atlas of the developing mouse thalamus,249071
79d485a8-b8b1-49f2-85aa-c44e5206aa53,1ca90a2d-2943-483d-b678-b809bf464c30,SEA-AD: Seattle Alzheimer’s Disease Brain Cell Atlas,,L6 IT Car3 - MTG: Seattle Alzheimer's Disease Atlas (SEA-AD),23537
7a0a8891-9a22-4549-a55b-c2aca23c3a2a,283d65eb-dd53-496d-adb7-7570c7caa443,Transcriptomic diversity of cell types across the adult human brain,10.1101/2022.10.12.511898,Supercluster: Hippocampal CA1-3,74979
7b316f62-7fa0-4b95-bac9-e90866038a85,283d65eb-dd53-496d-adb7-7570c7caa443,Transcriptomic diversity of cell types across the adult human brain,10.1101/2022.10.12.511898,Dissection: Amygdaloid complex (AMY) - Central nuclear group - CEN,42699
7b3368a5-c1a0-4973-9e75-d95b4150c7da,2d2e2acd-dade-489f-a2da-6c11aa654028,A human fetal lung cell atlas uncovers proximal-distal gradients of differentiation and key regulators of epithelial fates,10.1016/j.cell.2022.11.005,B cells,4138
7b75b2c4-6d99-40be-9a61-391455d859e6,1d1c7275-476a-49e2-9022-ad1b1c793594,Cell Atlas of The Human Fovea and Peripheral Retina,10.1038/s41598-020-66092-9,Photoreceptor cells of the human fovea and peripheral retina,9070
7bb64315-9e5a-41b9-9235-59acf9642a3e,a18474f4-ff1e-4864-af69-270b956cee5b,Single-cell RNA sequencing unifies developmental programs of Esophageal and Gastric Intestinal Metaplasia,10.1158/2159-8290.cd-22-0824,UMAP of Cancer Data integration,293823
7c1c3d47-3166-43e5-9a95-65ceb2d45f78,283d65eb-dd53-496d-adb7-7570c7caa443,Transcriptomic diversity of cell types across the adult human brain,10.1101/2022.10.12.511898,Dissection: Pons (Pn) - Pontine reticular formation - PnRF,49512
7c6091da-4606-44c7-a2c4-ef896de09e28,0b9d8a04-bb9d-44da-aa27-705bb65b54eb,Tabula Muris Senis,10.1038/s41586-020-2496-1,Mammary gland - A single-cell transcriptomic atlas characterizes ageing tissues in the mouse - 10x,12295
7cd3c321-e487-4b51-a8af-9bf671b59fe5,283d65eb-dd53-496d-adb7-7570c7caa443,Transcriptomic diversity of cell types across the adult human brain,10.1101/2022.10.12.511898,Dissection: Pons (Pn) - other nuclei in pontine tegmentum (XPnTg) - dorsal tegmental nucleus - DTg,26095
7d3ab174-e433-40fc-a352-6fe71b1a19f9,283d65eb-dd53-496d-adb7-7570c7caa443,Transcriptomic diversity of cell types across the adult human brain,10.1101/2022.10.12.511898,Dissection: Amygdaloid complex (AMY) - Basolateral nuclear group (BLN) - lateral nucleus - La,28984
7db0c178-b0a4-442f-ba54-e9e1633a84bb,283d65eb-dd53-496d-adb7-7570c7caa443,Transcriptomic diversity of cell types across the adult human brain,10.1101/2022.10.12.511898,Dissection: Cerebral cortex (Cx) - Parietal operculum (PaO) - Gustatory cortex - A43,42834
8039c63d-08b0-4fc9-af0f-5b57f08ca0da,283d65eb-dd53-496d-adb7-7570c7caa443,Transcriptomic diversity of cell types across the adult human brain,10.1101/2022.10.12.511898,Dissection: Perirhinal cortex (area 35) (A35) - rostral subdivision of area 35 - A35r,17535
804d9a85-665b-45c6-b204-13457fdcc7ac,b1a879f6-5638-48d3-8f64-f6592c1b1561,Mapping the developing human immune system across organs,10.1126/science.abo0510,Megakaryocyte/erythroid cells,149107
80a2c5b6-02e7-4fc0-9f12-179f5247c1bc,e33ffcd3-7cbf-4b8c-b0f4-85587ad5019a,Cells of the human intestinal tract mapped across space and time,10.1038/s41586-021-03852-1,Total - Cells of the human intestinal tract mapped across space and time,428469
80d7111d-f9fe-49fd-871e-6e618312c341,ff668d5d-5b3f-49ee-a007-ff0664bf35ec,Single-cell transcriptome analysis reveals differential nutrient absorption functions in human intestine,10.1084/jem.20191130,Rectum,3797
810ac45f-8969-4698-b42c-652f802f75c2,2d2e2acd-dade-489f-a2da-6c11aa654028,A human fetal lung cell atlas uncovers proximal-distal gradients of differentiation and key regulators of epithelial fates,10.1016/j.cell.2022.11.005,Endothelium,5467
814f2c97-49e4-4a17-be26-fde3c4c57d1b,de13e3e2-23b6-40ed-a413-e9e12d7d3910,A cell atlas of human thymic development defines T cell repertoire formation,10.1126/science.aay3224,Human Stem Cells (LIV and TH) - A cell atlas of human thymic development defines T cell repertoire formation,27589
81e91ff8-f619-4ad1-a0c3-b45e1dc63f68,1ca90a2d-2943-483d-b678-b809bf464c30,SEA-AD: Seattle Alzheimer’s Disease Brain Cell Atlas,,Sst Chodl - MTG: Seattle Alzheimer's Disease Atlas (SEA-AD),1310
821c79aa-044e-40cf-b331-0fe3edd48019,0b9d8a04-bb9d-44da-aa27-705bb65b54eb,Tabula Muris Senis,10.1038/s41586-020-2496-1,Mesenteric fat pad — A single-cell transcriptomic atlas characterizes ageing tissues in the mouse,3014
82f6af6d-5313-439a-9936-5e844be49a70,e02201d7-f49f-401f-baf0-1eb1406546c0,"Early role for a Na+,K+-ATPase (ATP1A3) in brain development",10.1073/pnas.2023333118,Infant human neocortex cells,51878
83b5e943-a1d5-4164-b3f2-f7a37f01b524,e75342a8-0f3b-4ec5-8ee1-245a23e0f7cb,Pathogenic variants damage cell composition and single cell transcription in cardiomyopathies,10.1126/science.abo1984,DCM/ACM heart cell atlas: Neuronal cells,7999
842c6f5d-4a94-4eef-8510-8c792d1124bc,4195ab4c-20bd-4cd3-8b3d-65601277e731,A spatially resolved single cell genomic atlas of the adult human breast,,scRNA-seq data - all cells,714331
84f1a631-910b-4fbb-9f76-d915a07316d2,b52eb423-5d0d-4645-b217-e1c6d38b2e72,Cells of the adult human heart,10.1038/s41586-020-2797-4,Atrial cardiomyocytes — Cells of the adult human heart,23483
856c1b98-5727-49da-bf0f-151bdb8cb056,1a486c4c-c115-4721-8c9f-f9f096e10857,Single-cell transcriptomic atlas of the human retina identifies cell types associated with age-related macular degeneration,10.1038/s41467-019-12780-8,Retina,20091
85c60876-7f35-40c5-a256-7808d84c6ba5,b953c942-f5d8-434f-9da7-e726ba7c1481,Single-soma transcriptomics of tangle-bearing neurons in Alzheimer’s disease,10.1016/j.neuron.2022.06.021,Single-soma transcriptomics of tangle-bearing neurons in Alzheimer’s disease - Excitatory,96129
8623d55f-d91c-41c2-ae68-ed2072fd268d,1d1c7275-476a-49e2-9022-ad1b1c793594,Cell Atlas of The Human Fovea and Peripheral Retina,10.1038/s41598-020-66092-9,Bipolar cells of the human fovea and peripheral retina,25908
86282760-5099-4c71-8cdd-412dcbbbd0b9,793fdaec-5067-428a-a9db-ecefe135c945,Blood and immune development in human fetal bone marrow and Down syndrome,10.1038/s41586-021-03929-x,Fetal Bone Marrow (10x) - Down Syndrome,16743
873ff933-4fda-4936-9a70-67df11af90ac,180bff9c-c8a5-4539-b13b-ddbc00d643e6,Molecular characterization of selectively vulnerable neurons in Alzheimer's Disease,10.1038/s41593-020-00764-7,Molecular characterization of selectively vulnerable neurons in Alzheimer’s Disease: SFG excitatory neurons,15833
87ce26ed-e5d1-44b4-81cc-cc5b709a169f,e3f391f6-5a75-4e96-8450-da47c3d2a939,COVID-19 mRNA vaccine elicits a potent adaptive immune response in the absence of persistent inflammation observed in SARS-CoV-2 infection,,"Circulating Immune cells -- CV19 infection, vaccination and HC",195632
88a01d4a-5197-45be-b5ae-e019aef43376,283d65eb-dd53-496d-adb7-7570c7caa443,Transcriptomic diversity of cell types across the adult human brain,10.1101/2022.10.12.511898,Dissection: Cerebral cortex (Cx) - Superior Temporal Gyrus - STG,40565
88c483bf-477d-4be5-90d3-4fb101dd601f,fbc5881f-1ee3-4ffe-8095-35e15e1a08fc,Urethral luminal epithelia are castration-insensitive cells of the proximal prostate,10.1002/pros.24020,Urethral luminal epithelia are castration-insensitive cells of the proximal prostate - Human Epithelial Cells,25186
899e2906-cdb1-4dcc-8dd8-3e3fead6c910,d5cad3f0-56b6-4fbe-8f2b-be92a8c7820f,Developmental trajectories of thalamic nuclei revealed by single-cell transcriptome profiling and Shh perturbation,10.1101/2022.02.18.481097,e12.5 glutamatergic lineage,8647
8a8aedcb-5bb3-453d-a9f0-f37951ae1515,1ca90a2d-2943-483d-b678-b809bf464c30,SEA-AD: Seattle Alzheimer’s Disease Brain Cell Atlas,,L6b - MTG: Seattle Alzheimer's Disease Atlas (SEA-AD),14786
8b2e5453-faf7-46ea-9073-aea69b283cb7,fbc5881f-1ee3-4ffe-8095-35e15e1a08fc,Urethral luminal epithelia are castration-insensitive cells of the proximal prostate,10.1002/pros.24020,Urethral luminal epithelia are castration-insensitive cells of the proximal prostate - All Human Cells,28847
8ba5453f-7fab-4702-a3a6-4021b1f31a7a,283d65eb-dd53-496d-adb7-7570c7caa443,Transcriptomic diversity of cell types across the adult human brain,10.1101/2022.10.12.511898,Supercluster: Thalamic excitatory,85546
8c42cfd0-0b0a-46d5-910c-fc833d83c45e,5d445965-6f1a-4b68-ba3a-b8f765155d3a,A molecular cell atlas of the human lung from single cell RNA sequencing,10.1038/s41586-020-2922-4,"Krasnow Lab Human Lung Cell Atlas, 10X",65662
8c6ed88f-11bf-4159-bad7-ff41fb1e1eca,1ca90a2d-2943-483d-b678-b809bf464c30,SEA-AD: Seattle Alzheimer’s Disease Brain Cell Atlas,,Chandelier - MTG: Seattle Alzheimer's Disease Atlas (SEA-AD),9893
8d8411b2-eb8c-4d8b-9cf1-c605de44d1e6,d5cad3f0-56b6-4fbe-8f2b-be92a8c7820f,Developmental trajectories of thalamic nuclei revealed by single-cell transcriptome profiling and Shh perturbation,10.1101/2022.02.18.481097,e14.5 glutamatergic lineage,8863
8e47ed12-c658-4252-b126-381df8d52a3d,17481d16-ee44-49e5-bcf0-28c0780d8c4a,Single-Cell Sequencing of Developing Human Gut Reveals Transcriptional Links to Childhood Crohn’s Disease,10.1016/j.devcel.2020.11.010,Paediatric Human Gut (4-14y),22502
8f10185b-e0b3-46a5-8706-7f1799225d79,af893e86-8e9f-41f1-a474-ef05359b1fb7,Single-cell transcriptomic atlas for adult human retina,10.2139/ssrn.3991078,Bipolar cells in human retina,53040
8f1bc86b-7976-4826-8602-f5266160ad86,0b9d8a04-bb9d-44da-aa27-705bb65b54eb,Tabula Muris Senis,10.1038/s41586-020-2496-1,Brown adipose tissue — A single-cell transcriptomic atlas characterizes ageing tissues in the mouse,2223
8f48c031-6692-4c82-b6c2-e4ad35cbc0aa,283d65eb-dd53-496d-adb7-7570c7caa443,Transcriptomic diversity of cell types across the adult human brain,10.1101/2022.10.12.511898,Supercluster: LAMP5-LHX6 and Chandelier,45118
8faa2c07-0080-4627-b1d7-e645a780d752,44531dd9-1388-4416-a117-af0a99de2294,"Single-Cell, Single-Nucleus, and Spatial RNA Sequencing of the Human Liver Identifies Cholangiocyte and Mesenchymal Heterogeneity",10.1002/hep4.1854,Healthy human liver: hepatocytes,50259
8fcf0ccc-67b2-43a3-90be-075f85169bef,6ff3401b-d72c-4940-a00c-3f0792397082,SARS-CoV-2 receptor ACE2 and TMPRSS2 are primarily expressed in bronchial transient secretory cells,10.15252/embj.20105114,Airway,17451
900fdf13-150d-4695-9f8c-4c09105ba2eb,283d65eb-dd53-496d-adb7-7570c7caa443,Transcriptomic diversity of cell types across the adult human brain,10.1101/2022.10.12.511898,Dissection: Pons (Pn) - efferent nuclei of cranial nerves in pons - PnEN,47416
90d4a63b-5c02-43eb-acde-c49345681601,d36ca85c-3e8b-444c-ba3e-a645040c6185,A molecular atlas of the human postmenopausal fallopian tube and ovary from single-cell RNA and ATAC sequencing,10.1016/j.celrep.2022.111838,Fallopian tube RNA,60574
93131426-0124-4ab4-a013-9dfbcd99d467,283d65eb-dd53-496d-adb7-7570c7caa443,Transcriptomic diversity of cell types across the adult human brain,10.1101/2022.10.12.511898,Dissection: Epithalamus - ETH,24327
9372df2d-13d6-4fac-980b-919a5b7eb483,283d65eb-dd53-496d-adb7-7570c7caa443,Transcriptomic diversity of cell types across the adult human brain,10.1101/2022.10.12.511898,Dissection: Midbrain (M) - Periaqueductal gray and nearby nuclei - PAG,33794
93966790-bbfa-420f-aa85-bc5ca51d9c96,0b9d8a04-bb9d-44da-aa27-705bb65b54eb,Tabula Muris Senis,10.1038/s41586-020-2496-1,Bladder lumen - A single-cell transcriptomic atlas characterizes ageing tissues in the mouse - 10x,8945
9434b020-de42-43eb-bcc4-542b2be69015,e75342a8-0f3b-4ec5-8ee1-245a23e0f7cb,Pathogenic variants damage cell composition and single cell transcription in cardiomyopathies,10.1126/science.abo1984,DCM/ACM heart cell atlas: Macrophages,59217
94423ec1-21f8-40e8-b5c9-c3ea82350ca4,a18474f4-ff1e-4864-af69-270b956cee5b,Single-cell RNA sequencing unifies developmental programs of Esophageal and Gastric Intestinal Metaplasia,10.1158/2159-8290.cd-22-0824,UMAP of Myeloid cells,3282
949ec7fc-ac54-47c9-bb6f-ee9e67688cce,283d65eb-dd53-496d-adb7-7570c7caa443,Transcriptomic diversity of cell types across the adult human brain,10.1101/2022.10.12.511898,Dissection: Cerebral cortex (Cx) - Short insular gyri - Granular insular cortex - Ig,38937
968885c5-b652-48d9-9006-c34b5fc1c07a,32f2fd23-ec74-486f-9544-e5b2f41725f5,Mapping the temporal and spatial dynamics of the human endometrium in vivo and in vitro,10.1038/s41588-021-00972-2,Non-pregnant Uterus (Endometrium - Epithelial),10729
96a3f64b-0ee9-40d8-91e9-813ce38261c9,b9fc3d70-5a72-4479-a046-c2cc1ab19efc,A Web Portal and Workbench for Biological Dissection of Single Cell COVID-19 Host Responses,10.1016/j.isci.2021.103115,COVID-19 Immune Altas: Integration of 5 public COVID-19 PBMC single-cell datasets,239696
975e13b6-bec1-4eed-b46a-9be1f1357373,48259aa8-f168-4bf5-b797-af8e88da6637,Human breast cell atlas,10.1101/2023.04.21.537845,HBCA - epithelial,353167
97a17473-e2b1-4f31-a544-44a60773e2dd,e5f58829-1a66-40b5-a624-9046778e74f5,Tabula Sapiens,10.1126/science.abl4896,Tabula Sapiens - Epithelial,104148
97d9238c-1a39-4873-b0bb-963ec2d788e6,4796c91c-9d8f-4692-be43-347b1727f9d8,MSK SPECTRUM – Ovarian cancer mutational processes drive site-specific immune evasion,10.1038/s41586-022-05496-1,MSK SPECTRUM - Dendritic cells,24025
98113e7e-f586-4065-a26a-60aa702f8d1c,283d65eb-dd53-496d-adb7-7570c7caa443,Transcriptomic diversity of cell types across the adult human brain,10.1101/2022.10.12.511898,Supercluster: Deep-layer intratelencephalic,228467
9813a1d4-d107-459e-9b2e-7687be935f69,b953c942-f5d8-434f-9da7-e726ba7c1481,Single-soma transcriptomics of tangle-bearing neurons in Alzheimer’s disease,10.1016/j.neuron.2022.06.021,Single-soma transcriptomics of tangle-bearing neurons in Alzheimer’s disease - Inhibitory,23197
98ad5247-68f8-42f8-b8e5-7938cb373a91,0b9d8a04-bb9d-44da-aa27-705bb65b54eb,Tabula Muris Senis,10.1038/s41586-020-2496-1,Tongue - A single-cell transcriptomic atlas characterizes ageing tissues in the mouse - 10x,20680
98e5ea9f-16d6-47ec-a529-686e76515e39,0b9d8a04-bb9d-44da-aa27-705bb65b54eb,Tabula Muris Senis,10.1038/s41586-020-2496-1,All - A single-cell transcriptomic atlas characterizes ageing tissues in the mouse - Smart-seq2,110824
9968be68-ab65-4a38-9e1a-c9b6abece194,dfc09a93-bce0-4c77-893d-e153d1b7f9fa,Charting human development using a multi-endodermal organ atlas and organoid models,10.1016/j.cell.2021.04.028,Developing Human Atlas,155232
99950e99-2758-41d2-b2c9-643edcdf6d82,968834a0-1895-40df-8720-666029b3bbac,Single cell RNA sequencing of follicular lymphoma,10.1158/2643-3230.BCD-21-0075,Single cell RNA sequencing of follicular lymphoma,137147
9a281de7-cee5-4e80-8584-1929f46f152f,63d03351-06be-478e-a0db-f7a653b6b19b,Cell atlas of the human ocular anterior segment: Tissue-specific and shared cell types,10.1073/pnas.2200914119,Iris,57422
9b188f26-c8e1-4a78-af15-622a35a371fc,a18474f4-ff1e-4864-af69-270b956cee5b,Single-cell RNA sequencing unifies developmental programs of Esophageal and Gastric Intestinal Metaplasia,10.1158/2159-8290.cd-22-0824,UMAP of Fibroblasts cells,5754
9b686bb6-1427-4e13-b451-7ee961115cf9,367d95c0-0eb0-4dae-8276-9407239421ee,"Evolution of cellular diversity in primary motor cortex of human, marmoset monkey, and mouse",10.1038/s41586-021-03465-8,"Evolution of cellular diversity in primary motor cortex of human, marmoset monkey, and mouse 3-species integration non-nuerons",1705
9bb9596d-f23f-4558-912f-d4dc7d52721b,20a1dadf-a3a7-4783-b311-fcff3c457763,Phenotypic variation of transcriptomic cell types in mouse motor cortex,10.1038/s41586-020-2907-3,CGE-derived interneurons integrated with 10X sequencing MOp data,15511
9c4c8515-8f82-4c72-b0c6-f87647b00bbe,0a77d4c0-d5d0-40f0-aa1a-5e1429bcbd7e,A transcriptional cross species map of pancreatic islet cells,10.1016/j.molmet.2022.101595,Cross species map of pancreatic beta cells,11923
9cfee1e6-b24f-433d-a269-f01841655d6a,939769a8-d8d2-4d01-abfc-55699893fd49,Integration of eQTL and a Single-Cell Atlas in the Human Eye Identifies Causal Genes for Age-Related Macular Degeneration,10.1016/j.celrep.2019.12.082,Retinal pigment epithelial cells of human eye,1635
9d584fcb-a28a-4b91-a886-ceb66a88ef81,b52eb423-5d0d-4645-b217-e1c6d38b2e72,Cells of the adult human heart,10.1038/s41586-020-2797-4,Fibroblasts — Cells of the adult human heart,59341
9d5df009-eb76-43a3-b6cd-22017cc53700,60358420-6055-411d-ba4f-e8ac80682a2e,Spatiotemporal analysis of human intestinal development at single-cell resolution,10.1016/j.cell.2020.12.016,Spatiotemporal analysis of human intestinal development at single-cell resolution: All cells,76592
9d8e5dca-03a3-457d-b7fb-844c75735c83,6b701826-37bb-4356-9792-ff41fc4c3161,Abdominal White Adipose Tissue,,22 integrated samples,72335
9dbab10c-118d-496b-966a-67f1763a6b7d,0a839c4b-10d0-4d64-9272-684c49a2c8ba,COVID-19 immune features revealed by a large-scale single-cell transcriptome atlas,10.1016/j.cell.2021.01.053,Large-scale single-cell analysis reveals critical immune characteristics of COVID-19 patients,1462702
9ddea8d9-cc4c-420a-90f6-880996f808d4,32f2fd23-ec74-486f-9544-e5b2f41725f5,Mapping the temporal and spatial dynamics of the human endometrium in vivo and in vitro,10.1038/s41588-021-00972-2,Non-pregnant Uterus (Endometrium - All),100307
9df60c57-fdf3-4e93-828e-fe9303f20438,9b02383a-9358-4f0f-9795-a891ec523bcc,Single cell transcriptional and chromatin accessibility profiling redefine cellular heterogeneity in the adult human kidney,10.1038/s41467-021-22368-w,Single cell transcriptional and chromatin accessibility profiling redefine cellular heterogeneity in the adult human kidney - RNAseq,19985
9ea768a2-87ab-46b6-a73d-c4e915f25af3,120e86b4-1195-48c5-845b-b98054105eec,Spatiotemporal immune zonation of the human kidney,10.1126/science.aat5031,Mature kidney dataset: full,40268
9ec335f2-420a-45a8-b45a-1ab646e50041,283d65eb-dd53-496d-adb7-7570c7caa443,Transcriptomic diversity of cell types across the adult human brain,10.1101/2022.10.12.511898,Supercluster: Hippocampal CA4,10654
9ec34295-ab16-47e2-af33-b884143e520b,283d65eb-dd53-496d-adb7-7570c7caa443,Transcriptomic diversity of cell types across the adult human brain,10.1101/2022.10.12.511898,"Dissection: Midbrain (M) - Substantia Nigra, Red Nucleus, and nearby nuclei - SN-RN",49110
9f049476-2431-4645-a2d6-f6e85892b603,44531dd9-1388-4416-a117-af0a99de2294,"Single-Cell, Single-Nucleus, and Spatial RNA Sequencing of the Human Liver Identifies Cholangiocyte and Mesenchymal Heterogeneity",10.1002/hep4.1854,Healthy human liver: cholangiocytes,1861
9f1049ac-f8b7-45ad-8e31-6e96c3e5058f,180bff9c-c8a5-4539-b13b-ddbc00d643e6,Molecular characterization of selectively vulnerable neurons in Alzheimer's Disease,10.1038/s41593-020-00764-7,Molecular characterization of selectively vulnerable neurons in Alzheimer’s Disease: EC microglia,5572
9f222629-9e39-47d0-b83f-e08d610c7479,6f6d381a-7701-4781-935c-db10d30de293,The integrated Human Lung Cell Atlas,10.1101/2022.03.10.483747,An integrated cell atlas of the human lung in health and disease (full),2282447
9f499d32-400d-4c42-ac9a-fb1481844fee,283d65eb-dd53-496d-adb7-7570c7caa443,Transcriptomic diversity of cell types across the adult human brain,10.1101/2022.10.12.511898,Dissection: Tail of Hippocampus (HiT) - Caudal Hippocampus - CA4-DGC,56367
9ff99bf8-2524-4ab5-ab6e-4bc218e4a449,63d03351-06be-478e-a0db-f7a653b6b19b,Cell atlas of the human ocular anterior segment: Tissue-specific and shared cell types,10.1073/pnas.2200914119,Integrated data,42901
a0d173dd-bb10-4d13-8b9a-e13a4ee83c8c,1ca90a2d-2943-483d-b678-b809bf464c30,SEA-AD: Seattle Alzheimer’s Disease Brain Cell Atlas,,Vip - MTG: Seattle Alzheimer's Disease Atlas (SEA-AD),94828
a13bda79-9134-46c9-9ed1-a2858be9aafe,661a402a-2a5a-4c71-9b05-b346c57bc451,Single-cell roadmap of human gonadal development,10.1038/s41586-022-04918-4,Mouse Male,32889
a14a995b-2f1d-40df-8f61-ab2754cac630,d5cad3f0-56b6-4fbe-8f2b-be92a8c7820f,Developmental trajectories of thalamic nuclei revealed by single-cell transcriptome profiling and Shh perturbation,10.1101/2022.02.18.481097,e18.5 glutamatergic lineage,5729
a19b218b-1c0a-4618-b41f-7c216c623ec6,283d65eb-dd53-496d-adb7-7570c7caa443,Transcriptomic diversity of cell types across the adult human brain,10.1101/2022.10.12.511898,Dissection: Cerebral cortex (Cx) - Posterior parahippocampal gyrus (PPH) - TH-TL,40677
a1b9c51e-a408-4f7f-bccb-abefe20ae2a5,fcb3d1c1-03d2-41ac-8229-458e072b7a1c,Live Human Microglia Single-cell RNA-seq,10.1038/s41467-020-19737-2,Olah et al (2020) Single-cell Human Microglia,16245
a37f857c-779f-464e-9310-3db43a1811e7,5c868b6f-62c5-4532-9d7f-a346ad4b50a7,The landscape of immune dysregulation in Crohn’s disease revealed through single-cell transcriptomic profiling in the ileum and colon,10.1016/j.immuni.2023.01.002,TI immune,201072
a4116666-d295-4443-a174-0acc283f92c4,283d65eb-dd53-496d-adb7-7570c7caa443,Transcriptomic diversity of cell types across the adult human brain,10.1101/2022.10.12.511898,Dissection: Midbrain (M) - Superior colliculus and nearby nuclei - SC,29907
a4157949-6f2a-40e2-b960-63f6e2bde918,63d03351-06be-478e-a0db-f7a653b6b19b,Cell atlas of the human ocular anterior segment: Tissue-specific and shared cell types,10.1073/pnas.2200914119,Central Cornea,37485
a43aa46b-bd16-47fe-bc3e-19a052624e79,bd5230f4-cd76-4d35-9ee5-89b3e7475659,Single cell RNA sequencing of human liver reveals distinct intrahepatic macrophage populations,10.1038/s41467-018-06318-7,Liver,8444
a49d9109-1d0c-4b36-8139-19aa9a83428c,44531dd9-1388-4416-a117-af0a99de2294,"Single-Cell, Single-Nucleus, and Spatial RNA Sequencing of the Human Liver Identifies Cholangiocyte and Mesenchymal Heterogeneity",10.1002/hep4.1854,Healthy human liver: lymphocytes,2346
a51c6ece-5731-4128-8c1e-5060e80c69e4,13d1c580-4b17-4b2e-85c4-75b36917413f,Single cell derived mRNA signals across human kidney tumors,10.1038/s41467-021-23949-5,fetal,27203
a539c7af-fb65-44b1-8812-000b097eac99,0faa1af6-e504-4b88-a47b-69347e1bace5,Single-cell transcriptomics characterization of oligodendrocytes and microglia in white matter aging,10.1038/s41593-022-01183-6,Microglia - 24 months old wild-type and Rag1-KO,15601
a56f1a6b-071c-4780-9832-33ca9b8fb391,283d65eb-dd53-496d-adb7-7570c7caa443,Transcriptomic diversity of cell types across the adult human brain,10.1101/2022.10.12.511898,Supercluster: Hippocampal dentate gyrus,67533
a59ba9fa-1407-4f15-8c56-d3637421570d,283d65eb-dd53-496d-adb7-7570c7caa443,Transcriptomic diversity of cell types across the adult human brain,10.1101/2022.10.12.511898,Dissection: Cerebellum (CB) - Lateral hemisphere of cerebellum - CBL,28028
a5b5d1f3-dd8b-44f6-a685-15f0f741c062,283d65eb-dd53-496d-adb7-7570c7caa443,Transcriptomic diversity of cell types across the adult human brain,10.1101/2022.10.12.511898,Dissection: Thalamus (THM) - Subthalamic nucleus and nearby - STH,20162
a5d95a42-0137-496f-8a60-101e17f263c8,bf325905-5e8e-42e3-933d-9a9053e9af80,Single-cell Atlas of common variable immunodeficiency shows germinal center-associated epigenetic dysregulation in B-cell responses,10.1038/s41467-022-29450-x,Steady-state B cells - scRNA-seq,1324
a6388a6f-6076-401b-9b30-7d4306a20035,4195ab4c-20bd-4cd3-8b3d-65601277e731,A spatially resolved single cell genomic atlas of the adult human breast,,scRNA-seq data - myeloid cells,30789
a6626b73-a0de-4dee-99aa-2559ab05af11,0b9d8a04-bb9d-44da-aa27-705bb65b54eb,Tabula Muris Senis,10.1038/s41586-020-2496-1,Gonadal fat pad — A single-cell transcriptomic atlas characterizes ageing tissues in the mouse,3406
a6858c10-c52a-4a1d-bc12-a90dbd51ca66,62e8f058-9c37-48bc-9200-e767f318a8ec,HTAN MSK - Single cell profiling reveals novel tumor and myeloid subpopulations in small cell lung cancer,10.1016/j.ccell.2021.09.008,Epithelial cells,64091
a68b64d8-aee3-4947-81b7-36b8fe5a44d2,e5f58829-1a66-40b5-a624-9046778e74f5,Tabula Sapiens,10.1126/science.abl4896,Tabula Sapiens - Stromal,82478
a7ace090-1ba1-47f2-8def-6e11298b7816,0b9d8a04-bb9d-44da-aa27-705bb65b54eb,Tabula Muris Senis,10.1038/s41586-020-2496-1,Limb muscle - A single-cell transcriptomic atlas characterizes ageing tissues in the mouse - 10x,28867
a7b4f565-691d-43ea-bf4a-d2d1d52bb4b4,283d65eb-dd53-496d-adb7-7570c7caa443,Transcriptomic diversity of cell types across the adult human brain,10.1101/2022.10.12.511898,Dissection: Thalamus (THM) - Lateral nuclear complex of thalamus (LNC) - ventral group of lateral nucleus - VLN,27111
a810e511-c18b-4b2a-8fdf-98a6a0d433a7,fbc5881f-1ee3-4ffe-8095-35e15e1a08fc,Urethral luminal epithelia are castration-insensitive cells of the proximal prostate,10.1002/pros.24020,Urethral luminal epithelia are castration-insensitive cells of the proximal prostate - Mouse Fibromuscular Stromal Cells,1647
a84face4-eb30-4f43-994f-c6a13a097808,283d65eb-dd53-496d-adb7-7570c7caa443,Transcriptomic diversity of cell types across the adult human brain,10.1101/2022.10.12.511898,"Dissection: Cerebral cortex (Cx) - Cingulate gyrus, retrosplenial (CgGrs) - A29-A30",34078
a9affc92-a291-4eb9-996f-147392132323,ae1420fe-6630-46ed-8b3d-cc6056a66467,An integrated transcriptomic and epigenomic atlas of mouse primary motor cortex cell types,10.1038/s41586-021-03500-8,An integrated transcriptomic and epigenomic atlas of mouse primary motor cortex cell types: 10X_nuclei_v3_Broad,159738
aa633105-e8e5-4dcc-b72d-6da6c191b3e9,b1a879f6-5638-48d3-8f64-f6592c1b1561,Mapping the developing human immune system across organs,10.1126/science.abo0510,NK/T cells,172175
aad97cb5-f375-45ef-ae9d-178e7f5d5180,af893e86-8e9f-41f1-a474-ef05359b1fb7,Single-cell transcriptomic atlas for adult human retina,10.2139/ssrn.3991078,Retinal ganglion cells in human retina,11617
ab5b2256-b209-48b5-a801-c5d9a8c0de56,939769a8-d8d2-4d01-abfc-55699893fd49,Integration of eQTL and a Single-Cell Atlas in the Human Eye Identifies Causal Genes for Age-Related Macular Degeneration,10.1016/j.celrep.2019.12.082,Non-neuronal cells of human eye,8193
ac0fee7e-0999-4319-b244-20278e1ff2fb,1ca90a2d-2943-483d-b678-b809bf464c30,SEA-AD: Seattle Alzheimer’s Disease Brain Cell Atlas,,L4 IT - MTG: Seattle Alzheimer's Disease Atlas (SEA-AD),148532
ac2fea99-ce08-4fca-8d03-a19f37bf21a3,661a402a-2a5a-4c71-9b05-b346c57bc451,Single-cell roadmap of human gonadal development,10.1038/s41586-022-04918-4,Human Immune Cell Lineage,20556
acae7679-d077-461c-b857-ee6ccfeb267f,283d65eb-dd53-496d-adb7-7570c7caa443,Transcriptomic diversity of cell types across the adult human brain,10.1101/2022.10.12.511898,Dissection: Head of hippocampus (HiH) - CA1,39147
acf818eb-f6d2-42b9-bb1d-475aa9cff2bb,fc77d2ae-247d-44d7-aa24-3f4859254c2c,Cellular heterogeneity of human fallopian tubes in normal and hydrosalpinx disease states identified by scRNA-seq,10.1101/2021.09.16.460628,scRNA-seq analysis of ciliated cells of healthy human fallopian tubes,2798
adda0684-f8ea-4403-b393-2a25607077c4,283d65eb-dd53-496d-adb7-7570c7caa443,Transcriptomic diversity of cell types across the adult human brain,10.1101/2022.10.12.511898,Dissection: Thalamus (THM) - posterior nuclear complex of thalamus (PoN) - medial geniculate nuclei (MG),14226
ae29ebd0-1973-40a4-a6af-d15a5f77a80f,62ef75e4-cbea-454e-a0ce-998ec40223d3,Cross-tissue immune cell analysis reveals tissue-specific features in humans,10.1126/science.abl5197,T & innate lymphoid cells,216611
ae4f8ddd-cac9-4172-9681-2175da462f2e,c8565c6a-01a1-435b-a549-f11b452a83a8,Human developing neocortex by area,10.1038/s41586-021-03910-8,Second Trimester Human Developing Brain Regions and Cortical Areas,457965
ae5341b8-60fb-4fac-86db-86e49ee66287,b9fc3d70-5a72-4479-a046-c2cc1ab19efc,A Web Portal and Workbench for Biological Dissection of Single Cell COVID-19 Host Responses,10.1016/j.isci.2021.103115,Individual Single-Cell RNA-seq PBMC Data from Guo et al.,14783
af8b241a-c72c-4470-b1a4-80e7336c6ab6,f8057c47-fcd8-4fcf-88b0-e2f930080f6e,Single-cell transcriptomics of the human retinal pigment epithelium and choroid in health and macular degeneration,10.1073/pnas.1914143116,Retina,4335
b03e4ef8-4e6b-47f4-84a7-e8ed033d08cd,74e10dc4-cbb2-4605-a189-8a1cd8e44d8c,Spatial proteogenomics reveals distinct and evolutionarily conserved hepatic macrophage niches,10.1016/j.cell.2021.12.018,Lymphoid cells from human liver dataset,105790
b07fb54c-d7ad-4995-8bb0-8f3d8611cabe,4d74781b-8186-4c9a-b659-ff4dc4601d91,"scRNA-seq assessment of the human lung, spleen, and esophagus tissue stability after cold preservation",10.1186/s13059-019-1906-x,Esophagus Epithelium,87947
b0e547f0-462b-4f81-b31b-5b0a5d96f537,ced320a1-29f3-47c1-a735-513c7084d508,Asian Immune Diversity Atlas (AIDA),,"AIDA Phase 1: Chinese, Indian, Japanese, Korean, and Malay donors in Japan, Singapore, and South Korea",1058909
b165f033-9dec-468a-9248-802fc6902a74,283d65eb-dd53-496d-adb7-7570c7caa443,Transcriptomic diversity of cell types across the adult human brain,10.1101/2022.10.12.511898,All non-neuronal cells,888263
b252b015-b488-4d5c-b16e-968c13e48a2c,4796c91c-9d8f-4692-be43-347b1727f9d8,MSK SPECTRUM – Ovarian cancer mutational processes drive site-specific immune evasion,10.1038/s41586-022-05496-1,MSK SPECTRUM – All cells,929690
b3a5a10f-b1cb-4e8e-abce-bf345448625b,93eebe82-d8c3-41bc-a906-63b5b5f24a9d,Single-cell proteo-genomic reference maps of the hematopoietic system enable the purification and massive profiling of precisely defined cell states,10.1038/s41590-021-01059-0,15 leukemic bone marrow donors,31586
b46237d1-19c6-4af2-9335-9854634bad16,17481d16-ee44-49e5-bcf0-28c0780d8c4a,Single-Cell Sequencing of Developing Human Gut Reveals Transcriptional Links to Childhood Crohn’s Disease,10.1016/j.devcel.2020.11.010,Fetal Human Gut (6-11 PCW),62849
b47cf863-d90d-4fe5-a1eb-1a4785a3e329,62e8f058-9c37-48bc-9200-e767f318a8ec,HTAN MSK - Single cell profiling reveals novel tumor and myeloid subpopulations in small cell lung cancer,10.1016/j.ccell.2021.09.008,Myeloid SCLC samples only,2951
b5191f01-f67d-44b8-bc8d-511a4ecd07bb,e3f391f6-5a75-4e96-8450-da47c3d2a939,COVID-19 mRNA vaccine elicits a potent adaptive immune response in the absence of persistent inflammation observed in SARS-CoV-2 infection,,"innate T cells -- CV19 infection, vaccination and HC",33415
b6203114-e133-458a-aed5-eed1028378b4,367d95c0-0eb0-4dae-8276-9407239421ee,"Evolution of cellular diversity in primary motor cortex of human, marmoset monkey, and mouse",10.1038/s41586-021-03465-8,"Evolution of cellular diversity in primary motor cortex of human, marmoset monkey, and mouse 3-species integration excitory neurons",7805
b693123e-95e6-4331-8b50-f367489a767e,fc77d2ae-247d-44d7-aa24-3f4859254c2c,Cellular heterogeneity of human fallopian tubes in normal and hydrosalpinx disease states identified by scRNA-seq,10.1101/2021.09.16.460628,scRNA-seq analysis of human fallopian tubes in healthy Vs. hydrosalphinx states,77536
b74100ea-1a1a-486a-9cad-70ae44150935,1ca90a2d-2943-483d-b678-b809bf464c30,SEA-AD: Seattle Alzheimer’s Disease Brain Cell Atlas,,L2/3 IT - MTG: Seattle Alzheimer's Disease Atlas (SEA-AD),289193
b8681124-aabf-4904-b9c9-66d834bf5bba,283d65eb-dd53-496d-adb7-7570c7caa443,Transcriptomic diversity of cell types across the adult human brain,10.1101/2022.10.12.511898,Dissection: Thalamus (THM) - medial nuclear complex of thalamus (MNC) - mediodorsal nucleus of thalamus + reuniens nucleus (medioventral nucleus) of thalamus - MD + Re,13382
b8c618e5-4b3d-4566-8a3f-7e40047f5c54,0b9d8a04-bb9d-44da-aa27-705bb65b54eb,Tabula Muris Senis,10.1038/s41586-020-2496-1,Kidney - A single-cell transcriptomic atlas characterizes ageing tissues in the mouse - 10x,21647
b94e3bdf-a385-49cc-b312-7a63cc28b77a,180bff9c-c8a5-4539-b13b-ddbc00d643e6,Molecular characterization of selectively vulnerable neurons in Alzheimer's Disease,10.1038/s41593-020-00764-7,Molecular characterization of selectively vulnerable neurons in Alzheimer’s Disease: SFG astrocytes,5970
babbf9f3-f482-45a5-ba76-c41f4c2f503e,2f4c738f-e2f3-4553-9db2-0582a38ea4dc,Cell Types of the Human Retina and Its Organoids at Single-Cell Resolution,10.1016/j.cell.2020.08.013,Fovea - Cell Types of the Human Retina and Its Organoids at Single-Cell Resolution,19768
bac09168-940b-4b11-8d55-b4955f80b98d,283d65eb-dd53-496d-adb7-7570c7caa443,Transcriptomic diversity of cell types across the adult human brain,10.1101/2022.10.12.511898,Dissection: Head of hippocampus (HiH) - CA2-3,12461
bbd16004-09e8-4b6c-b465-73ff83a52837,60358420-6055-411d-ba4f-e8ac80682a2e,Spatiotemporal analysis of human intestinal development at single-cell resolution,10.1016/j.cell.2020.12.016,Spatiotemporal analysis of human intestinal development at single-cell resolution: Neural,4144
bc2a7b3d-f04e-477e-96c9-9d5367d5425c,b9fc3d70-5a72-4479-a046-c2cc1ab19efc,A Web Portal and Workbench for Biological Dissection of Single Cell COVID-19 Host Responses,10.1016/j.isci.2021.103115,T Cell and NK Cell Subtypes of COVID-19 Immune Altas: Integration of 5 public COVID-19 PBMC single-cell datasets,109995
bc7260e0-54cf-4b0b-823d-93f5b850f757,1d1c7275-476a-49e2-9022-ad1b1c793594,Cell Atlas of The Human Fovea and Peripheral Retina,10.1038/s41598-020-66092-9,Non-neuronal cells of the human fovea and peripheral retina,22125
bc7466d7-ff13-4ff2-9c3d-7a1d208bd492,0b9d8a04-bb9d-44da-aa27-705bb65b54eb,Tabula Muris Senis,10.1038/s41586-020-2496-1,Mammary gland - A single-cell transcriptomic atlas characterizes ageing tissues in the mouse - Smart-seq2,3282
bd6b68e8-179a-42f0-9bde-b4fdf7d34dd1,283d65eb-dd53-496d-adb7-7570c7caa443,Transcriptomic diversity of cell types across the adult human brain,10.1101/2022.10.12.511898,Supercluster: Cerebellar inhibitory,14411
bdacc907-7c26-419f-8808-969eab3ca2e8,180bff9c-c8a5-4539-b13b-ddbc00d643e6,Molecular characterization of selectively vulnerable neurons in Alzheimer's Disease,10.1038/s41593-020-00764-7,Molecular characterization of selectively vulnerable neurons in Alzheimer’s Disease: SFG microglia,3799
bdb26abd-f4ba-4ea3-8862-c2340e7a4f55,283d65eb-dd53-496d-adb7-7570c7caa443,Transcriptomic diversity of cell types across the adult human brain,10.1101/2022.10.12.511898,Supercluster: CGE interneuron,227671
bdf69f8d-5a96-4d6f-a9f5-9ee0e33597b7,e75342a8-0f3b-4ec5-8ee1-245a23e0f7cb,Pathogenic variants damage cell composition and single cell transcription in cardiomyopathies,10.1126/science.abo1984,DCM/ACM heart cell atlas: Adipocytes,2576
be35c935-ee4f-475c-9d3c-97630d59a735,48259aa8-f168-4bf5-b797-af8e88da6637,Human breast cell atlas,10.1101/2023.04.21.537845,HBCA - stroma,413997
be39785b-67cb-4177-be19-a40ee3747e45,1df8c90d-d299-4b2e-a54d-a5a80f36e780,"Single-cell analyses of renal cell cancers reveal insights into tumor microenvironment, cell of origin, and therapy response",10.1073/pnas.2103240118,"ccRCC - Single-cell analyses of renal cell cancers reveal insights into tumor microenvironment, cell of origin, and therapy response",20509
be46dfdc-0f99-4731-8957-64ca37364985,661a402a-2a5a-4c71-9b05-b346c57bc451,Single-cell roadmap of human gonadal development,10.1038/s41586-022-04918-4,Mouse Somatic Cell Lineage,50933
be884a28-0eac-4eca-9c23-1294a93cf56e,10bf5c50-8d85-4c5f-94b4-22c1363d9f31,Intratumoral heterogeneity in recurrent pediatric pilocytic astrocytomas,,Intratumoral heterogeneity in recurrent pediatric pilocytic astrocytomas,35637
bf12f9c6-4211-4c91-9c71-22019f29f516,0b9d8a04-bb9d-44da-aa27-705bb65b54eb,Tabula Muris Senis,10.1038/s41586-020-2496-1,Bladder lumen - A single-cell transcriptomic atlas characterizes ageing tissues in the mouse - Smart-seq2,2432
bf176af2-4432-4391-9b35-e21bd86ca4f8,44531dd9-1388-4416-a117-af0a99de2294,"Single-Cell, Single-Nucleus, and Spatial RNA Sequencing of the Human Liver Identifies Cholangiocyte and Mesenchymal Heterogeneity",10.1002/hep4.1854,Healthy human liver: liver sinusoidal endothelial cells,6289
c05fb583-eb2f-4e3a-8e74-f9bd6414e418,93eebe82-d8c3-41bc-a906-63b5b5f24a9d,Single-cell proteo-genomic reference maps of the hematopoietic system enable the purification and massive profiling of precisely defined cell states,10.1038/s41590-021-01059-0,healthy young bone marrow donor,13165
c08f8441-4a10-4748-872a-e70c0bcccdba,0b9d8a04-bb9d-44da-aa27-705bb65b54eb,Tabula Muris Senis,10.1038/s41586-020-2496-1,Brain myeloid cells - A single-cell transcriptomic atlas characterizes ageing tissues in the mouse - Smart-seq2,13417
c19275f5-739e-4796-ad5d-b0830b760db1,1ca90a2d-2943-483d-b678-b809bf464c30,SEA-AD: Seattle Alzheimer’s Disease Brain Cell Atlas,,L6 CT - MTG: Seattle Alzheimer's Disease Atlas (SEA-AD),16418
c202b243-1aa1-4b16-bc9a-b36241f3b1e3,283d65eb-dd53-496d-adb7-7570c7caa443,Transcriptomic diversity of cell types across the adult human brain,10.1101/2022.10.12.511898,Supercluster: Amygdala excitatory,109452
c2876b1b-06d8-4d96-a56b-5304f815b99a,1ca90a2d-2943-483d-b678-b809bf464c30,SEA-AD: Seattle Alzheimer’s Disease Brain Cell Atlas,,Whole Taxonomy - MTG: Seattle Alzheimer's Disease Atlas (SEA-AD),1226855
c2878000-d3f0-4d30-9a8a-2139a13c72f8,0b9d8a04-bb9d-44da-aa27-705bb65b54eb,Tabula Muris Senis,10.1038/s41586-020-2496-1,Subcutaneous adipose tissue — A single-cell transcriptomic atlas characterizes ageing tissues in the mouse,3755
c2a461b1-0c15-4047-9fcb-1f966fe55100,eb735cc9-d0a7-48fa-b255-db726bf365af,Sampling peripheral blood and matched nasal swabs from donors with prior immunodeficiencies and autoimmune conditions infected with SARS-CoV-2,10.1101/2020.11.20.20227355,Autoimmunity PBMCs,97499
c2aad8fc-b63b-4f9b-9cfd-baf7bc9c1771,283d65eb-dd53-496d-adb7-7570c7caa443,Transcriptomic diversity of cell types across the adult human brain,10.1101/2022.10.12.511898,Dissection: Cerebral cortex (Cx) - Temporal pole (TP) - Temporopolar area - A38,37642
c3d381b2-3104-444e-8ad5-d3524407bbb6,939769a8-d8d2-4d01-abfc-55699893fd49,Integration of eQTL and a Single-Cell Atlas in the Human Eye Identifies Causal Genes for Age-Related Macular Degeneration,10.1016/j.celrep.2019.12.082,Horizontal cells of human eye,1875
c3fe3c1e-5bf8-4678-b74a-79899243ad41,e2a4a67f-6a18-431a-ab9c-6e77dd31cc80,A Cellular Anatomy of the Normal Adult Human Prostate and Prostatic Urethra,10.1016/j.celrep.2018.11.086,A Cellular Anatomy of the Normal Adult Human Prostate and Prostatic Urethra - All Human Cells,28702
c42c8ad3-9761-49e5-b9bf-ee8ebd50416f,60358420-6055-411d-ba4f-e8ac80682a2e,Spatiotemporal analysis of human intestinal development at single-cell resolution,10.1016/j.cell.2020.12.016,Spatiotemporal analysis of human intestinal development at single-cell resolution: Endothelium,4154
c4b03352-af8d-492a-8d6b-40f304e0a122,283d65eb-dd53-496d-adb7-7570c7caa443,Transcriptomic diversity of cell types across the adult human brain,10.1101/2022.10.12.511898,Supercluster: Medium spiny neuron,152189
c4dd26a8-d956-4bee-a233-44b573f2ce27,283d65eb-dd53-496d-adb7-7570c7caa443,Transcriptomic diversity of cell types across the adult human brain,10.1101/2022.10.12.511898,Dissection: Body of hippocampus (HiB) - Rostral CA1-2,11265
c52de62a-058d-4d78-a464-bdf552378f43,120e86b4-1195-48c5-845b-b98054105eec,Spatiotemporal immune zonation of the human kidney,10.1126/science.aat5031,Fetal kidney dataset: stroma,8345
c5cfa2b7-abb1-4a50-908f-707b54ca606b,283d65eb-dd53-496d-adb7-7570c7caa443,Transcriptomic diversity of cell types across the adult human brain,10.1101/2022.10.12.511898,Dissection: Midbrain (M) - Periaqueductal gray and Dorsal raphe nucleus - PAG-DR,14094
c5d88abe-f23a-45fa-a534-788985e93dad,e5f58829-1a66-40b5-a624-9046778e74f5,Tabula Sapiens,10.1126/science.abl4896,Tabula Sapiens - Immune,264824
c6413315-7158-46c5-a5fd-7228385694f1,fc77d2ae-247d-44d7-aa24-3f4859254c2c,Cellular heterogeneity of human fallopian tubes in normal and hydrosalpinx disease states identified by scRNA-seq,10.1101/2021.09.16.460628,scRNA-seq analysis of healthy human fallopian tubes,59738
c76098ba-eed3-45b1-98f2-96fcac55ed18,1ca90a2d-2943-483d-b678-b809bf464c30,SEA-AD: Seattle Alzheimer’s Disease Brain Cell Atlas,,Micro-PVM - MTG: Seattle Alzheimer's Disease Atlas (SEA-AD),35889
c7775e88-49bf-4ba2-a03b-93f00447c958,ddfad306-714d-4cc0-9985-d9072820c530,Single-cell multi-omics analysis of the immune response in COVID-19,10.1038/s41591-021-01329-2,Single-cell multi-omics analysis of the immune response in COVID-19,647366
c7856243-c59a-4b70-8ce7-25b94c2d9da1,283d65eb-dd53-496d-adb7-7570c7caa443,Transcriptomic diversity of cell types across the adult human brain,10.1101/2022.10.12.511898,Dissection: Cerebral cortex (Cx) - Gyrus rectus (ReG) - Medial orbitofrontal cortex - A14,14352
c888b684-6c51-431f-972a-6c963044cef0,999f2a15-3d7e-440b-96ae-2c806799c08c,"Harmonized single-cell landscape, intercellular crosstalk and tumor architecture of glioblastoma",10.1101/2022.08.27.505439,Core GBmap,338564
c88e2a9c-72b8-4a88-a2f6-e428eada0c86,ae1420fe-6630-46ed-8b3d-cc6056a66467,An integrated transcriptomic and epigenomic atlas of mouse primary motor cortex cell types,10.1038/s41586-021-03500-8,An integrated transcriptomic and epigenomic atlas of mouse primary motor cortex cell types: 10X_cells_v2_AIBS,122641
c9096ac4-ea44-4cf9-82f4-af05cb83eb24,0b9d8a04-bb9d-44da-aa27-705bb65b54eb,Tabula Muris Senis,10.1038/s41586-020-2496-1,Tongue - A single-cell transcriptomic atlas characterizes ageing tissues in the mouse - Smart-seq2,3735
ca20e2ac-5676-4158-b5d0-0c2b15898b19,283d65eb-dd53-496d-adb7-7570c7caa443,Transcriptomic diversity of cell types across the adult human brain,10.1101/2022.10.12.511898,Dissection: Basal nuclei (BN) - Globus pallidus (GP) - Internal segment of globus pallidus - GPi,33968
cac02b79-9f54-4668-9235-60d3b76a4197,fc77d2ae-247d-44d7-aa24-3f4859254c2c,Cellular heterogeneity of human fallopian tubes in normal and hydrosalpinx disease states identified by scRNA-seq,10.1101/2021.09.16.460628,scRNA-seq analysis of non-ciliated epithelial cells of healthy human fallopian tubes,14285
caf8670f-e647-4f0c-bfba-163aa84ce602,283d65eb-dd53-496d-adb7-7570c7caa443,Transcriptomic diversity of cell types across the adult human brain,10.1101/2022.10.12.511898,Supercluster: Deep-layer corticothalamic and 6b,78396
cb5efdb0-f91c-4cbd-9ad4-9d4fa41c572d,20a1dadf-a3a7-4783-b311-fcff3c457763,Phenotypic variation of transcriptomic cell types in mouse motor cortex,10.1038/s41586-020-2907-3,Excitatory neurons integrated with 10X sequencing MOp data,93829
cbd62079-bed8-4aa1-9659-670f9cb51f9d,0b9d8a04-bb9d-44da-aa27-705bb65b54eb,Tabula Muris Senis,10.1038/s41586-020-2496-1,Diaphragm — A single-cell transcriptomic atlas characterizes ageing tissues in the mouse,1858
ccfdcad0-7104-46b9-addf-fd66a2a15907,2f4c738f-e2f3-4553-9db2-0582a38ea4dc,Cell Types of the Human Retina and Its Organoids at Single-Cell Resolution,10.1016/j.cell.2020.08.013,Periphery - Cell Types of the Human Retina and Its Organoids at Single-Cell Resolution,34723
cd4c96bb-ad66-4e83-ba9e-a7df8790eb12,93eebe82-d8c3-41bc-a906-63b5b5f24a9d,Single-cell proteo-genomic reference maps of the hematopoietic system enable the purification and massive profiling of precisely defined cell states,10.1038/s41590-021-01059-0,3 healthy young and 3 healthy old bone marrow donors (Reference sample),49057
cd77258f-b08b-4c89-b93f-6e6f146b1a4d,180bff9c-c8a5-4539-b13b-ddbc00d643e6,Molecular characterization of selectively vulnerable neurons in Alzheimer's Disease,10.1038/s41593-020-00764-7,Molecular characterization of selectively vulnerable neurons in Alzheimer’s Disease: EC excitatory neurons,8362
cda2c8cd-be1c-42e5-b2cd-162caa1c4ce7,de13e3e2-23b6-40ed-a413-e9e12d7d3910,A cell atlas of human thymic development defines T cell repertoire formation,10.1126/science.aay3224,Figure 1 - A cell atlas of human thymic development defines T cell repertoire formation,255901
cdefb878-7f00-4b9d-9eda-b3652cfac0c8,2d2e2acd-dade-489f-a2da-6c11aa654028,A human fetal lung cell atlas uncovers proximal-distal gradients of differentiation and key regulators of epithelial fates,10.1016/j.cell.2022.11.005,Cilium,1641
cec9f9a5-8832-437d-99af-fb8237cde54b,939769a8-d8d2-4d01-abfc-55699893fd49,Integration of eQTL and a Single-Cell Atlas in the Human Eye Identifies Causal Genes for Age-Related Macular Degeneration,10.1016/j.celrep.2019.12.082,Retinal ganglion cells of human eye,1777
cfa3c355-ee77-4fc8-9a00-78e61d23024c,9c8808ce-1138-4dbe-818c-171cff10e650,A single-cell transcriptional roadmap of the mouse and human lymph node lymphatic vasculature,10.3389/fcvm.2020.00052,A Single-Cell Transcriptional Roadmap of the Mouse and Human Lymph Node Lymphatic Vasculature - human,4355
cfa755c1-48c5-4336-94f4-aa95eca4fbd5,283d65eb-dd53-496d-adb7-7570c7caa443,Transcriptomic diversity of cell types across the adult human brain,10.1101/2022.10.12.511898,Supercluster: Choroid plexus,7689
d02287f3-408b-438d-9131-999e460cbd0e,283d65eb-dd53-496d-adb7-7570c7caa443,Transcriptomic diversity of cell types across the adult human brain,10.1101/2022.10.12.511898,Dissection: Paleocortex (PalCx) - Piriform cortex - Pir,36941
d0c12af4-c0e4-4c7b-873a-70752b449689,b1a879f6-5638-48d3-8f64-f6592c1b1561,Mapping the developing human immune system across organs,10.1126/science.abo0510,Stromal cells (all non-immune cells),318656
d1207c81-7309-43a7-a5a0-f4283670b62b,d36ca85c-3e8b-444c-ba3e-a645040c6185,A molecular atlas of the human postmenopausal fallopian tube and ovary from single-cell RNA and ATAC sequencing,10.1016/j.celrep.2022.111838,Ovary RNA,26134
d1cbed97-d88f-4954-8925-13302fe30b39,74e10dc4-cbb2-4605-a189-8a1cd8e44d8c,Spatial proteogenomics reveals distinct and evolutionarily conserved hepatic macrophage niches,10.1016/j.cell.2021.12.018,CD45 negative cells from human liver dataset,15481
d224c8e0-c28e-4360-9e42-b3977cd83f9f,62e8f058-9c37-48bc-9200-e767f318a8ec,HTAN MSK - Single cell profiling reveals novel tumor and myeloid subpopulations in small cell lung cancer,10.1016/j.ccell.2021.09.008,Mesenchymal cells,8030
d2514440-d747-4d8d-b2c7-b58ef8b71fbe,283d65eb-dd53-496d-adb7-7570c7caa443,Transcriptomic diversity of cell types across the adult human brain,10.1101/2022.10.12.511898,Dissection: Thalamus (THM) - posterior nuclear complex of thalamus (PoN) - lateral geniculate nucleus (LG),48856
d288b10a-643e-44bd-b451-96e9588b2ee5,283d65eb-dd53-496d-adb7-7570c7caa443,Transcriptomic diversity of cell types across the adult human brain,10.1101/2022.10.12.511898,Dissection: Cerebral cortex (Cx) - Supramarginal gyrus (SMG) - A40,39053
d2b5efc1-14c6-4b5f-bd98-40f9084872d7,283d65eb-dd53-496d-adb7-7570c7caa443,Transcriptomic diversity of cell types across the adult human brain,10.1101/2022.10.12.511898,Dissection: Tail of Hippocampus (HiT) - Caudal Hippocampus - CA1-CA3,36886
d2fc9880-e6d3-4922-af5c-61f4f517adfa,1ca90a2d-2943-483d-b678-b809bf464c30,SEA-AD: Seattle Alzheimer’s Disease Brain Cell Atlas,,Oligo - MTG: Seattle Alzheimer's Disease Atlas (SEA-AD),99369
d319af7f-be2e-441e-8caa-3b8a88480e89,1d1c7275-476a-49e2-9022-ad1b1c793594,Cell Atlas of The Human Fovea and Peripheral Retina,10.1038/s41598-020-66092-9,Retinal ganglion cells of the human fovea and peripheral retina,11404
d3566d6a-a455-4a15-980f-45eb29114cab,93eebe82-d8c3-41bc-a906-63b5b5f24a9d,Single-cell proteo-genomic reference maps of the hematopoietic system enable the purification and massive profiling of precisely defined cell states,10.1038/s41590-021-01059-0,blood and bone marrow from a healthy young donor,15502
d3a83885-5198-4b04-8314-b753b66ef9a8,4b54248f-2165-477c-a027-dd55082e8818,Single cell analysis of mouse and human prostate reveals novel fibroblasts with specialized distribution and microenvironment interactions,10.1002/path.5751,Single cell analysis of mouse and human prostate reveals novel fibroblasts with specialized distribution and microenvironment interactions - Human Leukocyte Cells,19037
d41f45c1-1b7b-4573-a998-ac5c5acb1647,efd94500-1fdc-4e28-9e9f-a309d0154e21,HTAN MSK - Transcriptional connectivity of regulatory T cells in the tumor microenvironment informs novel combination cancer therapy strategies,,Transcriptional connectivity of regulatory T cells in the tumor microenvironment informs novel combination cancer therapy strategies,82991
d4cfefa0-3a35-44eb-b848-d7a725b481e7,62e8f058-9c37-48bc-9200-e767f318a8ec,HTAN MSK - Single cell profiling reveals novel tumor and myeloid subpopulations in small cell lung cancer,10.1016/j.ccell.2021.09.008,NSCLC epithelial cells,9778
d4e69e01-3ba2-4d6b-a15d-e7048f78f22e,b52eb423-5d0d-4645-b217-e1c6d38b2e72,Cells of the adult human heart,10.1038/s41586-020-2797-4,All — Cells of the adult human heart,486134
d5452b83-7c3d-4d7c-ab7a-c7fece7196c5,283d65eb-dd53-496d-adb7-7570c7caa443,Transcriptomic diversity of cell types across the adult human brain,10.1101/2022.10.12.511898,Dissection: Body of hippocampus (HiB) - Rostral CA3,8077
d582f63a-3c88-4e38-8cd3-8682dbe40f64,283d65eb-dd53-496d-adb7-7570c7caa443,Transcriptomic diversity of cell types across the adult human brain,10.1101/2022.10.12.511898,Dissection: Cerebral cortex (Cx) - Posterior intermediate orbital gyrus (POrG) - Caudal division of OFCi - A13,34919
d5c67a4e-a8d9-456d-a273-fa01adb1b308,3472f32d-4a33-48e2-aad5-666d4631bf4c,A single-cell transcriptome atlas of the adult human retina,10.15252/embj.2018100811,Retina,19694
d622cee4-56e1-44ba-8b05-fd2f0f2032e6,ae1420fe-6630-46ed-8b3d-cc6056a66467,An integrated transcriptomic and epigenomic atlas of mouse primary motor cortex cell types,10.1038/s41586-021-03500-8,An integrated transcriptomic and epigenomic atlas of mouse primary motor cortex cell types: SMARTer_cells_MOp,6288
d6a5b240-cc8f-45c1-ad36-2fc291e15e8e,283d65eb-dd53-496d-adb7-7570c7caa443,Transcriptomic diversity of cell types across the adult human brain,10.1101/2022.10.12.511898,Dissection: Midbrain (M) - Pretectal region - PTR,25875
d6dfdef1-406d-4efb-808c-3c5eddbfe0cb,a48f5033-3438-4550-8574-cdff3263fdfd,HTAN VUMC - Differential pre-malignant programs and microenvironment chart distinct paths to malignancy in human colorectal polyps,10.1016/j.cell.2021.11.031,Validation (Val) set of human colorectal tumor: Epithelial,57723
d7d7e89c-c93a-422d-8958-9b4a90b69558,bf325905-5e8e-42e3-933d-9a9053e9af80,Single-cell Atlas of common variable immunodeficiency shows germinal center-associated epigenetic dysregulation in B-cell responses,10.1038/s41467-022-29450-x,Activated PBMCs - Twins scRNA-seq,16901
d7dcfd8f-2ee7-4385-b9ac-e074c23ed190,120e86b4-1195-48c5-845b-b98054105eec,Spatiotemporal immune zonation of the human kidney,10.1126/science.aat5031,Fetal kidney dataset: full,27203
d87f3f91-dca4-494b-8993-c4e3008a8fa5,1ca90a2d-2943-483d-b678-b809bf464c30,SEA-AD: Seattle Alzheimer’s Disease Brain Cell Atlas,,Pvalb - MTG: Seattle Alzheimer's Disease Atlas (SEA-AD),81879
d8da613f-e681-4c69-b463-e94f5e66847f,e4c9ed14-e560-4900-a3bf-b0f8d2ce6a10,A molecular single-cell lung atlas of lethal COVID-19,10.1038/s41586-021-03569-1,A molecular single-cell lung atlas of lethal COVID-19,116313
d95ab381-2b7c-4885-b168-0097ed4e397f,939769a8-d8d2-4d01-abfc-55699893fd49,Integration of eQTL and a Single-Cell Atlas in the Human Eye Identifies Causal Genes for Age-Related Macular Degeneration,10.1016/j.celrep.2019.12.082,Cone cells of human eye,1378
d967b47c-a9e6-4337-b2f4-977f690cb67f,63d03351-06be-478e-a0db-f7a653b6b19b,Cell atlas of the human ocular anterior segment: Tissue-specific and shared cell types,10.1073/pnas.2200914119,Trabecular Meshwork and Corneal Scleral wedge,52309
d9b4bc69-ed90-4f5f-99b2-61b0681ba436,b9fc3d70-5a72-4479-a046-c2cc1ab19efc,A Web Portal and Workbench for Biological Dissection of Single Cell COVID-19 Host Responses,10.1016/j.isci.2021.103115,B Cell/Plasmablast Sub_clusters of COVID-19 Immune Altas: Integration of 5 public COVID-19 PBMC single-cell datasets,20000
da684768-fb01-455b-9f0f-b63a3e2f844f,6d203948-a779-4b69-9b3f-1ee1dadc3980,"Differential cell composition and split epidermal differentiation in human palm, sole, and hip skin",10.1016/j.celrep.2023.111994,UMAP visualization of fibroblast subclusters,2303
db0752b9-f20e-40b8-8997-992f3ae0bb2e,b9fc3d70-5a72-4479-a046-c2cc1ab19efc,A Web Portal and Workbench for Biological Dissection of Single Cell COVID-19 Host Responses,10.1016/j.isci.2021.103115,Classical Monocyte sub_clusters of COVID-19 Immune Altas: Integration of 5 public COVID-19 PBMC single-cell datasets,55348
db1d2c1b-2ee1-45d5-9d53-69a327cd77e6,283d65eb-dd53-496d-adb7-7570c7caa443,Transcriptomic diversity of cell types across the adult human brain,10.1101/2022.10.12.511898,Dissection: Cerebral cortex (Cx) - Middle frontal gyrus (MFG) - A46,31065
db55b719-6102-493a-9251-404bc501d0de,0b9d8a04-bb9d-44da-aa27-705bb65b54eb,Tabula Muris Senis,10.1038/s41586-020-2496-1,Bone marrow - A single-cell transcriptomic atlas characterizes ageing tissues in the mouse - Smart-seq2,14517
dbb4e1ed-d820-4e83-981f-88ef7eb55a35,d86517f0-fa7e-4266-b82e-a521350d6d36,HypoMap – a unified single cell gene expression atlas of the murine hypothalamus,10.1038/s42255-022-00657-y,HypoMap – a unified single cell gene expression atlas of the murine hypothalamus,384925
dd018fc0-8da7-4033-a2ba-6b47de8ebb4f,4b54248f-2165-477c-a027-dd55082e8818,Single cell analysis of mouse and human prostate reveals novel fibroblasts with specialized distribution and microenvironment interactions,10.1002/path.5751,Single cell analysis of mouse and human prostate reveals novel fibroblasts with specialized distribution and microenvironment interactions - Human Epithelial Cells,42127
dd03ce70-3243-4c96-9561-330cc461e4d7,283d65eb-dd53-496d-adb7-7570c7caa443,Transcriptomic diversity of cell types across the adult human brain,10.1101/2022.10.12.511898,Dissection: Cerebral cortex (Cx) - Perirhinal gyrus (PRG) - A35-A36,23732
ddb22b3d-a75c-4dd1-9730-dff7fc8ca530,44531dd9-1388-4416-a117-af0a99de2294,"Single-Cell, Single-Nucleus, and Spatial RNA Sequencing of the Human Liver Identifies Cholangiocyte and Mesenchymal Heterogeneity",10.1002/hep4.1854,Healthy human liver: integrated,73295
de104f7e-14fa-4795-bd19-b5ee2c1563e0,1ca90a2d-2943-483d-b678-b809bf464c30,SEA-AD: Seattle Alzheimer’s Disease Brain Cell Atlas,,L6 IT - MTG: Seattle Alzheimer's Disease Atlas (SEA-AD),40269
de17ac25-550a-4018-be75-bbb485a0636e,939769a8-d8d2-4d01-abfc-55699893fd49,Integration of eQTL and a Single-Cell Atlas in the Human Eye Identifies Causal Genes for Age-Related Macular Degeneration,10.1016/j.celrep.2019.12.082,Myeloid cells of human eye,395
de2c780c-1747-40bd-9ccf-9588ec186cee,4f889ffc-d4bc-4748-905b-8eb9db47a2ed,Immunophenotyping of COVID-19 and influenza highlights the role of type I interferons in development of severe COVID-19,10.1126/sciimmunol.abd1554,Immunophenotyping of COVID-19 and influenza highlights the role of type I interferons in development of severe COVID-19,59572
de4e7a0c-91b2-44e4-b382-87da74c9efb6,0b9d8a04-bb9d-44da-aa27-705bb65b54eb,Tabula Muris Senis,10.1038/s41586-020-2496-1,Large intestine - A single-cell transcriptomic atlas characterizes ageing tissues in the mouse - Smart-seq2,1887
de94c504-4b58-4f42-b68d-74a8e4892f0e,6d203948-a779-4b69-9b3f-1ee1dadc3980,"Differential cell composition and split epidermal differentiation in human palm, sole, and hip skin",10.1016/j.celrep.2023.111994,UMAP visualization of all 12 datasets,15243
de985818-285f-4f59-9dbd-d74968fddba3,c9706a92-0e5f-46c1-96d8-20e42467f287,A single-cell atlas of the healthy breast tissues reveals clinically relevant clusters of breast epithelial cells,10.1016/j.xcrm.2021.100219,A single-cell atlas of the healthy breast tissues reveals clinically relevant clusters of breast epithelial cells,31696
df287f8d-f50d-4620-ab96-489d559e6adc,fbc5881f-1ee3-4ffe-8095-35e15e1a08fc,Urethral luminal epithelia are castration-insensitive cells of the proximal prostate,10.1002/pros.24020,Urethral luminal epithelia are castration-insensitive cells of the proximal prostate - Human Fibromuscular Stromal Cells,1295
dfdf1ae2-d624-4004-9353-f18b902f6bca,74e10dc4-cbb2-4605-a189-8a1cd8e44d8c,Spatial proteogenomics reveals distinct and evolutionarily conserved hepatic macrophage niches,10.1016/j.cell.2021.12.018,Myeloid cells from human liver dataset,40821
e006d4e3-35fa-44b4-9981-09a66c4322e5,60358420-6055-411d-ba4f-e8ac80682a2e,Spatiotemporal analysis of human intestinal development at single-cell resolution,10.1016/j.cell.2020.12.016,Spatiotemporal analysis of human intestinal development at single-cell resolution: Muscularis,4211
e04daea4-4412-45b5-989e-76a9be070a89,5d445965-6f1a-4b68-ba3a-b8f765155d3a,A molecular cell atlas of the human lung from single cell RNA sequencing,10.1038/s41586-020-2922-4,"Krasnow Lab Human Lung Cell Atlas, Smart-seq2",9409
e067e5ca-e53e-485f-aa8e-efd5435229c8,b3e2c6e3-9b05-4da9-8f42-da38a664b45b,Multimodal single cell sequencing implicates chromatin accessibility and genetic background in diabetic kidney disease progression,10.1038/s41467-022-32972-z,Human kidney cortex snRNA-seq data from donors with and without diabetic kidney disease,39176
e0ed3c55-aff6-4bb7-b6ff-98a2d90b890c,f70ebd97-b3bc-44fe-849d-c18e08fe773d,A transcriptomic atlas of the mouse cerebellum reveals regional specializations and novel cell types,10.1101/2020.03.04.976407,A transcriptomic atlas of the mouse cerebellum,611034
e1f595f6-ba2c-495e-9bee-7056f116b1e4,283d65eb-dd53-496d-adb7-7570c7caa443,Transcriptomic diversity of cell types across the adult human brain,10.1101/2022.10.12.511898,Dissection: Cerebral cortex (Cx) - Middle Temporal Gyrus - MTG,107301
e2a3c32d-71e2-4f38-b19c-dfcb8729cf46,e2a4a67f-6a18-431a-ab9c-6e77dd31cc80,A Cellular Anatomy of the Normal Adult Human Prostate and Prostatic Urethra,10.1016/j.celrep.2018.11.086,A Cellular Anatomy of the Normal Adult Human Prostate and Prostatic Urethra - Human Epithelial Cells,24544
e2b469d4-b5c3-4a35-9d19-ee71ce61cae0,0b9d8a04-bb9d-44da-aa27-705bb65b54eb,Tabula Muris Senis,10.1038/s41586-020-2496-1,Spleen - A single-cell transcriptomic atlas characterizes ageing tissues in the mouse - 10x,35718
e3a7e927-2632-4575-993d-d0905cd5da8b,4796c91c-9d8f-4692-be43-347b1727f9d8,MSK SPECTRUM – Ovarian cancer mutational processes drive site-specific immune evasion,10.1038/s41586-022-05496-1,"MSK SPECTRUM - CD4+ T cells, CD8+ T cells, ILCs and NK cells",221315
e3b8c485-7811-407e-99ed-c7d574be9d7c,0b9d8a04-bb9d-44da-aa27-705bb65b54eb,Tabula Muris Senis,10.1038/s41586-020-2496-1,Pancreas - A single-cell transcriptomic atlas characterizes ageing tissues in the mouse - Smart-seq2,3384
e40c6272-af77-4a10-9385-62a398884f27,a48f5033-3438-4550-8574-cdff3263fdfd,HTAN VUMC - Differential pre-malignant programs and microenvironment chart distinct paths to malignancy in human colorectal polyps,10.1016/j.cell.2021.11.031,Discovery (DIS) set of human colorectal tumor: Epithelial,65088
e463dae9-3fc1-476d-870e-d98a04c56cd6,e3f391f6-5a75-4e96-8450-da47c3d2a939,COVID-19 mRNA vaccine elicits a potent adaptive immune response in the absence of persistent inflammation observed in SARS-CoV-2 infection,,"M cells -- CV19 infection, vaccination and HC",41130
e4710a02-8abc-48d5-a3e8-9ae7e9d79bdb,283d65eb-dd53-496d-adb7-7570c7caa443,Transcriptomic diversity of cell types across the adult human brain,10.1101/2022.10.12.511898,Supercluster: MGE interneuron,222434
e5233a94-9e43-418c-8209-6f1400c31530,a18474f4-ff1e-4864-af69-270b956cee5b,Single-cell RNA sequencing unifies developmental programs of Esophageal and Gastric Intestinal Metaplasia,10.1158/2159-8290.cd-22-0824,UMAP of all data,146583
e5b1115b-a486-49bb-bda3-8261822836e0,283d65eb-dd53-496d-adb7-7570c7caa443,Transcriptomic diversity of cell types across the adult human brain,10.1101/2022.10.12.511898,Dissection: Cerebral cortex (Cx) - Caudal cingulate gyrus (CgGC) - A23,35359
e6b2ce27-681b-4409-a053-2681875936e5,283d65eb-dd53-496d-adb7-7570c7caa443,Transcriptomic diversity of cell types across the adult human brain,10.1101/2022.10.12.511898,Supercluster: Eccentric medium spiny neuron,40144
e6dad530-418b-47f9-af6e-472e56a7b314,939769a8-d8d2-4d01-abfc-55699893fd49,Integration of eQTL and a Single-Cell Atlas in the Human Eye Identifies Causal Genes for Age-Related Macular Degeneration,10.1016/j.celrep.2019.12.082,All cell types of human eye,100055
e763ed0d-0e5a-4b8e-9514-6da3d9e47956,b9fc3d70-5a72-4479-a046-c2cc1ab19efc,A Web Portal and Workbench for Biological Dissection of Single Cell COVID-19 Host Responses,10.1016/j.isci.2021.103115,Platelet sub_clusters of COVID-19 Immune Altas: Integration of 5 public COVID-19 PBMC single-cell datasets,7274
e80d4e1c-672f-496a-8f32-37eab34f727d,0b9d8a04-bb9d-44da-aa27-705bb65b54eb,Tabula Muris Senis,10.1038/s41586-020-2496-1,Spleen - A single-cell transcriptomic atlas characterizes ageing tissues in the mouse - Smart-seq2,3834
e84f2780-51e8-4cfa-8aa0-13bbfef677c7,74e10dc4-cbb2-4605-a189-8a1cd8e44d8c,Spatial proteogenomics reveals distinct and evolutionarily conserved hepatic macrophage niches,10.1016/j.cell.2021.12.018,All cells from human liver dataset,167598
e8681d74-ac9e-4be5-be14-1cf1bbd54dd7,283d65eb-dd53-496d-adb7-7570c7caa443,Transcriptomic diversity of cell types across the adult human brain,10.1101/2022.10.12.511898,Dissection: Thalamus (THM) - Anterior nuclear complex - ANC,31307
e8a11a27-9c47-4673-b65d-11b9cd6065e1,2d2e2acd-dade-489f-a2da-6c11aa654028,A human fetal lung cell atlas uncovers proximal-distal gradients of differentiation and key regulators of epithelial fates,10.1016/j.cell.2022.11.005,Epithelium (no cilium),9096
e8ac3386-31d4-48ba-aa70-1bae0cf020e7,1ca90a2d-2943-483d-b678-b809bf464c30,SEA-AD: Seattle Alzheimer’s Disease Brain Cell Atlas,,Lamp5_Lhx6 - MTG: Seattle Alzheimer's Disease Atlas (SEA-AD),19385
e9175006-8978-4417-939f-819855eab80e,62e8f058-9c37-48bc-9200-e767f318a8ec,HTAN MSK - Single cell profiling reveals novel tumor and myeloid subpopulations in small cell lung cancer,10.1016/j.ccell.2021.09.008,Myeloid cells,14072
ea01c125-67a7-4bd3-a8b0-e1b53a011b7e,13d1c580-4b17-4b2e-85c4-75b36917413f,Single cell derived mRNA signals across human kidney tumors,10.1038/s41467-021-23949-5,wilms,4636
ea426edb-4e86-4c53-ab17-5b952d94a31e,e2a4a67f-6a18-431a-ab9c-6e77dd31cc80,A Cellular Anatomy of the Normal Adult Human Prostate and Prostatic Urethra,10.1016/j.celrep.2018.11.086,A Cellular Anatomy of the Normal Adult Human Prostate and Prostatic Urethra - Human Fibromuscular Stromal Cells,2113
ebc2e1ff-c8f9-466a-acf4-9d291afaf8b3,8f126edf-5405-4731-8374-b5ce11f53e82,A blood atlas of COVID-19 defines hallmarks of disease severity and specificity,10.1016/j.cell.2022.01.012,"COMBAT project: single cell gene expression data from COVID-19, sepsis and flu patient PBMCs",836148
ec6c52b8-3368-4f72-a416-1ade0dab97bf,0b9d8a04-bb9d-44da-aa27-705bb65b54eb,Tabula Muris Senis,10.1038/s41586-020-2496-1,Limb muscle - A single-cell transcriptomic atlas characterizes ageing tissues in the mouse - Smart-seq2,3855
ec6ceff8-c8bc-488d-b6bf-30df2fa92169,a261413d-835b-4f1e-ab0c-dada55ea6afd,Identification of distinct tumor cell populations and key genetic mechanisms through single cell sequencing in hepatoblastoma,10.1038/s42003-021-02562-8,Modeling Hepatoblastoma: Identification of Distinct Tumor Cell Populations and Key Genetic Mechanisms through Single Cell Sequencing,67110
ecd9230d-c571-4dab-abd3-8b54c74833f0,283d65eb-dd53-496d-adb7-7570c7caa443,Transcriptomic diversity of cell types across the adult human brain,10.1101/2022.10.12.511898,Dissection: Thalamus (THM) - lateral nuclear complex of thalamus (LNC) - Pulvinar of thalamus - Pul,46453
ed11cc3e-2947-407c-883c-c53b043917c3,283d65eb-dd53-496d-adb7-7570c7caa443,Transcriptomic diversity of cell types across the adult human brain,10.1101/2022.10.12.511898,Dissection: Thalamus (THM) - Lateral nuclear complex (LNC) - ventral anterior nucleus of thalamus - VA,8573
ed2b673b-0279-454a-998c-3eec361edf54,e75342a8-0f3b-4ec5-8ee1-245a23e0f7cb,Pathogenic variants damage cell composition and single cell transcription in cardiomyopathies,10.1126/science.abo1984,DCM/ACM heart cell atlas: Fibroblasts,142816
ed33c203-233a-476a-a56b-28da945fdd32,283d65eb-dd53-496d-adb7-7570c7caa443,Transcriptomic diversity of cell types across the adult human brain,10.1101/2022.10.12.511898,"Dissection: Cerebral cortex (Cx) - Cuneus, caudal part - Peristriate Cortex - V2",32638
ed419b4e-db9b-40f1-8593-68fdf8dfb076,af893e86-8e9f-41f1-a474-ef05359b1fb7,Single-cell transcriptomic atlas for adult human retina,10.2139/ssrn.3991078,Non-neuronal cells in human retina,18011
ed5d841d-6346-47d4-ab2f-7119ad7e3a35,b0cf0afa-ec40-4d65-b570-ed4ceacc6813,Integrated analysis of multimodal single-cell data,10.1016/j.cell.2021.04.048,nygc multimodal pbmc,161764
ed852810-a003-4386-9846-1638362cee39,b52eb423-5d0d-4645-b217-e1c6d38b2e72,Cells of the adult human heart,10.1038/s41586-020-2797-4,Immune — Cells of the adult human heart,40868
edc8d3fe-153c-4e3d-8be0-2108d30f8d70,03f821b4-87be-4ff4-b65a-b5fc00061da7,Local and systemic responses to SARS-CoV-2 infection in children and adults,10.1038/s41586-021-04345-x,Airway,236977
ee195b7d-184d-4dfa-9b1c-51a7e601ac11,dfc09a93-bce0-4c77-893d-e153d1b7f9fa,Charting human development using a multi-endodermal organ atlas and organoid models,10.1016/j.cell.2021.04.028,Adult duodenum,5200
eec3e37d-ed41-4881-bc6e-aaf39a2c6eb0,1ca90a2d-2943-483d-b678-b809bf464c30,SEA-AD: Seattle Alzheimer’s Disease Brain Cell Atlas,,Lamp5 - MTG: Seattle Alzheimer's Disease Atlas (SEA-AD),38660
ef47280b-3e68-4188-a49a-7b8374c8a6f2,0b9d8a04-bb9d-44da-aa27-705bb65b54eb,Tabula Muris Senis,10.1038/s41586-020-2496-1,Pancreas - A single-cell transcriptomic atlas characterizes ageing tissues in the mouse - 10x,6201
f15e263b-6544-46cb-a46e-e33ab7ce8347,8191c283-0816-424b-9b61-c3e1d6258a77,Spatial multi-omic map of human myocardial infarction,10.1038/s41586-022-05060-x,Ischemia-snRNA-Spatial multi-omic map of human myocardial infarction,19722
f16f4108-7873-4035-9989-3748da1a7ff1,283d65eb-dd53-496d-adb7-7570c7caa443,Transcriptomic diversity of cell types across the adult human brain,10.1101/2022.10.12.511898,Supercluster: Committed oligodendrocyte precursor,4720
f1f123cc-ca2c-460f-b7f1-88240efb1e82,6d203948-a779-4b69-9b3f-1ee1dadc3980,"Differential cell composition and split epidermal differentiation in human palm, sole, and hip skin",10.1016/j.celrep.2023.111994,UMAP visualization of keratinocyte subclusters,9471
f20f44ef-a0d4-4d94-87de-037fd47141f0,283d65eb-dd53-496d-adb7-7570c7caa443,Transcriptomic diversity of cell types across the adult human brain,10.1101/2022.10.12.511898,Dissection: Hypothalamus (HTH) - mammillary region of HTH (HTHma) - tuberal region of HTH - HTHtub,18728
f32c2c13-bb1a-4ffd-a457-60b64ecfa4cb,283d65eb-dd53-496d-adb7-7570c7caa443,Transcriptomic diversity of cell types across the adult human brain,10.1101/2022.10.12.511898,Dissection: Cerebral cortex (Cx) - Precentral gyrus (PrCG) - Primary motor cortex - M1C,116576
f3565fda-499a-4d20-bd92-563c09954c42,283d65eb-dd53-496d-adb7-7570c7caa443,Transcriptomic diversity of cell types across the adult human brain,10.1101/2022.10.12.511898,Dissection: Pons (Pn) - Pontine reticular formation (PnRF) - parabrachial nuclei - PB,24155
f502c312-05dc-4fd4-a762-92a63e92b539,283d65eb-dd53-496d-adb7-7570c7caa443,Transcriptomic diversity of cell types across the adult human brain,10.1101/2022.10.12.511898,Dissection: Paleocortex (PalCx) - Anterior Olfactory Nucleus - AON,31230
f512b8b6-369d-4a85-a695-116e0806857f,43d4bb39-21af-4d05-b973-4c1fed7b916c,Transcriptional Programming of Normal and Inflamed Human Epidermis at Single-Cell Resolution,10.1016/j.celrep.2018.09.006,Skin,68036
f54647ec-0c03-4775-8dac-5a477c10a3f5,3a2af25b-2338-4266-aad3-aa8d07473f50,Single-cell analysis of human B cell maturation predicts how antibody class switching shapes selection dynamics,10.1126/sciimmunol.abe6291,Human tonsil T cells scRNA,8753
f5a04dff-d394-4023-8811-65494e8bb11d,283d65eb-dd53-496d-adb7-7570c7caa443,Transcriptomic diversity of cell types across the adult human brain,10.1101/2022.10.12.511898,Dissection: Basal nuclei (BN) - Putamen - Pu,34416
f64e1be1-de15-4d27-8da4-82225cd4c035,62e8f058-9c37-48bc-9200-e767f318a8ec,HTAN MSK - Single cell profiling reveals novel tumor and myeloid subpopulations in small cell lung cancer,10.1016/j.ccell.2021.09.008,Immune cells,73047
f67f2cfa-ba45-4f77-8e26-64a15f666043,1ca90a2d-2943-483d-b678-b809bf464c30,SEA-AD: Seattle Alzheimer’s Disease Brain Cell Atlas,,Pax6 - MTG: Seattle Alzheimer's Disease Atlas (SEA-AD),8463
f6d9f2ad-5ec7-4d53-b7f0-ceb0e7bcd181,283d65eb-dd53-496d-adb7-7570c7caa443,Transcriptomic diversity of cell types across the adult human brain,10.1101/2022.10.12.511898,Dissection: Thalamus (THM) - lateral nuclear complex of thalamus (LNC) - ventral posterior lateral nucleus - VPL,6877
f71f046d-ea2d-4470-ac38-572cbb06ee12,d5cad3f0-56b6-4fbe-8f2b-be92a8c7820f,Developmental trajectories of thalamic nuclei revealed by single-cell transcriptome profiling and Shh perturbation,10.1101/2022.02.18.481097,e18.5 thalamic nuclei,10811
f72958f5-7f42-4ebb-98da-445b0c6de516,2f75d249-1bec-459b-bf2b-b86221097ced,Azimuth meta-analysis of human scRNA-seq datasets,,Human - Lung v2 (HLCA),584884
f75f2ff4-2884-4c2d-b375-70de37a34507,b52eb423-5d0d-4645-b217-e1c6d38b2e72,Cells of the adult human heart,10.1038/s41586-020-2797-4,Adipocytes — Cells of the adult human heart,3799
f7995301-7551-4e1d-8396-ffe3c9497ace,e75342a8-0f3b-4ec5-8ee1-245a23e0f7cb,Pathogenic variants damage cell composition and single cell transcription in cardiomyopathies,10.1126/science.abo1984,DCM/ACM heart cell atlas: Cardiomyocytes,311418
f7a068f1-0fdb-48e8-8029-db870ff11d9e,367d95c0-0eb0-4dae-8276-9407239421ee,"Evolution of cellular diversity in primary motor cortex of human, marmoset monkey, and mouse",10.1038/s41586-021-03465-8,"Evolution of cellular diversity in primary motor cortex of human, marmoset monkey, and mouse 3-species integration inhibitory neurons",10980
f7c1c579-2dc0-47e2-ba19-8165c5a0e353,c114c20f-1ef4-49a5-9c2e-d965787fb90c,A human cell atlas of fetal gene expression,10.1126/science.aba7721,Survey of human embryonic development,4062980
f7d003d4-40d5-4de8-858c-a9a8b48fcc67,283d65eb-dd53-496d-adb7-7570c7caa443,Transcriptomic diversity of cell types across the adult human brain,10.1101/2022.10.12.511898,Supercluster: Astrocyte,155025
f801b7a9-80a6-4d09-9161-71474deb58ae,1df8c90d-d299-4b2e-a54d-a5a80f36e780,"Single-cell analyses of renal cell cancers reveal insights into tumor microenvironment, cell of origin, and therapy response",10.1073/pnas.2103240118,"normal - Single-cell analyses of renal cell cancers reveal insights into tumor microenvironment, cell of origin, and therapy response",6044
f8c77961-67a7-4161-b8c2-61c3f917b54f,939769a8-d8d2-4d01-abfc-55699893fd49,Integration of eQTL and a Single-Cell Atlas in the Human Eye Identifies Causal Genes for Age-Related Macular Degeneration,10.1016/j.celrep.2019.12.082,Amacrine cells of human eye,6101
f8dda921-5fb4-4c94-a654-c6fc346bfd6d,283d65eb-dd53-496d-adb7-7570c7caa443,Transcriptomic diversity of cell types across the adult human brain,10.1101/2022.10.12.511898,"Dissection: Cerebral cortex (Cx) - Occipitotemporal (fusiform) gyrus, temporal part (FuGt) - Temporal area TF",31899
f9034091-2e8f-4ac6-9874-e7b7eb566824,283d65eb-dd53-496d-adb7-7570c7caa443,Transcriptomic diversity of cell types across the adult human brain,10.1101/2022.10.12.511898,Dissection: Myelencephalon (medulla oblongata) (Mo) - medullary reticular formation (MoRF) & efferent nuclei of cranial nerves in the medulla oblongata (MoEN) - MoRF-MoEN,23120
f9846bb4-784d-4582-92c1-3f279e4c6f0c,2d2e2acd-dade-489f-a2da-6c11aa654028,A human fetal lung cell atlas uncovers proximal-distal gradients of differentiation and key regulators of epithelial fates,10.1016/j.cell.2022.11.005,Fibroblast and smooth muscle,39204
f9ad5649-f372-43e1-a3a8-423383e5a8a2,180bff9c-c8a5-4539-b13b-ddbc00d643e6,Molecular characterization of selectively vulnerable neurons in Alzheimer's Disease,10.1038/s41593-020-00764-7,Molecular characterization of selectively vulnerable neurons in Alzheimer’s Disease: EC oligodendrocyte,8168
fa27492b-82ff-4ab7-ac61-0e2b184eee67,c114c20f-1ef4-49a5-9c2e-d965787fb90c,A human cell atlas of fetal gene expression,10.1126/science.aba7721,Survey of human embryonic development (1 million cells subset),1001288
fa554686-fc07-44dd-b2de-b726d82d26ec,283d65eb-dd53-496d-adb7-7570c7caa443,Transcriptomic diversity of cell types across the adult human brain,10.1101/2022.10.12.511898,Dissection: Cerebral cortex (Cx) - Superior occipital gyrus (SOG) - Areas 19 and MT - A19,29674
fa8605cf-f27e-44af-ac2a-476bee4410d3,0434a9d4-85fd-4554-b8e3-cf6c582bb2fa,Acute COVID-19 cohort across a range of WHO categories seen at the Department of Emergency Medicine at MGH,10.1101/2020.11.20.20227355,PBMCs,59506
faed4f71-6b50-4fc7-bd1c-8f385dccfdce,a18474f4-ff1e-4864-af69-270b956cee5b,Single-cell RNA sequencing unifies developmental programs of Esophageal and Gastric Intestinal Metaplasia,10.1158/2159-8290.cd-22-0824,UMAP of Endothelial cells,3951
fbf173f9-f809-4d84-9b65-ae205d35b523,283d65eb-dd53-496d-adb7-7570c7caa443,Transcriptomic diversity of cell types across the adult human brain,10.1101/2022.10.12.511898,Dissection: Thalamus (THM) - lateral nuclear complex of thalamus (LNC) - lateral posterior nucleus of thalamus + ventral posterior lateral nucleus - LP + VPL,17660
fd072bc3-2dfb-46f8-b4e3-467cb3223182,b1a879f6-5638-48d3-8f64-f6592c1b1561,Mapping the developing human immune system across organs,10.1126/science.abo0510,Full dataset of single-cell RNA-seq profiles from 9 developmental tissues across gestation (4-17 pcw),908046
fd89be61-2869-4342-a86e-e1fce3a8f269,60358420-6055-411d-ba4f-e8ac80682a2e,Spatiotemporal analysis of human intestinal development at single-cell resolution,10.1016/j.cell.2020.12.016,Spatiotemporal analysis of human intestinal development at single-cell resolution: Epithelium,17622
fe1a73ab-a203-45fd-84e9-0f7fd19efcbd,283d65eb-dd53-496d-adb7-7570c7caa443,Transcriptomic diversity of cell types across the adult human brain,10.1101/2022.10.12.511898,Dissection: Amygdaloid complex (AMY) - basolateral nuclear group (BLN) - basolateral nucleus (basal nucleus) - BL,35285
fe4b89d5-461e-440c-a5a8-621b37b122c0,5c868b6f-62c5-4532-9d7f-a346ad4b50a7,The landscape of immune dysregulation in Crohn’s disease revealed through single-cell transcriptomic profiling in the ileum and colon,10.1016/j.immuni.2023.01.002,TI epithelial,154136
fe52003e-1460-4a65-a213-2bb1a508332f,62ef75e4-cbea-454e-a0ce-998ec40223d3,Cross-tissue immune cell analysis reveals tissue-specific features in humans,10.1126/science.abl5197,Myeloid compartment,51552
ff7d15fa-f4b6-4a0e-992e-fd0c9d088ded,283d65eb-dd53-496d-adb7-7570c7caa443,Transcriptomic diversity of cell types across the adult human brain,10.1101/2022.10.12.511898,"Dissection: Cerebral cortex (Cx) - Cuneus, rostral part - Area Prostriata - Pro",28051
