# Derived extract of Supplementary Data 1, scFoundation (Hao et al. 2024, Nature Methods, doi:10.1038/s41592-024-02305-7).
# derived-from-sha256: 786c6962d01bbeeffcc88335d2e2e762f333daf399c649bec3916bc4ef2209d0
# Columns kept: project_ID, sample_ID, cell_number_reserved — every row, values unchanged. The publisher file itself is not committed.
project_ID,sample_ID,cell_number_reserved
GEO-GSE180595,GEO-GSM5706853,13099
GEO-GSE180595,GEO-GSM5706855,432
GEO-GSE180595,GEO-GSM5706856,5398
GEO-GSE180595,GEO-GSM5706859,7721
GEO-GSE180595,GEO-GSM5706860,3688
GEO-GSE180595,GEO-GSM5706862,8592
GEO-GSE180595,GEO-GSM5706863,3760
GEO-GSE180595,GEO-GSM5706857,3906
GEO-GSE180595,GEO-GSM5706861,378
GEO-GSE180595,GEO-GSM5706864,1053
GEO-GSE180595,GEO-GSM5706854,804
GEO-GSE180595,GEO-GSM5706858,4986
GEO-GSE183267,GEO-GSM5554281,4313
GEO-GSE183267,GEO-GSM5554284,3390
GEO-GSE183267,GEO-GSM5554288,4586
GEO-GSE183267,GEO-GSM5554283,3154
GEO-GSE183267,GEO-GSM5554285,3203
GEO-GSE183267,GEO-GSM5554286,4884
GEO-GSE183267,GEO-GSM5554290,6944
GEO-GSE183267,GEO-GSM5554280,6195
GEO-GSE183267,GEO-GSM5554282,4588
GEO-GSE183267,GEO-GSM5554287,5208
GEO-GSE183267,GEO-GSM5554289,6977
GEO-GSE185275,GEO-GSM5609928,10209
GEO-GSE185275,GEO-GSM5609929,10719
GEO-GSE185275,GEO-GSM5609930,7126
GEO-GSE185275,GEO-GSM5609932,10608
GEO-GSE185275,GEO-GSM5609927,8882
GEO-GSE185275,GEO-GSM5609931,5769
GEO-GSE154600,GEO-GSM4675275,8136
GEO-GSE154600,GEO-GSM4675273,16275
GEO-GSE154600,GEO-GSM4675274,16678
GEO-GSE154600,GEO-GSM4675276,5700
GEO-GSE154600,GEO-GSM4675277,4816
GEO-GSE196235,GEO-GSM5866081,51598
GEO-GSE162454,GEO-GSM4952364,8185
GEO-GSE162454,GEO-GSM4952365,9703
GEO-GSE162454,GEO-GSM5155198,4302
GEO-GSE162454,GEO-GSM5155199,10430
GEO-GSE162454,GEO-GSM5155200,9395
GEO-GSE162454,GEO-GSM4952363,8681
GEO-GSE161277,GEO-GSM4904235,3888
GEO-GSE161277,GEO-GSM4904236,3651
GEO-GSE161277,GEO-GSM4904239,6515
GEO-GSE161277,GEO-GSM4904241,4214
GEO-GSE161277,GEO-GSM4904243,2578
GEO-GSE161277,GEO-GSM4904237,3668
GEO-GSE161277,GEO-GSM4904238,3649
GEO-GSE161277,GEO-GSM4904240,6783
GEO-GSE161277,GEO-GSM4904242,4022
GEO-GSE161277,GEO-GSM4904244,2137
GEO-GSE161277,GEO-GSM4904245,2546
GEO-GSE161277,GEO-GSM4904234,2708
GEO-GSE161277,GEO-GSM4904246,4060
GEO-GSE184398,GEO-GSM5696489,1966
GEO-GSE184398,GEO-GSM5696498,1498
GEO-GSE184398,GEO-GSM5696500,14260
GEO-GSE184398,GEO-GSM5696491,2691
GEO-GSE184398,GEO-GSM5696494,6265
GEO-GSE184398,GEO-GSM5696495,429
GEO-GSE184398,GEO-GSM5696496,6546
GEO-GSE184398,GEO-GSM5696497,678
GEO-GSE184398,GEO-GSM5696499,2397
GEO-GSE184398,GEO-GSM5696490,4088
GEO-GSE184398,GEO-GSM5696492,3782
GEO-GSE184398,GEO-GSM5696493,4434
GEO-GSE148218,GEO-GSM4456252,5817
GEO-GSE148218,GEO-GSM4456257,7650
GEO-GSE148218,GEO-GSM4795824,900
GEO-GSE148218,GEO-GSM4456251,6689
GEO-GSE148218,GEO-GSM4456254,7808
GEO-GSE148218,GEO-GSM4456255,7013
GEO-GSE148218,GEO-GSM4456256,4173
GEO-GSE148218,GEO-GSM4795825,2143
GEO-GSE148218,GEO-GSM4456253,4142
GEO-GSE148218,GEO-GSM4456258,6079
GEO-GSE148218,GEO-GSM4795826,2462
GEO-GSE157773,GEO-GSM4774852,12043
GEO-GSE157773,GEO-GSM4774853,14748
GEO-GSE157773,GEO-GSM4774854,11235
GEO-GSE157773,GEO-GSM4774851,10661
GEO-GSE163830,GEO-GSM4988048,27953
GEO-GSE163830,GEO-GSM4988049,16756
GEO-GSE163830,GEO-GSM4988047,3932
GEO-GSE159556,GEO-GSM4832478,11021
GEO-GSE159556,GEO-GSM4832476,5501
GEO-GSE159556,GEO-GSM4832479,10173
GEO-GSE159556,GEO-GSM4832477,8606
GEO-GSE159556,GEO-GSM4832480,11851
GEO-GSE142585,GEO-GSM4232462,1764
GEO-GSE142585,GEO-GSM4232465,1232
GEO-GSE142585,GEO-GSM4232467,3263
GEO-GSE142585,GEO-GSM4232464,1088
GEO-GSE142585,GEO-GSM4232466,3524
GEO-GSE142585,GEO-GSM4232468,1692
GEO-GSE142585,GEO-GSM4232469,2261
GEO-GSE142585,GEO-GSM4232470,4796
GEO-GSE142585,GEO-GSM4232461,1057
GEO-GSE142585,GEO-GSM4232463,1055
GEO-GSE139522,GEO-GSM4142872,10069
GEO-GSE139522,GEO-GSM4142870,6722
GEO-GSE139522,GEO-GSM4142871,13338
GEO-GSE139522,GEO-GSM4142873,14558
GEO-GSE145122,GEO-GSM4306931,10619
GEO-GSE145122,GEO-GSM4306933,14599
GEO-GSE145122,GEO-GSM4306932,4009
GEO-GSE145122,GEO-GSM4306934,16067
GEO-GSE165496,GEO-GSM5034684,8662
GEO-GSE165496,GEO-GSM5034685,11000
GEO-GSE165496,GEO-GSM5034680,8198
GEO-GSE165496,GEO-GSM5034681,4353
GEO-GSE165496,GEO-GSM5034683,8589
GEO-GSE165496,GEO-GSM5034682,3186
GEO-GSE165822,GEO-GSM5050658,8198
GEO-GSE165822,GEO-GSM5050661,8589
GEO-GSE165822,GEO-GSM5050660,3186
GEO-GSE165822,GEO-GSM5050662,8662
GEO-GSE165822,GEO-GSM5050663,11000
GEO-GSE165822,GEO-GSM5050659,4353
GEO-GSE153056,GEO-GSM4633608,16695
GEO-GSE153056,GEO-GSM4633605,7566
GEO-GSE153056,GEO-GSM4633614,20729
GEO-GSE143753,GEO-GSM4274191,4375
GEO-GSE143753,GEO-GSM4274192,5745
GEO-GSE143753,GEO-GSM4274193,5560
GEO-GSE143753,GEO-GSM4274188,5300
GEO-GSE143753,GEO-GSM4274189,7351
GEO-GSE143753,GEO-GSM4274190,7239
GEO-GSE143753,GEO-GSM4274194,2932
GEO-GSE143753,GEO-GSM4609136,4355
GEO-GSE161921,GEO-GSM4923401,5157
GEO-GSE161921,GEO-GSM4923402,4895
GEO-GSE161921,GEO-GSM4923403,15335
GEO-GSE161921,GEO-GSM4923404,12975
GEO-GSE113675,GEO-GSM3110967,3668
GEO-GSE113675,GEO-GSM3417508,4981
GEO-GSE113675,GEO-GSM3417509,2829
GEO-GSE113675,GEO-GSM3417510,2276
GEO-GSE113675,GEO-GSM3110968,4278
GEO-GSE113675,GEO-GSM3417506,4703
GEO-GSE113675,GEO-GSM3417507,4979
GEO-GSE147143,GEO-GSM4419186,2146
GEO-GSE147143,GEO-GSM4419187,10736
GEO-GSE147143,GEO-GSM4419185,7295
GEO-GSE189202,GEO-GSM5696059,6967
GEO-GSE189202,GEO-GSM5696060,10164
GEO-GSE189202,GEO-GSM5696061,8870
GEO-GSE189202,GEO-GSM5696058,13184
GEO-GSE161801,GEO-GSM4914650,1504
GEO-GSE161801,GEO-GSM4914656,6232
GEO-GSE161801,GEO-GSM4914657,1840
GEO-GSE161801,GEO-GSM4914658,809
GEO-GSE161801,GEO-GSM4914662,1747
GEO-GSE161801,GEO-GSM4914663,4623
GEO-GSE161801,GEO-GSM4914665,4298
GEO-GSE161801,GEO-GSM4914668,3882
GEO-GSE161801,GEO-GSM4914671,2667
GEO-GSE161801,GEO-GSM4914672,1630
GEO-GSE161801,GEO-GSM4914677,481
GEO-GSE161801,GEO-GSM4914686,2303
GEO-GSE161801,GEO-GSM4914688,569
GEO-GSE161801,GEO-GSM4914692,3206
GEO-GSE161801,GEO-GSM4914694,2688
GEO-GSE161801,GEO-GSM4914695,1662
GEO-GSE161801,GEO-GSM4914703,3265
GEO-GSE161801,GEO-GSM4914704,4575
GEO-GSE161801,GEO-GSM4914708,3940
GEO-GSE161801,GEO-GSM4914709,1923
GEO-GSE161801,GEO-GSM4914714,3804
GEO-GSE161801,GEO-GSM4914715,1861
GEO-GSE161801,GEO-GSM4914719,303
GEO-GSE161801,GEO-GSM4914721,1017
GEO-GSE161801,GEO-GSM4914729,2417
GEO-GSE161801,GEO-GSM4914732,1707
GEO-GSE161801,GEO-GSM4914734,800
GEO-GSE161801,GEO-GSM4914652,3372
GEO-GSE161801,GEO-GSM4914653,1051
GEO-GSE161801,GEO-GSM4914654,1782
GEO-GSE161801,GEO-GSM4914655,4273
GEO-GSE161801,GEO-GSM4914660,3256
GEO-GSE161801,GEO-GSM4914664,4492
GEO-GSE161801,GEO-GSM4914666,3267
GEO-GSE161801,GEO-GSM4914667,1848
GEO-GSE161801,GEO-GSM4914669,3774
GEO-GSE161801,GEO-GSM4914670,409
GEO-GSE161801,GEO-GSM4914676,2255
GEO-GSE161801,GEO-GSM4914678,2548
GEO-GSE161801,GEO-GSM4914679,1099
GEO-GSE161801,GEO-GSM4914680,3717
GEO-GSE161801,GEO-GSM4914682,6109
GEO-GSE161801,GEO-GSM4914683,3972
GEO-GSE161801,GEO-GSM4914685,2492
GEO-GSE161801,GEO-GSM4914687,995
GEO-GSE161801,GEO-GSM4914693,338
GEO-GSE161801,GEO-GSM4914696,1883
GEO-GSE161801,GEO-GSM4914702,3130
GEO-GSE161801,GEO-GSM4914706,3519
GEO-GSE161801,GEO-GSM4914712,1741
GEO-GSE161801,GEO-GSM4914713,2500
GEO-GSE161801,GEO-GSM4914720,2247
GEO-GSE161801,GEO-GSM4914722,3557
GEO-GSE161801,GEO-GSM4914723,5773
GEO-GSE161801,GEO-GSM4914731,1013
GEO-GSE161801,GEO-GSM4914735,520
GEO-GSE161801,GEO-GSM4914649,37
GEO-GSE161801,GEO-GSM4914651,1726
GEO-GSE161801,GEO-GSM4914659,349
GEO-GSE161801,GEO-GSM4914661,259
GEO-GSE161801,GEO-GSM4914673,3469
GEO-GSE161801,GEO-GSM4914674,3021
GEO-GSE161801,GEO-GSM4914675,2751
GEO-GSE161801,GEO-GSM4914681,1063
GEO-GSE161801,GEO-GSM4914684,204
GEO-GSE161801,GEO-GSM4914689,1420
GEO-GSE161801,GEO-GSM4914690,3276
GEO-GSE161801,GEO-GSM4914691,1275
GEO-GSE161801,GEO-GSM4914697,2407
GEO-GSE161801,GEO-GSM4914698,1033
GEO-GSE161801,GEO-GSM4914699,6585
GEO-GSE161801,GEO-GSM4914700,8849
GEO-GSE161801,GEO-GSM4914701,3433
GEO-GSE161801,GEO-GSM4914705,1452
GEO-GSE161801,GEO-GSM4914707,684
GEO-GSE161801,GEO-GSM4914710,2618
GEO-GSE161801,GEO-GSM4914711,144
GEO-GSE161801,GEO-GSM4914716,2193
GEO-GSE161801,GEO-GSM4914717,118
GEO-GSE161801,GEO-GSM4914718,5505
GEO-GSE161801,GEO-GSM4914724,2262
GEO-GSE161801,GEO-GSM4914725,2106
GEO-GSE161801,GEO-GSM4914726,3829
GEO-GSE161801,GEO-GSM4914727,4575
GEO-GSE161801,GEO-GSM4914728,1930
GEO-GSE161801,GEO-GSM4914730,667
GEO-GSE161801,GEO-GSM4914733,479
GEO-GSE163018,GEO-GSM4970298,8295
GEO-GSE163018,GEO-GSM4970299,7756
GEO-GSE163018,GEO-GSM4970303,10909
GEO-GSE163018,GEO-GSM4970304,11172
GEO-GSE139409,GEO-GSM4140811,15004
GEO-GSE139409,GEO-GSM4140810,22804
GEO-GSE157525,GEO-GSM4769385,6294
GEO-GSE157525,GEO-GSM4769380,6237
GEO-GSE157525,GEO-GSM4769381,5587
GEO-GSE157525,GEO-GSM4769382,6048
GEO-GSE157525,GEO-GSM4769383,5968
GEO-GSE157525,GEO-GSM4769384,7531
GEO-GSE158971,GEO-GSM4816782,12972
GEO-GSE158971,GEO-GSM4816781,12354
GEO-GSE158971,GEO-GSM4816780,11987
GEO-GSE155850,GEO-GSM4712969,12738
GEO-GSE155850,GEO-GSM4712971,6787
GEO-GSE155850,GEO-GSM4712970,10967
GEO-GSE155850,GEO-GSM4712972,5878
GEO-GSE133028,GEO-GSM5264634,485
GEO-GSE133028,GEO-GSM5264635,4527
GEO-GSE133028,GEO-GSM5264636,1645
GEO-GSE133028,GEO-GSM5264637,6124
GEO-GSE133028,GEO-GSM5264638,13317
GEO-GSE133028,GEO-GSM5264639,3239
GEO-GSE133028,GEO-GSM5264640,9177
GEO-GSE133028,GEO-GSM5264641,2354
GEO-GSE133028,GEO-GSM5264642,5166
GEO-GSE133028,GEO-GSM5264643,4154
GEO-GSE133028,GEO-GSM5264644,4627
GEO-GSE133028,GEO-GSM5264645,2724
GEO-GSE133028,GEO-GSM5264646,5173
GEO-GSE133028,GEO-GSM5264647,2411
GEO-GSE133028,GEO-GSM5264648,5185
GEO-GSE133028,GEO-GSM5264649,6424
GEO-GSE133028,GEO-GSM5264650,9043
GEO-GSE133028,GEO-GSM5264651,5051
GEO-GSE133028,GEO-GSM5264652,6231
GEO-GSE133028,GEO-GSM5264653,4046
GEO-GSE133028,GEO-GSM5264654,4557
GEO-GSE133028,GEO-GSM5264655,897
GEO-GSE133028,GEO-GSM5264656,4046
GEO-GSE133028,GEO-GSM5264657,3622
GEO-GSE133028,GEO-GSM5264658,7779
GEO-GSE133028,GEO-GSM5264659,2548
GEO-GSE133028,GEO-GSM5264660,5720
GEO-GSE133028,GEO-GSM5264661,1874
GEO-GSE133028,GEO-GSM5264662,3334
GEO-GSE133028,GEO-GSM5264663,3081
GEO-GSE133028,GEO-GSM5264664,4763
GEO-GSE133028,GEO-GSM5264665,662
GEO-GSE133028,GEO-GSM5264666,5439
GEO-GSE133028,GEO-GSM5264667,4919
GEO-GSE133028,GEO-GSM5264668,6653
GEO-GSE133028,GEO-GSM5264669,7445
GEO-GSE133028,GEO-GSM5264670,3560
GEO-GSE133028,GEO-GSM5264671,3893
GEO-GSE135133,GEO-GSM3988006,12157
GEO-GSE135133,GEO-GSM3988007,12367
GEO-GSE135133,GEO-GSM3988008,10308
GEO-GSE135133,GEO-GSM3988009,10232
GEO-GSE135133,GEO-GSM3988010,11020
GEO-GSE135133,GEO-GSM3988011,14122
GEO-GSE135133,GEO-GSM3988012,13858
GEO-GSE135133,GEO-GSM3988013,13198
GEO-GSE135133,GEO-GSM3988014,7103
GEO-GSE135133,GEO-GSM3988015,7011
GEO-GSE135133,GEO-GSM3988016,10403
GEO-GSE140881,GEO-GSM4189629,8747
GEO-GSE140881,GEO-GSM4189630,10585
GEO-GSE140881,GEO-GSM4189632,6717
GEO-GSE140881,GEO-GSM4189633,6233
GEO-GSE140881,GEO-GSM4189634,7529
GEO-GSE140881,GEO-GSM4189635,7154
GEO-GSE140881,GEO-GSM4189636,7483
GEO-GSE140881,GEO-GSM4189637,7173
GEO-GSE140881,GEO-GSM4189638,8261
GEO-GSE140881,GEO-GSM4189639,8532
GEO-GSE143783,GEO-GSM4274565,13638
GEO-GSE143783,GEO-GSM4274566,14048
GEO-GSE143783,GEO-GSM4274567,9472
GEO-GSE143783,GEO-GSM4274568,9820
GEO-GSE143783,GEO-GSM4274569,8428
GEO-GSE143783,GEO-GSM4274570,7560
GEO-GSE143783,GEO-GSM4274571,9684
GEO-GSE143783,GEO-GSM4274572,9423
GEO-GSE143783,GEO-GSM4274574,10609
GEO-GSE143783,GEO-GSM4274575,13186
GEO-GSE143783,GEO-GSM4274576,6405
GEO-GSE143783,GEO-GSM4274577,7162
GEO-GSE143783,GEO-GSM4274578,5770
GEO-GSE143783,GEO-GSM4274579,2318
GEO-GSE143783,GEO-GSM4274580,1002
GEO-GSE143783,GEO-GSM4274581,1385
GEO-GSE143783,GEO-GSM4274582,9145
GEO-GSE143783,GEO-GSM4274583,6861
GEO-GSE143791,GEO-GSM4274678,1585
GEO-GSE143791,GEO-GSM4274679,1309
GEO-GSE143791,GEO-GSM4274680,726
GEO-GSE143791,GEO-GSM4274681,3623
GEO-GSE143791,GEO-GSM4274682,903
GEO-GSE143791,GEO-GSM4274683,4008
GEO-GSE143791,GEO-GSM4274684,1974
GEO-GSE143791,GEO-GSM4274685,2483
GEO-GSE143791,GEO-GSM4274686,2199
GEO-GSE143791,GEO-GSM4274687,2231
GEO-GSE143791,GEO-GSM4274688,2076
GEO-GSE143791,GEO-GSM4274689,1503
GEO-GSE143791,GEO-GSM4274690,6153
GEO-GSE143791,GEO-GSM4274691,2785
GEO-GSE143791,GEO-GSM4274692,2491
GEO-GSE143791,GEO-GSM4274693,2026
GEO-GSE143791,GEO-GSM4274694,2508
GEO-GSE143791,GEO-GSM4274695,4751
GEO-GSE143791,GEO-GSM4274696,1120
GEO-GSE143791,GEO-GSM4274697,1456
GEO-GSE143791,GEO-GSM4274698,1483
GEO-GSE143791,GEO-GSM4274699,1694
GEO-GSE143791,GEO-GSM4274700,1066
GEO-GSE143791,GEO-GSM4274701,1342
GEO-GSE143791,GEO-GSM4274702,1732
GEO-GSE143791,GEO-GSM4274703,4358
GEO-GSE143791,GEO-GSM4274704,3900
GEO-GSE143791,GEO-GSM4274705,1517
GEO-GSE143791,GEO-GSM4274706,3061
GEO-GSE143791,GEO-GSM4274707,3963
GEO-GSE143791,GEO-GSM4274708,2245
GEO-GSE143791,GEO-GSM4274709,2369
GEO-GSE143791,GEO-GSM5551112,1059
GEO-GSE143791,GEO-GSM5551113,572
GEO-GSE143791,GEO-GSM5551114,2359
GEO-GSE144870,GEO-GSM4299783,9185
GEO-GSE144870,GEO-GSM4299784,13316
GEO-GSE144870,GEO-GSM4299785,9118
GEO-GSE144870,GEO-GSM4299786,11237
GEO-GSE144870,GEO-GSM4299787,11932
GEO-GSE144870,GEO-GSM4299788,8709
GEO-GSE144870,GEO-GSM4299789,8781
GEO-GSE146276,GEO-GSM4376602,4042
GEO-GSE146276,GEO-GSM4376603,3601
GEO-GSE146276,GEO-GSM4376604,3796
GEO-GSE146276,GEO-GSM4376605,3453
GEO-GSE156326,GEO-GSM4729097,1015
GEO-GSE156326,GEO-GSM4729098,3923
GEO-GSE156326,GEO-GSM4729099,731
GEO-GSE156326,GEO-GSM4729100,3188
GEO-GSE156326,GEO-GSM4729101,7999
GEO-GSE156326,GEO-GSM4729102,5653
GEO-GSE159519,GEO-GSM4831690,13010
GEO-GSE159519,GEO-GSM4831691,11694
GEO-GSE159519,GEO-GSM4831696,22456
GEO-GSE159519,GEO-GSM4831697,23680
GEO-GSE159977,GEO-GSM4851987,9841
GEO-GSE159977,GEO-GSM4851988,14907
GEO-GSE159977,GEO-GSM4851989,24672
GEO-GSE159977,GEO-GSM4851990,9205
GEO-GSE159977,GEO-GSM4851991,7708
GEO-GSE159977,GEO-GSM4851992,8370
GEO-GSE159977,GEO-GSM4851993,9015
GEO-GSE159977,GEO-GSM4851994,9382
GEO-GSE159977,GEO-GSM4851995,8704
GEO-GSE159977,GEO-GSM4851996,1021
GEO-GSE163834,GEO-GSM5211131,2665
GEO-GSE163834,GEO-GSM5211132,1308
GEO-GSE163834,GEO-GSM5211133,3175
GEO-GSE163834,GEO-GSM5211134,3928
GEO-GSE164695,GEO-GSM5017120,6344
GEO-GSE164695,GEO-GSM5017121,4113
GEO-GSE164695,GEO-GSM5017122,6320
GEO-GSE164695,GEO-GSM5017123,4383
GEO-GSE164695,GEO-GSM5017124,5019
GEO-GSE164695,GEO-GSM5017125,3644
GEO-GSE164695,GEO-GSM5017126,3938
GEO-GSE164695,GEO-GSM5017127,3701
GEO-GSE164695,GEO-GSM5017128,5815
GEO-GSE164695,GEO-GSM5017130,5982
GEO-GSE164695,GEO-GSM5017132,6789
GEO-GSE164695,GEO-GSM5017134,5203
GEO-GSE164695,GEO-GSM5017136,5356
GEO-GSE164695,GEO-GSM5017138,4536
GEO-GSE166355,GEO-GSM5068996,12657
GEO-GSE166355,GEO-GSM5068997,6084
GEO-GSE166355,GEO-GSM5068998,6456
GEO-GSE166766,GEO-GSM5082289,22608
GEO-GSE166766,GEO-GSM5082290,11829
GEO-GSE166766,GEO-GSM5082291,14686
GEO-GSE166766,GEO-GSM5082292,28520
GEO-GSE179427,GEO-GSM5417503,9669
GEO-GSE179427,GEO-GSM5417504,6163
GEO-GSE179427,GEO-GSM5417505,1479
GEO-GSE179427,GEO-GSM5417506,1610
GEO-GSE179427,GEO-GSM5417507,2947
GEO-GSE179427,GEO-GSM5417508,2886
GEO-GSE179427,GEO-GSM5417509,1763
GEO-GSE179427,GEO-GSM5417510,8622
GEO-GSE179427,GEO-GSM5417511,6474
GEO-GSE179427,GEO-GSM5417512,2755
GEO-GSE179427,GEO-GSM5417513,2447
GEO-GSE179427,GEO-GSM5417514,4235
GEO-GSE179427,GEO-GSM5417515,1355
GEO-GSE179427,GEO-GSM5417516,3571
GEO-GSE179427,GEO-GSM5417517,3383
GEO-GSE181316,GEO-GSM5494683,12392
GEO-GSE181316,GEO-GSM5494684,7439
GEO-GSE181316,GEO-GSM5494685,20106
GEO-GSE181316,GEO-GSM5494686,12346
GEO-GSE181316,GEO-GSM5494687,16325
GEO-GSE181316,GEO-GSM5494688,1571
GEO-GSE181316,GEO-GSM5494689,16503
GEO-GSE181316,GEO-GSM5494690,11482
GEO-GSE183655,GEO-GSM5567093,3782
GEO-GSE183655,GEO-GSM5567094,2287
GEO-GSE183655,GEO-GSM5567095,5731
GEO-GSE183655,GEO-GSM5567096,12111
GEO-GSE183655,GEO-GSM5567097,1524
GEO-GSE183655,GEO-GSM5567098,12126
GEO-GSE183655,GEO-GSM5567099,12561
GEO-GSE183655,GEO-GSM5567100,735
GEO-GSE183655,GEO-GSM5567101,13184
GEO-GSE183655,GEO-GSM5567102,16122
GEO-GSE185479,GEO-GSM5616015,10506
GEO-GSE185479,GEO-GSM5616016,11606
GEO-GSE185479,GEO-GSM5616017,15441
GEO-GSE185479,GEO-GSM5616018,10039
GEO-GSE185479,GEO-GSM5616019,13148
GEO-GSE185479,GEO-GSM5616020,13057
GEO-GSE188280,GEO-GSM5676873,6469
GEO-GSE188280,GEO-GSM5676874,13540
GEO-GSE188280,GEO-GSM5676875,10285
GEO-GSE188280,GEO-GSM5676876,11751
GEO-GSE188280,GEO-GSM5676877,3192
GEO-GSE188280,GEO-GSM5676878,12557
GEO-GSE188280,GEO-GSM5676879,5907
GEO-GSE188280,GEO-GSM5676880,10284
GEO-GSE188280,GEO-GSM5676881,3380
GEO-GSE188280,GEO-GSM5676882,13180
GEO-GSE188280,GEO-GSM5676883,4064
GEO-GSE188280,GEO-GSM5676884,10150
GEO-GSE194105,GEO-GSM5828140,10070
GEO-GSE194105,GEO-GSM5828141,9161
GEO-GSE194105,GEO-GSM5828142,3901
GEO-GSE194105,GEO-GSM5828143,12596
GEO-GSE194105,GEO-GSM5828144,8591
GEO-GSE194105,GEO-GSM5828145,12474
GEO-GSE194105,GEO-GSM5828146,14968
GEO-GSE194105,GEO-GSM5828147,2733
GEO-GSE199280,GEO-GSM5968653,16133
GEO-GSE199280,GEO-GSM5968654,19843
GEO-GSE199280,GEO-GSM5968655,19320
GEO-GSE199280,GEO-GSM5968656,15997
GEO-GSE199280,GEO-GSM5968657,12272
GEO-GSE199280,GEO-GSM5968658,17744
GEO-GSE201048,GEO-GSM6049632,6567
GEO-GSE201048,GEO-GSM6049633,4867
GEO-GSE201048,GEO-GSM6049634,7245
GEO-GSE201048,GEO-GSM6049635,8313
GEO-GSE201048,GEO-GSM6049636,11609
GEO-GSE201048,GEO-GSM6049637,5140
GEO-GSE201048,GEO-GSM6049638,10537
GEO-GSE201048,GEO-GSM6049639,7445
GEO-GSE201048,GEO-GSM6049640,9388
GEO-GSE201048,GEO-GSM6049641,8884
GEO-GSE201048,GEO-GSM6049642,9114
GEO-GSE202210,GEO-GSM6106340,4813
GEO-GSE202210,GEO-GSM6106341,5862
GEO-GSE202210,GEO-GSM6106342,7455
GEO-GSE202210,GEO-GSM6106343,5090
GEO-GSE202210,GEO-GSM6106344,8316
GEO-GSE202210,GEO-GSM6106345,9071
GEO-GSE202210,GEO-GSM6106346,1891
GEO-GSE202210,GEO-GSM6106347,10440
GEO-GSE202210,GEO-GSM6106348,7365
GEO-GSE202210,GEO-GSM6106349,5633
GEO-GSE202210,GEO-GSM6106350,6246
GEO-GSE202210,GEO-GSM6106351,5797
GEO-GSE203081,GEO-GSM6153521,48146
GEO-GSE203081,GEO-GSM6153523,34581
GEO-GSE135356,GEO-GSM4006843,11693
GEO-GSE135356,GEO-GSM4006844,15830
GEO-GSE135356,GEO-GSM4006845,4446
GEO-GSE135356,GEO-GSM4006846,13690
GEO-GSE135356,GEO-GSM4006847,8263
GEO-GSE135356,GEO-GSM4006848,6908
GEO-GSE135399,GEO-GSM4007637,8160
GEO-GSE135399,GEO-GSM4007638,1018
GEO-GSE135399,GEO-GSM4007639,8850
GEO-GSE135399,GEO-GSM4007640,4266
GEO-GSE135399,GEO-GSM4007641,6325
GEO-GSE135399,GEO-GSM4007642,7076
GEO-GSE135399,GEO-GSM4007643,5246
GEO-GSE135399,GEO-GSM4007644,5919
GEO-GSE135399,GEO-GSM4453843,16733
GEO-GSE140989,GEO-GSM4191941,1177
GEO-GSE140989,GEO-GSM4191942,2342
GEO-GSE140989,GEO-GSM4191943,6090
GEO-GSE140989,GEO-GSM4191944,379
GEO-GSE140989,GEO-GSM4191945,2323
GEO-GSE140989,GEO-GSM4191946,5333
GEO-GSE140989,GEO-GSM4191947,1134
GEO-GSE140989,GEO-GSM4191948,4332
GEO-GSE140989,GEO-GSM4191949,570
GEO-GSE140989,GEO-GSM4191950,4407
GEO-GSE140989,GEO-GSM4191951,428
GEO-GSE140989,GEO-GSM4191952,5378
GEO-GSE140989,GEO-GSM4191953,7342
GEO-GSE140989,GEO-GSM4191954,3898
GEO-GSE140989,GEO-GSM4191955,3351
GEO-GSE140989,GEO-GSM4191956,2775
GEO-GSE140989,GEO-GSM4191957,2827
GEO-GSE140989,GEO-GSM4191958,1086
GEO-GSE140989,GEO-GSM4191959,541
GEO-GSE140989,GEO-GSM4191960,724
GEO-GSE140989,GEO-GSM4191961,978
GEO-GSE140989,GEO-GSM4191962,1039
GEO-GSE140989,GEO-GSM4191963,745
GEO-GSE140989,GEO-GSM4191964,5342
GEO-GSE145326,GEO-GSM4314780,8150
GEO-GSE145326,GEO-GSM4314781,9189
GEO-GSE145326,GEO-GSM4314782,10403
GEO-GSE145326,GEO-GSM4314783,8887
GEO-GSE145326,GEO-GSM4314784,9699
GEO-GSE145326,GEO-GSM4314785,7369
GEO-GSE147564,GEO-GSM4433529,9375
GEO-GSE147564,GEO-GSM4433530,5761
GEO-GSE147564,GEO-GSM4433531,4717
GEO-GSE147564,GEO-GSM4433532,2827
GEO-GSE147564,GEO-GSM4433533,5118
GEO-GSE147564,GEO-GSM4433534,3177
GEO-GSE147564,GEO-GSM4433535,2679
GEO-GSE147564,GEO-GSM4433536,3934
GEO-GSE147564,GEO-GSM4433537,576
GEO-GSE147564,GEO-GSM4433538,3550
GEO-GSE147564,GEO-GSM4433539,4616
GEO-GSE147564,GEO-GSM4433540,1943
GEO-GSE147564,GEO-GSM4433541,3317
GEO-GSE147564,GEO-GSM4433542,3993
GEO-GSE148071,GEO-GSM4453576,5317
GEO-GSE148071,GEO-GSM4453577,306
GEO-GSE148071,GEO-GSM4453578,7833
GEO-GSE148071,GEO-GSM4453579,4556
GEO-GSE148071,GEO-GSM4453580,2453
GEO-GSE148071,GEO-GSM4453581,3112
GEO-GSE148071,GEO-GSM4453582,3048
GEO-GSE148071,GEO-GSM4453583,1340
GEO-GSE148071,GEO-GSM4453584,3520
GEO-GSE148071,GEO-GSM4453585,3740
GEO-GSE148071,GEO-GSM4453586,573
GEO-GSE148071,GEO-GSM4453587,891
GEO-GSE148071,GEO-GSM4453588,938
GEO-GSE148071,GEO-GSM4453589,1808
GEO-GSE148071,GEO-GSM4453590,3592
GEO-GSE148071,GEO-GSM4453591,1147
GEO-GSE148071,GEO-GSM4453592,8700
GEO-GSE148071,GEO-GSM4453593,3311
GEO-GSE148071,GEO-GSM4453594,453
GEO-GSE148071,GEO-GSM4453595,429
GEO-GSE148071,GEO-GSM4453596,1968
GEO-GSE148071,GEO-GSM4453597,643
GEO-GSE148071,GEO-GSM4453598,2387
GEO-GSE148071,GEO-GSM4453599,379
GEO-GSE148071,GEO-GSM4453600,4029
GEO-GSE148071,GEO-GSM4453601,486
GEO-GSE148071,GEO-GSM4453602,631
GEO-GSE148071,GEO-GSM4453603,2372
GEO-GSE148071,GEO-GSM4453604,969
GEO-GSE148071,GEO-GSM4453605,742
GEO-GSE148071,GEO-GSM4453606,387
GEO-GSE148071,GEO-GSM4453607,595
GEO-GSE148071,GEO-GSM4453608,350
GEO-GSE148071,GEO-GSM4453609,972
GEO-GSE148071,GEO-GSM4453610,1079
GEO-GSE148071,GEO-GSM4453611,489
GEO-GSE148071,GEO-GSM4453612,2486
GEO-GSE148071,GEO-GSM4453613,1354
GEO-GSE148071,GEO-GSM4453614,1896
GEO-GSE148071,GEO-GSM4453615,1151
GEO-GSE148071,GEO-GSM4453616,6222
GEO-GSE148071,GEO-GSM4453617,977
GEO-GSE153760,GEO-GSM4653855,4841
GEO-GSE153760,GEO-GSM4653856,3795
GEO-GSE153760,GEO-GSM4653857,1816
GEO-GSE153760,GEO-GSM4653858,3220
GEO-GSE153760,GEO-GSM4653859,5627
GEO-GSE153760,GEO-GSM4653860,5104
GEO-GSE153760,GEO-GSM4653861,6242
GEO-GSE153760,GEO-GSM4653862,5549
GEO-GSE153760,GEO-GSM4653863,86
GEO-GSE153760,GEO-GSM4653864,670
GEO-GSE153760,GEO-GSM4653865,2658
GEO-GSE153760,GEO-GSM4653866,2096
GEO-GSE153760,GEO-GSM4653867,666
GEO-GSE153760,GEO-GSM4653868,5431
GEO-GSE153760,GEO-GSM4653869,9694
GEO-GSE157760,GEO-GSM4774667,8184
GEO-GSE157760,GEO-GSM4774668,8946
GEO-GSE157760,GEO-GSM4774669,11694
GEO-GSE157760,GEO-GSM4774670,5850
GEO-GSE157760,GEO-GSM4774671,14241
GEO-GSE157760,GEO-GSM4774672,7283
GEO-GSE163278,GEO-GSM4976501,1177
GEO-GSE163278,GEO-GSM4976502,1316
GEO-GSE163278,GEO-GSM4976503,933
GEO-GSE163278,GEO-GSM4976504,1166
GEO-GSE163278,GEO-GSM4976505,1121
GEO-GSE163278,GEO-GSM4976506,1490
GEO-GSE163278,GEO-GSM4976507,2114
GEO-GSE163278,GEO-GSM4976508,1995
GEO-GSE163278,GEO-GSM4976509,1115
GEO-GSE163278,GEO-GSM4976510,332
GEO-GSE163278,GEO-GSM4976511,1599
GEO-GSE163278,GEO-GSM4976512,2267
GEO-GSE163278,GEO-GSM4976513,2250
GEO-GSE163278,GEO-GSM4976514,2294
GEO-GSE163278,GEO-GSM4976515,1829
GEO-GSE163278,GEO-GSM4976516,1424
GEO-GSE163278,GEO-GSM4976517,1761
GEO-GSE163278,GEO-GSM4976518,1438
GEO-GSE163278,GEO-GSM4976519,2438
GEO-GSE163278,GEO-GSM4976520,2294
GEO-GSE163278,GEO-GSM4976521,2562
GEO-GSE163278,GEO-GSM4976522,3035
GEO-GSE163278,GEO-GSM4976523,1768
GEO-GSE163278,GEO-GSM4976524,1365
GEO-GSE163278,GEO-GSM4976525,1533
GEO-GSE163278,GEO-GSM4976526,2467
GEO-GSE163278,GEO-GSM4976527,1007
GEO-GSE163278,GEO-GSM4976528,1364
GEO-GSE163278,GEO-GSM4976529,1671
GEO-GSE163278,GEO-GSM4976530,1816
GEO-GSE163278,GEO-GSM4976531,1702
GEO-GSE163278,GEO-GSM4976532,1514
GEO-GSE163278,GEO-GSM4976533,2378
GEO-GSE164715,GEO-GSM5017686,4318
GEO-GSE164715,GEO-GSM5017687,6599
GEO-GSE164715,GEO-GSM5017688,10451
GEO-GSE164715,GEO-GSM5017689,6043
GEO-GSE164715,GEO-GSM5017690,3228
GEO-GSE164715,GEO-GSM5017691,6136
GEO-GSE164715,GEO-GSM5017692,8226
GEO-GSE164715,GEO-GSM5017693,8030
GEO-GSE164715,GEO-GSM5017694,4841
GEO-GSE164715,GEO-GSM5017695,10410
GEO-GSE175502,GEO-GSM5335528,6298
GEO-GSE175502,GEO-GSM5335529,52098
GEO-GSE175719,GEO-GSM5345017,13414
GEO-GSE175719,GEO-GSM5345018,9557
GEO-GSE175719,GEO-GSM5345019,13540
GEO-GSE175719,GEO-GSM5345020,13337
GEO-GSE175719,GEO-GSM5345021,6839
GEO-GSE175719,GEO-GSM5345022,10464
GEO-GSE175930,GEO-GSM5351369,802
GEO-GSE175930,GEO-GSM5351370,2092
GEO-GSE175930,GEO-GSM5351371,2597
GEO-GSE175930,GEO-GSM5351372,939
GEO-GSE175930,GEO-GSM5351373,732
GEO-GSE175930,GEO-GSM5351374,2725
GEO-GSE175930,GEO-GSM5351375,634
GEO-GSE175930,GEO-GSM5351376,990
GEO-GSE175930,GEO-GSM5351377,4810
GEO-GSE175930,GEO-GSM5351378,995
GEO-GSE175930,GEO-GSM5351379,778
GEO-GSE175930,GEO-GSM5351380,599
GEO-GSE175930,GEO-GSM5351381,1100
GEO-GSE175930,GEO-GSM5351382,2902
GEO-GSE175930,GEO-GSM5351383,1638
GEO-GSE175930,GEO-GSM5351384,1439
GEO-GSE175930,GEO-GSM5351385,577
GEO-GSE175930,GEO-GSM5351386,1198
GEO-GSE175930,GEO-GSM5351387,724
GEO-GSE175930,GEO-GSM5351388,545
GEO-GSE175930,GEO-GSM5394603,451
GEO-GSE175930,GEO-GSM5394604,848
GEO-GSE175930,GEO-GSM5394605,541
GEO-GSE175930,GEO-GSM5394606,304
GEO-GSE175930,GEO-GSM5394607,199
GEO-GSE175930,GEO-GSM5394608,1678
GEO-GSE175930,GEO-GSM5394609,1175
GEO-GSE175930,GEO-GSM5394610,461
GEO-GSE175930,GEO-GSM5394611,3679
GEO-GSE175930,GEO-GSM5394612,1806
GEO-GSE175930,GEO-GSM5394613,1708
GEO-GSE175930,GEO-GSM5394614,2726
GEO-GSE175930,GEO-GSM5394615,1815
GEO-GSE175930,GEO-GSM5394616,877
GEO-GSE175930,GEO-GSM5394617,3141
GEO-GSE175930,GEO-GSM5394618,412
GEO-GSE175930,GEO-GSM5394619,187
GEO-GSE175930,GEO-GSM5394620,1310
GEO-GSE175930,GEO-GSM5394621,276
GEO-GSE175930,GEO-GSM5394622,2684
GEO-GSE175930,GEO-GSM5394623,1386
GEO-GSE175930,GEO-GSM5394624,425
GEO-GSE175930,GEO-GSM5394625,633
GEO-GSE175930,GEO-GSM5394626,1913
GEO-GSE176415,GEO-GSM5364333,7601
GEO-GSE176415,GEO-GSM5364334,12103
GEO-GSE176415,GEO-GSM5364335,10556
GEO-GSE176415,GEO-GSM5364336,4745
GEO-GSE176415,GEO-GSM5364337,9559
GEO-GSE176415,GEO-GSM5364338,9707
GEO-GSE176415,GEO-GSM5364339,12681
GEO-GSE179268,GEO-GSM5412778,32352
GEO-GSE179268,GEO-GSM5412779,15416
GEO-GSE181984,GEO-GSM5515161,8277
GEO-GSE181984,GEO-GSM5515162,10154
GEO-GSE181984,GEO-GSM5515163,8318
GEO-GSE181984,GEO-GSM5515164,8893
GEO-GSE181984,GEO-GSM5515165,4537
GEO-GSE181984,GEO-GSM5515166,6531
GEO-GSE181984,GEO-GSM5515167,6746
GEO-GSE181984,GEO-GSM5515168,9298
GEO-GSE182298,GEO-GSM5526327,12559
GEO-GSE182298,GEO-GSM5526328,12728
GEO-GSE182298,GEO-GSM5526329,11844
GEO-GSE182298,GEO-GSM5526330,8863
GEO-GSE182298,GEO-GSM5526331,9857
GEO-GSE182298,GEO-GSM5526332,7776
GEO-GSE183676,GEO-GSM5567455,13117
GEO-GSE183676,GEO-GSM5567457,9309
GEO-GSE183676,GEO-GSM5567459,11304
GEO-GSE183676,GEO-GSM5567461,9912
GEO-GSE183676,GEO-GSM5567463,22399
GEO-GSE184117,GEO-GSM5578174,13168
GEO-GSE184117,GEO-GSM5578175,6649
GEO-GSE184117,GEO-GSM5578176,5480
GEO-GSE184117,GEO-GSM5578177,10141
GEO-GSE184117,GEO-GSM5578178,11849
GEO-GSE184117,GEO-GSM5578179,10573
GEO-GSE184117,GEO-GSM5578180,2072
GEO-GSE185857,GEO-GSM5624831,8106
GEO-GSE185857,GEO-GSM5624832,8177
GEO-GSE185857,GEO-GSM5624833,5501
GEO-GSE185857,GEO-GSM5624834,5111
GEO-GSE185857,GEO-GSM5624835,5738
GEO-GSE185857,GEO-GSM5624836,6445
GEO-GSE185857,GEO-GSM5624837,7051
GEO-GSE185857,GEO-GSM5624838,5628
GEO-GSE185857,GEO-GSM5624839,5247
GEO-GSE185857,GEO-GSM5624840,5580
GEO-GSE185857,GEO-GSM5624841,5981
GEO-GSE189534,GEO-GSM5703303,2664
GEO-GSE189534,GEO-GSM5703304,3886
GEO-GSE189534,GEO-GSM5703305,2785
GEO-GSE189534,GEO-GSM5703306,2902
GEO-GSE189534,GEO-GSM5703307,19325
GEO-GSE189534,GEO-GSM5703308,4169
GEO-GSE189534,GEO-GSM5703309,1798
GEO-GSE189534,GEO-GSM5703310,5928
GEO-GSE189534,GEO-GSM5703311,2992
GEO-GSE189534,GEO-GSM5703312,1178
GEO-GSE189534,GEO-GSM5703313,3293
GEO-GSE189534,GEO-GSM5703314,1424
GEO-GSE189534,GEO-GSM5703315,3278
GEO-GSE189534,GEO-GSM5703316,1890
GEO-GSE189534,GEO-GSM5703317,3045
GEO-GSE189534,GEO-GSM5703318,2345
GEO-GSE190510,GEO-GSM5725044,6266
GEO-GSE190510,GEO-GSM5725045,4510
GEO-GSE190510,GEO-GSM5725046,8123
GEO-GSE190510,GEO-GSM5725047,6823
GEO-GSE190510,GEO-GSM5725048,5914
GEO-GSE190510,GEO-GSM5725049,7964
GEO-GSE190510,GEO-GSM5725050,9261
GEO-GSE190510,GEO-GSM5725051,9690
GEO-GSE193371,GEO-GSM5798827,8427
GEO-GSE193371,GEO-GSM5798828,14968
GEO-GSE193371,GEO-GSM5798829,2733
GEO-GSE193371,GEO-GSM5798830,8003
GEO-GSE193371,GEO-GSM5798832,5184
GEO-GSE193371,GEO-GSM5798833,10361
GEO-GSE193371,GEO-GSM5798834,9973
GEO-GSE193371,GEO-GSM5798835,8096
GEO-GSE198373,GEO-GSM5945846,2375
GEO-GSE198373,GEO-GSM5945847,5884
GEO-GSE198373,GEO-GSM5945848,8485
GEO-GSE198373,GEO-GSM5945849,7591
GEO-GSE198373,GEO-GSM5945850,7856
GEO-GSE198373,GEO-GSM5945851,9141
GEO-GSE198373,GEO-GSM5945852,11708
GEO-GSE198373,GEO-GSM5945853,9081
E-MTAB-8322,E-MTAB-8322-HC0547,849
E-MTAB-8322,E-MTAB-8322-HC0572,1699
E-MTAB-8322,E-MTAB-8322-HC0701,2102
E-MTAB-8322,E-MTAB-8322-HC0732,781
E-MTAB-8322,E-MTAB-8322-NaiveSA131,590
E-MTAB-8322,E-MTAB-8322-NaiveSA138,1885
E-MTAB-8322,E-MTAB-8322-NaiveSA146,1546
E-MTAB-8322,E-MTAB-8322-NaiveSA172,1893
E-MTAB-8322,E-MTAB-8322-RemSA132,1625
E-MTAB-8322,E-MTAB-8322-RemSA160,726
E-MTAB-8322,E-MTAB-8322-RemSA161,1086
E-MTAB-8322,E-MTAB-8322-RemSA174,1314
E-MTAB-8322,E-MTAB-8322-ResistantSA144,1626
E-MTAB-8322,E-MTAB-8322-ResistantSA145,666
E-MTAB-8322,E-MTAB-8322-ResistantSA151,1304
E-MTAB-8322,E-MTAB-8322-ResistantSA166,1212
E-MTAB-8322,E-MTAB-8322-SA139,10772
E-MTAB-8322,E-MTAB-8322-SA149P,4956
E-MTAB-8322,E-MTAB-8322-SA154,2533
E-MTAB-8322,E-MTAB-8322-SA159,3223
E-MTAB-8322,E-MTAB-8322-SA168,5067
E-MTAB-8322,E-MTAB-8322-SA220,1868
E-MTAB-8322,E-MTAB-8322-SA222,5209
E-MTAB-8322,E-MTAB-8322-SA225,2009
E-MTAB-8322,E-MTAB-8322-SA227,4819
E-MTAB-8322,E-MTAB-8322-UPASA149,1354
E-MTAB-8322,E-MTAB-8322-UPASA153,1790
GEO-GSE115469,GEO-GSM3178782,1068
GEO-GSE115469,GEO-GSM3178783,1219
GEO-GSE115469,GEO-GSM3178784,3127
GEO-GSE115469,GEO-GSM3178785,1320
GEO-GSE115469,GEO-GSM3178786,1704
GEO-GSE132257,GEO-GSM3855011,1657
GEO-GSE132257,GEO-GSM3855012,1627
GEO-GSE132257,GEO-GSM3855013,1649
GEO-GSE132257,GEO-GSM3855014,1217
GEO-GSE132257,GEO-GSM3855015,1770
GEO-GSE132257,GEO-GSM3855016,1702
GEO-GSE132257,GEO-GSM3855017,2407
GEO-GSE132257,GEO-GSM3855018,3229
GEO-GSE132257,GEO-GSM3855019,1342
GEO-GSE132257,GEO-GSM3855020,1785
GEO-GSE132465,GEO-GSM3868425,2791
GEO-GSE132465,GEO-GSM3868426,1686
GEO-GSE132465,GEO-GSM3868427,2123
GEO-GSE132465,GEO-GSM3868428,1841
GEO-GSE132465,GEO-GSM3868429,660
GEO-GSE132465,GEO-GSM3868430,1541
GEO-GSE132465,GEO-GSM3868431,4070
GEO-GSE132465,GEO-GSM3868432,2088
GEO-GSE132465,GEO-GSM3868433,3789
GEO-GSE132465,GEO-GSM3868434,2200
GEO-GSE132465,GEO-GSM3868435,1697
GEO-GSE132465,GEO-GSM3868436,1749
GEO-GSE132465,GEO-GSM3868437,2027
GEO-GSE132465,GEO-GSM3868438,2956
GEO-GSE132465,GEO-GSM3868439,1343
GEO-GSE132465,GEO-GSM3868440,1936
GEO-GSE132465,GEO-GSM3868441,1540
GEO-GSE132465,GEO-GSM3868442,1681
GEO-GSE132465,GEO-GSM3868443,2348
GEO-GSE132465,GEO-GSM3868444,2363
GEO-GSE132465,GEO-GSM3868445,1638
GEO-GSE132465,GEO-GSM3868446,1580
GEO-GSE132465,GEO-GSM3868447,1632
GEO-GSE132465,GEO-GSM3868448,2434
GEO-GSE132465,GEO-GSM3868449,1314
GEO-GSE132465,GEO-GSM3868450,1262
GEO-GSE132465,GEO-GSM3868451,1788
GEO-GSE132465,GEO-GSM3868452,1114
GEO-GSE132465,GEO-GSM3868453,1513
GEO-GSE132465,GEO-GSM3868454,2214
GEO-GSE132465,GEO-GSM3868455,1620
GEO-GSE132465,GEO-GSM3868456,1154
GEO-GSE132465,GEO-GSM3868457,1987
GEO-GSE136103,GEO-GSM4041150,1860
GEO-GSE136103,GEO-GSM4041151,953
GEO-GSE136103,GEO-GSM4041152,431
GEO-GSE136103,GEO-GSM4041153,6571
GEO-GSE136103,GEO-GSM4041154,4684
GEO-GSE136103,GEO-GSM4041155,3294
GEO-GSE136103,GEO-GSM4041156,3201
GEO-GSE136103,GEO-GSM4041157,1124
GEO-GSE136103,GEO-GSM4041158,4930
GEO-GSE136103,GEO-GSM4041159,3306
GEO-GSE136103,GEO-GSM4041160,5121
GEO-GSE136103,GEO-GSM4041161,2338
GEO-GSE136103,GEO-GSM4041162,1646
GEO-GSE136103,GEO-GSM4041163,1997
GEO-GSE136103,GEO-GSM4041164,3408
GEO-GSE136103,GEO-GSM4041165,3671
GEO-GSE136103,GEO-GSM4041166,1965
GEO-GSE136103,GEO-GSM4041167,3597
GEO-GSE136103,GEO-GSM4041168,4819
GEO-GSE136103,GEO-GSM4041169,2922
GEO-GSE136103,GEO-GSM4041170,8921
GEO-GSE136103,GEO-GSM4041171,6631
GEO-GSE136103,GEO-GSM4041172,8138
GEO-GSE136103,GEO-GSM4041173,7060
GEO-GSE125449,GEO-GSM4050085,124
GEO-GSE125449,GEO-GSM4050086,704
GEO-GSE125449,GEO-GSM4050087,151
GEO-GSE125449,GEO-GSM4050088,207
GEO-GSE125449,GEO-GSM4050089,299
GEO-GSE125449,GEO-GSM4050090,124
GEO-GSE125449,GEO-GSM4050091,939
GEO-GSE125449,GEO-GSM4050092,805
GEO-GSE125449,GEO-GSM4050093,139
GEO-GSE125449,GEO-GSM4050094,132
GEO-GSE125449,GEO-GSM4050095,1046
GEO-GSE125449,GEO-GSM4050096,445
GEO-GSE125449,GEO-GSM4050098,238
GEO-GSE125449,GEO-GSM4050100,508
GEO-GSE125449,GEO-GSM4050102,585
GEO-GSE125449,GEO-GSM4050104,137
GEO-GSE125449,GEO-GSM4050106,1418
GEO-GSE125449,GEO-GSM4050108,589
GEO-GSE125449,GEO-GSM4050110,1356
GEO-GSE144735,GEO-GSM4294474,1922
GEO-GSE144735,GEO-GSM4294475,3125
GEO-GSE144735,GEO-GSM4294476,2148
GEO-GSE144735,GEO-GSM4294477,428
GEO-GSE144735,GEO-GSM4294478,551
GEO-GSE144735,GEO-GSM4294479,75
GEO-GSE144735,GEO-GSM4294480,2129
GEO-GSE144735,GEO-GSM4294481,3260
GEO-GSE144735,GEO-GSM4294482,1740
GEO-GSE144735,GEO-GSM4294483,406
GEO-GSE144735,GEO-GSM4294484,766
GEO-GSE144735,GEO-GSM4294485,1119
GEO-GSE144735,GEO-GSM4294486,2009
GEO-GSE144735,GEO-GSM4294487,1873
GEO-GSE144735,GEO-GSM4294488,1334
GEO-GSE144735,GEO-GSM4294489,908
GEO-GSE144735,GEO-GSM4294490,2092
GEO-GSE144735,GEO-GSM4294491,1505
HRA000155,HRA000155-RA10_SM,5529
HRA000155,HRA000155-RA11_SM,8574
HRA000155,HRA000155-RA12_SM,3200
HRA000155,HRA000155-RA14_SM,12748
HRA000155,HRA000155-RA16_SM,1514
HRA000155,HRA000155-RA17_SM,6523
HRA000155,HRA000155-RA18_SM,3941
HRA000155,HRA000155-RA20_SM,3042
HRA000155,HRA000155-RA21_SM,2344
HRA000155,HRA000155-RA2_SM,2795
HRA000155,HRA000155-RA3_SM,1770
HRA000155,HRA000155-RA4_SM,2870
HRA000155,HRA000155-RA6_SM,3081
HRA000155,HRA000155-RA8_SM,1231
HRA000155,HRA000155-RA9_SM,2735
HCA-1M Immune Cells,HCA-8_BM5_cells,5069
HCA-1M Immune Cells,HCA-6_CB7_cells,6107
HCA-1M Immune Cells,HCA-7_CB7_cells,6010
HCA-1M Immune Cells,HCA-4_CB8_cells,5182
HCA-1M Immune Cells,HCA-3_CB2_cells,5518
HCA-1M Immune Cells,HCA-1_BM3_cells,5136
HCA-1M Immune Cells,HCA-6_CB2_cells,5614
HCA-1M Immune Cells,HCA-5_CB8_cells,5360
HCA-1M Immune Cells,HCA-1_BM1_cells,5390
HCA-1M Immune Cells,HCA-7_CB6_cells,6035
HCA-1M Immune Cells,HCA-3_CB4_cells,4462
HCA-1M Immune Cells,HCA-6_CB4_cells,4590
HCA-1M Immune Cells,HCA-7_BM7_cells,4767
HCA-1M Immune Cells,HCA-8_BM2_cells,5602
HCA-1M Immune Cells,HCA-4_CB5_cells,5446
HCA-1M Immune Cells,HCA-7_CB1_cells,3280
HCA-1M Immune Cells,HCA-4_BM2_cells,5606
HCA-1M Immune Cells,HCA-6_BM7_cells,5847
HCA-1M Immune Cells,HCA-7_CB2_cells,5230
HCA-1M Immune Cells,HCA-4_BM4_cells,5099
HCA-1M Immune Cells,HCA-7_BM6_cells,5509
HCA-1M Immune Cells,HCA-1_BM2_cells,5610
HCA-1M Immune Cells,HCA-2_CB6_cells,5691
HCA-1M Immune Cells,HCA-6_BM1_cells,5024
HCA-1M Immune Cells,HCA-3_BM7_cells,5714
HCA-1M Immune Cells,HCA-2_BM3_cells,5018
HCA-1M Immune Cells,HCA-7_BM5_cells,5192
HCA-1M Immune Cells,HCA-6_CB3_cells,4842
HCA-1M Immune Cells,HCA-2_CB1_cells,3256
HCA-1M Immune Cells,HCA-6_BM5_cells,4890
HCA-1M Immune Cells,HCA-3_CB8_cells,5383
HCA-1M Immune Cells,HCA-2_BM2_cells,5630
HCA-1M Immune Cells,HCA-2_BM4_cells,5153
HCA-1M Immune Cells,HCA-8_BM6_cells,5525
HCA-1M Immune Cells,HCA-5_BM3_cells,5179
HCA-1M Immune Cells,HCA-1_CB5_cells,5792
HCA-1M Immune Cells,HCA-7_BM4_cells,5429
HCA-1M Immune Cells,HCA-5_CB7_cells,6253
HCA-1M Immune Cells,HCA-7_CB8_cells,5783
HCA-1M Immune Cells,HCA-3_BM8_cells,5611
HCA-1M Immune Cells,HCA-8_CB4_cells,4285
HCA-1M Immune Cells,HCA-4_CB3_cells,4741
HCA-AdultHemOrgans,HCA-207B_spleen_cells,2855
HCA-AdultHemOrgans,HCA-207B_bone_marrow_cells,3085
HCA-AdultHemOrgans,HCA-313C_bone_marrow_cells,6741
HCA-AdultHemOrgans,HCA-207B_spleen_cells-1,2848
HCA-AdultHemOrgans,HCA-207B_spleen_cells-2,2730
HCA-AdultHemOrgans,HCA-313C_spleen_cells,5329
HCA-AdultHemOrgans,HCA-313C_bone_marrow_cells-1,6902
HCA-AdultHemOrgans,HCA-207B_bone_marrow_cells-1,3177
HCA-AdultHemOrgans,HCA-207B_bone_marrow_cells-2,3099
HCA-AneurysmalHumanAorticTissue,HCA-SRX8857542,4322
HCA-AneurysmalHumanAorticTissue,HCA-SRX8857543,7808
HCA-ColonImmune10XSS2VDJ,HCA-CBTM-290B_TCL_cd4p_t_cells,1501
HCA-ColonImmune10XSS2VDJ,HCA-CBTM-290B_CAE_cd4p_t_cells,3043
HCA-ColonImmune10XSS2VDJ,HCA-CBTM-302C_SCL_cd4p_t_cells,230
HCA-ColonImmune10XSS2VDJ,HCA-CBTM-302C_SCL_cd45p_cd4n_imm_cells,1094
HCA-ColonImmune10XSS2VDJ,HCA-CBTM-298C_CAE_cd45p_cd4n_imm_cells,2364
HCA-ColonImmune10XSS2VDJ,HCA-CBTM-302C_CAE_cd4p_t_cells,475
HCA-ColonImmune10XSS2VDJ,HCA-CBTM-298C_CAE_cd4p_t_cells,1995
HCA-ColonImmune10XSS2VDJ,HCA-CBTM-302C_MLN_cd45p_cd4n_imm_cells,1335
HCA-ColonImmune10XSS2VDJ,HCA-CBTM-290B_SCL_cd45p_cd4n_imm_cells,3030
HCA-ColonImmune10XSS2VDJ,HCA-CBTM-302C_CAE_cd45p_cd4n_imm_cells,1843
HCA-ColonImmune10XSS2VDJ,HCA-CBTM-298C_MLN_cd4p_t_cells,1507
HCA-ColonImmune10XSS2VDJ,HCA-CBTM-302C_TCL_cd45p_cd4n_imm_cells,2495
HCA-EpithelialDiversityHealthInflammation,HCA-SRX4291264,4371
HCA-EpithelialDiversityHealthInflammation,HCA-SRX4291259,2193
HCA-Fetal/Maternal Interface,HCA-FCA7474068,4420
HCA-Fetal/Maternal Interface,HCA-FCA7196219,3798
HCA-1M Immune Cells,HCA-8_CB8_cells,5717
HCA-1M Immune Cells,HCA-8_BM8_cells,5333
HCA-1M Immune Cells,HCA-6_CB6_cells,5899
HCA-1M Immune Cells,HCA-5_BM2_cells,6063
HCA-1M Immune Cells,HCA-1_CB3_cells,5326
HCA-1M Immune Cells,HCA-4_CB2_cells,5464
HCA-1M Immune Cells,HCA-4_BM7_cells,5804
HCA-1M Immune Cells,HCA-5_BM8_cells,5309
HCA-1M Immune Cells,HCA-7_BM3_cells,5137
HCA-1M Immune Cells,HCA-8_BM3_cells,5018
HCA-1M Immune Cells,HCA-6_BM6_cells,5289
HCA-1M Immune Cells,HCA-4_BM1_cells,4745
HCA-1M Immune Cells,HCA-6_CB5_cells,5452
HCA-1M Immune Cells,HCA-2_BM1_cells,4875
HCA-1M Immune Cells,HCA-1_BM5_cells,5389
HCA-1M Immune Cells,HCA-4_BM6_cells,5462
HCA-1M Immune Cells,HCA-2_CB7_cells,1145
HCA-1M Immune Cells,HCA-4_BM8_cells,5147
HCA-1M Immune Cells,HCA-4_CB7_cells,6200
HCA-1M Immune Cells,HCA-6_CB8_cells,5713
HCA-1M Immune Cells,HCA-8_CB3_cells,4869
HCA-1M Immune Cells,HCA-2_CB3_cells,5078
HCA-1M Immune Cells,HCA-3_CB3_cells,5236
HCA-1M Immune Cells,HCA-4_BM3_cells,5010
HCA-1M Immune Cells,HCA-1_CB8_cells,5301
HCA-1M Immune Cells,HCA-8_BM4_cells,5491
HCA-1M Immune Cells,HCA-3_BM4_cells,4991
HCA-1M Immune Cells,HCA-7_BM1_cells,4886
HCA-1M Immune Cells,HCA-4_BM5_cells,4991
HCA-1M Immune Cells,HCA-3_BM1_cells,4778
HCA-1M Immune Cells,HCA-6_BM4_cells,5434
HCA-1M Immune Cells,HCA-2_BM8_cells,5042
HCA-1M Immune Cells,HCA-1_CB2_cells,5574
HCA-1M Immune Cells,HCA-5_BM5_cells,5098
HCA-1M Immune Cells,HCA-2_BM6_cells,5335
HCA-1M Immune Cells,HCA-5_BM1_cells,4943
HCA-1M Immune Cells,HCA-6_BM2_cells,5964
HCA-1M Immune Cells,HCA-3_CB5_cells,5188
HCA-AdultHemOrgans,HCA-313C_bone_marrow_cells-2,6630
HCA-AdultHemOrgans,HCA-313C_spleen_cells-1,5356
HCA-AdultHemOrgans,HCA-313C_bone_marrow_cells-3,6674
HCA-AdultHemOrgans,HCA-207B_spleen_cells-3,2714
HCA-AdultHemOrgans,HCA-207B_bone_marrow_cells-3,3028
HCA-AdultHemOrgans,HCA-207B_peripheral_blood_cells,2927
HCA-AdultHemOrgans,HCA-207B_bone_marrow_cells-4,3222
HCA-AdultHemOrgans,HCA-207B_spleen_cells-4,2846
HCA-AdultHemOrgans,HCA-207B_peripheral_blood_cells-1,2973
HCA-AdultHemOrgans,HCA-313C_spleen_cells-2,5384
HCA-AneurysmalHumanAorticTissue,HCA-SRX8857541,7149
HCA-AneurysmalHumanAorticTissue,HCA-SRX8857550,11108
HCA-AneurysmalHumanAorticTissue,HCA-SRX8857549,5703
HCA-AneurysmalHumanAorticTissue,HCA-SRX8857544,6968
HCA-1M Immune Cells,HCA-8_CB5_cells,5060
HCA-1M Immune Cells,HCA-5_CB3_cells,5011
HCA-1M Immune Cells,HCA-1_CB4_cells,3099
HCA-1M Immune Cells,HCA-1_BM7_cells,5666
HCA-1M Immune Cells,HCA-1_BM6_cells,5833
HCA-1M Immune Cells,HCA-7_BM2_cells,5623
HCA-1M Immune Cells,HCA-1_CB6_cells,6333
HCA-1M Immune Cells,HCA-4_CB6_cells,6127
HCA-1M Immune Cells,HCA-5_CB2_cells,5664
HCA-1M Immune Cells,HCA-8_CB2_cells,5458
HCA-1M Immune Cells,HCA-8_BM7_cells,5418
HCA-1M Immune Cells,HCA-2_CB8_cells,5250
HCA-1M Immune Cells,HCA-7_BM8_cells,5184
HCA-1M Immune Cells,HCA-3_CB7_cells,6462
HCA-1M Immune Cells,HCA-2_CB5_cells,5410
HCA-1M Immune Cells,HCA-7_CB5_cells,5336
HCA-1M Immune Cells,HCA-2_CB4_cells,4480
HCA-1M Immune Cells,HCA-5_BM7_cells,5384
HCA-1M Immune Cells,HCA-6_BM3_cells,5295
HCA-1M Immune Cells,HCA-3_BM3_cells,4918
HCA-1M Immune Cells,HCA-8_CB7_cells,6146
HCA-1M Immune Cells,HCA-3_BM2_cells,5989
HCA-1M Immune Cells,HCA-2_BM7_cells,5382
HCA-1M Immune Cells,HCA-4_CB4_cells,4465
HCA-1M Immune Cells,HCA-6_BM8_cells,5451
HCA-1M Immune Cells,HCA-5_CB5_cells,6105
HCA-1M Immune Cells,HCA-4_CB1_cells,3376
HCA-1M Immune Cells,HCA-5_CB4_cells,4804
HCA-1M Immune Cells,HCA-2_CB2_cells,5160
HCA-1M Immune Cells,HCA-7_CB4_cells,4694
HCA-1M Immune Cells,HCA-3_CB1_cells,1728
HCA-1M Immune Cells,HCA-8_CB6_cells,6052
HCA-1M Immune Cells,HCA-1_BM4_cells,5538
HCA-1M Immune Cells,HCA-1_CB7_cells,6281
HCA-1M Immune Cells,HCA-5_CB1_cells,3482
HCA-1M Immune Cells,HCA-2_BM5_cells,5024
HCA-1M Immune Cells,HCA-3_CB6_cells,5879
HCA-1M Immune Cells,HCA-5_CB6_cells,6098
HCA-1M Immune Cells,HCA-7_CB3_cells,5125
HCA-1M Immune Cells,HCA-1_CB1_cells,3455
HCA-1M Immune Cells,HCA-8_CB1_cells,3345
HCA-1M Immune Cells,HCA-3_BM5_cells,5141
HCA-1M Immune Cells,HCA-6_CB1_cells,3401
HCA-1M Immune Cells,HCA-5_BM6_cells,5488
HCA-AdultHemOrgans,HCA-207B_spleen_cells-5,2886
HCA-AdultHemOrgans,HCA-207B_spleen_cells-6,2712
HCA-AdultHemOrgans,HCA-313C_peripheral_blood_cells,6888
HCA-AdultHemOrgans,HCA-207B_peripheral_blood_cells-2,2921
HCA-AdultHemOrgans,HCA-207B_bone_marrow_cells-5,3108
HCA-AdultHemOrgans,HCA-313C_peripheral_blood_cells-1,6814
HCA-AdultHemOrgans,HCA-207B_bone_marrow_cells-6,3164
HCA-AdultHemOrgans,HCA-313C_spleen_cells-3,5375
HCA-AdultHemOrgans,HCA-207B_peripheral_blood_cells-3,2997
HCA-AdultHemOrgans,HCA-313C_peripheral_blood_cells-2,6923
HCA-AdultHemOrgans,HCA-313C_peripheral_blood_cells-3,6928
HCA-AdultHemOrgans,HCA-207B_bone_marrow_cells-7,2924
HCA-AdultHemOrgans,HCA-207B_spleen_cells-7,2741
HCA-AneurysmalHumanAorticTissue,HCA-SRX8857551,7210
HCA-ColonImmune10XSS2VDJ,HCA-CBTM-298C_SCL_cd4p_t_cells,776
HCA-ColonImmune10XSS2VDJ,HCA-CBTM-298C_SCL_cd45p_cd4n_imm_cells,1556
HCA-ColonImmune10XSS2VDJ,HCA-CBTM-302C_MLN_cd4p_t_cells,1006
HCA-ColonImmune10XSS2VDJ,HCA-CBTM-298C_TCL_cd45p_cd4n_imm_cells,3105
HCA-ColonImmune10XSS2VDJ,HCA-CBTM-290B_CAE_cd45p_cd4n_imm_cells,3695
HCA-ColonImmune10XSS2VDJ,HCA-CBTM-298C_MLN_cd45p_cd4n_imm_cells,1502
HCA-ColonImmune10XSS2VDJ,HCA-CBTM-290B_TCL_cd45p_cd4n_imm_cells,3079
HCA-ColonImmune10XSS2VDJ,HCA-CBTM-290B_MLN_cd45p_cd4n_imm_cells,3569
HCA-ColonImmune10XSS2VDJ,HCA-CBTM-290B_SCL_cd4p_t_cells,1191
HCA-EpithelialDiversityHealthInflammation,HCA-SRX4291262,4167
HCA-EpithelialDiversityHealthInflammation,HCA-SRX4291258,2000
HCA-EpithelialDiversityHealthInflammation,HCA-SRX4291261,2097
HCA-EpithelialDiversityHealthInflammation,HCA-SRX4291260,2348
HCA-EpithelialDiversityHealthInflammation,HCA-SRX4291266,5697
HCA-EpithelialDiversityHealthInflammation,HCA-SRX4291265,5498
HCA-ColonImmune10XSS2VDJ,HCA-CBTM-290B_MLN_cd4p_t_cells,3292
HCA-ColonImmune10XSS2VDJ,HCA-CBTM-298C_TCL_cd4p_t_cells,2126
HCA-ColonImmune10XSS2VDJ,HCA-CBTM-302C_TCL_cd4p_t_cells,1165
HCA-EpithelialDiversityHealthInflammation,HCA-SRX4291263,3981
HCA-Fetal/Maternal Interface,HCA-FCA7196225,4770
HCA-Fetal/Maternal Interface,HCA-FCA7511882,2504
HCA-Fetal/Maternal Interface,HCA-FCA7167224,5488
HCA-Fetal/Maternal Interface,HCA-FCA7196231,4618
HCA-Fetal/Maternal Interface,HCA-FCA7167226,69291
HCA-Fetal/Maternal Interface,HCA-FCA7474069,1428
HCA-Fetal/Maternal Interface,HCA-FCA7474063,3284
HCA-Fetal/Maternal Interface,HCA-FCA7196218,9194
HCA-Fetal/Maternal Interface,HCA-FCA7474062,3464
HCA-Fetal/Maternal Interface,HCA-FCA7474065,5226
HCA-Fetal/Maternal Interface,HCA-FCA7511884,4796
HCA-Fetal/Maternal Interface,HCA-FCA7196226,4028
HCA-Fetal/Maternal Interface,HCA-FCA7167222,5489
HCA-Fetal/Maternal Interface,HCA-FCA7167232,2663
HCA-FetalLiverHaematopoiesis,HCA-F08-SKI-3p-CD45pos_2,5747
HCA-FetalLiverHaematopoiesis,HCA-F06-SKI-3p-CD45pos,896
HCA-FetalLiverHaematopoiesis,HCA-F05-SKI-3p-CD45neg_1,7273
HCA-FetalLiverHaematopoiesis,HCA-F09-SKI-3p-CD45pos,775
HCA-FetalLiverHaematopoiesis,HCA-F04-KID-3p-CD45pos,1734
HCA-FetalLiverHaematopoiesis,HCA-F06-KID-3p-live,4267
HCA-FetalLiverHaematopoiesis,HCA-F04-SKI-3p-CD45pos,1671
HCA-FetalLiverHaematopoiesis,HCA-F06-SKI-3p-live,3435
HCA-FetalLiverHaematopoiesis,HCA-F01-YOL-3p-live_4,3647
HCA-FetalLiverHaematopoiesis,HCA-F01-YOL-3p-live_5,3558
HCA-GSE118184KidneyOrganoid,HCA-SRX4511357,2306
HCA-Fetal/Maternal Interface,HCA-FCA7167231,2056
HCA-Fetal/Maternal Interface,HCA-FCA7474064,5293
HCA-Fetal/Maternal Interface,HCA-FCA7511885,4282
HCA-HealthyAndCirrhoticLiver,HCA-GSM4041173_cells,7847
HCA-HeartSingleCellsAndNucleiSeq,HCA-CBTM-390C_LA_nuclei,4604
HCA-HeartSingleCellsAndNucleiSeq,HCA-CBTM-364B_LV_nuclei_2,1203
HCA-HeartSingleCellsAndNucleiSeq,HCA-CBTM-417C_RA_cells,25
HCA-HeartSingleCellsAndNucleiSeq,HCA-H0015_AX_nuclei,10622
HCA-HeartSingleCellsAndNucleiSeq,HCA-CBTM-362C_LA_nuclei_2,5225
HCA-HeartSingleCellsAndNucleiSeq,HCA-CBTM-473C_AX_nuclei,4577
HCA-HeartSingleCellsAndNucleiSeq,HCA-CBTM-364B_LA_nuclei,1018
HCA-HeartSingleCellsAndNucleiSeq,HCA-H0026_AX_nuclei,4362
HCA-HeartSingleCellsAndNucleiSeq,HCA-CBTM-417C_AX_cd45_pos,13473
HCA-HeartSingleCellsAndNucleiSeq,HCA-H0025_SP_nuclei,8631
HCA-HeartSingleCellsAndNucleiSeq,HCA-CBTM-473C_AX_cells,6907
HCA-HeartSingleCellsAndNucleiSeq,HCA-H0037_SP_nuclei,9227
HCA-HeartSingleCellsAndNucleiSeq,HCA-CBTM-473C_SP_cd45_pos,19757
HCA-HeartSingleCellsAndNucleiSeq,HCA-CBTM-362C_RV_nuclei_2,4077
HCA-HeartSingleCellsAndNucleiSeq,HCA-CBTM-473C_AX_cd45_pos,20369
HCA-HeartSingleCellsAndNucleiSeq,HCA-H0015_SP_nuclei,11894
HCA-HeartSingleCellsAndNucleiSeq,HCA-CBTM-362C_LV_nuclei,4789
HCA-HeartSingleCellsAndNucleiSeq,HCA-H0015_LV_nuclei,10982
HCA-HeartSingleCellsAndNucleiSeq,HCA-CBTM-364B_RA_nuclei_2,2756
HCA-HeartSingleCellsAndNucleiSeq,HCA-CBTM-390C_RV_cells,501
HCA-HeartSingleCellsAndNucleiSeq,HCA-CBTM-362C_RA_nuclei,2981
HCA-HeartSingleCellsAndNucleiSeq,HCA-H0015_RA_nuclei,7026
HCA-HeartSingleCellsAndNucleiSeq,HCA-H0035_AX_nuclei,4430
HCA-HeartSingleCellsAndNucleiSeq,HCA-H0026_SP_nuclei,3438
HCA-HeartSingleCellsAndNucleiSeq,HCA-CBTM-473C_LA_cells,660
HCA-HeartSingleCellsAndNucleiSeq,HCA-CBTM-473C_RA_nuclei,293
HCA-HeartSingleCellsAndNucleiSeq,HCA-CBTM-473C_RA_cells,679
HCA-HeartSingleCellsAndNucleiSeq,HCA-CBTM-417C_LV_nuclei,2066
HCA-HeartSingleCellsAndNucleiSeq,HCA-CBTM-390C_SP_nuclei,5152
HCA-HeartSingleCellsAndNucleiSeq,HCA-CBTM-364B_AX_cells,2275
HCA-HeartSingleCellsAndNucleiSeq,HCA-CBTM-417C_SP_cd45_pos,16903
HCA-HeartSingleCellsAndNucleiSeq,HCA-CBTM-361B_RV_nuclei,4161
HCA-HeartSingleCellsAndNucleiSeq,HCA-H0037_LV_nuclei,9035
HCA-HeartSingleCellsAndNucleiSeq,HCA-CBTM-362C_LA_nuclei,5410
HCA-HeartSingleCellsAndNucleiSeq,HCA-CBTM-390C_SP_cells,847
HCA-HeartSingleCellsAndNucleiSeq,HCA-CBTM-361B_LV_nuclei_2,4073
HCA-HeartSingleCellsAndNucleiSeq,HCA-CBTM-423C_RA_cd45_pos,2197
HCA-HeartSingleCellsAndNucleiSeq,HCA-H0035_LA_nuclei,8139
HCA-HeartSingleCellsAndNucleiSeq,HCA-CBTM-417C_RV_nuclei,4055
HCA-HeartSingleCellsAndNucleiSeq,HCA-H0020_LA_nuclei,4266
HCA-HeartSingleCellsAndNucleiSeq,HCA-H0015_LA_nuclei,3942
HCA-HeartSingleCellsAndNucleiSeq,HCA-H0035_RA_nuclei,2949
HCA-HeartSingleCellsAndNucleiSeq,HCA-CBTM-364B_LA_nuclei_2,2680
HCA-HeartSingleCellsAndNucleiSeq,HCA-CBTM-473C_LA_nuclei,705
HCA-HeartSingleCellsAndNucleiSeq,HCA-H0025_AX_nuclei,3747
HCA-HeartSingleCellsAndNucleiSeq,HCA-CBTM-473C_RV_cd45_pos,31314
HCA-HeartSingleCellsAndNucleiSeq,HCA-H0025_RV_nuclei,10175
HCA-HeartSingleCellsAndNucleiSeq,HCA-CBTM-423C_RV_cells,2251
HCA-HeartSingleCellsAndNucleiSeq,HCA-CBTM-364B_LA_cells,3008
HCA-HeartSingleCellsAndNucleiSeq,HCA-CBTM-423C_RA_cells,610
HCA-HeartSingleCellsAndNucleiSeq,HCA-CBTM-473C_RV_cells,7612
HCA-HeartSingleCellsAndNucleiSeq,HCA-CBTM-362C_LV_nuclei_2,5067
HCA-HnsccImmuneLandscape,HCA-HNSCC_17_PBMC_cells,1969
HCA-HnsccImmuneLandscape,HCA-HNSCC_15_PBMC_cells,2125
HCA-HnsccImmuneLandscape,HCA-HD_Tonsil_3_cells,4500
HCA-HnsccImmuneLandscape,HCA-HNSCC_10_TIL_cells,2099
HCA-HnsccImmuneLandscape,HCA-HNSCC_18_TIL_cells,3716
HCA-HnsccImmuneLandscape,HCA-HNSCC_5_TIL_cells,714
HCA-HnsccImmuneLandscape,HCA-HNSCC_3_PBMC_cells,1918
HCA-HnsccImmuneLandscape,HCA-HD_PBMC_3_cells,2087
HCA-HnsccImmuneLandscape,HCA-HD_Tonsil_2_cells,5078
HCA-HnsccImmuneLandscape,HCA-HD_PBMC_2_cells,2647
HCA-HnsccImmuneLandscape,HCA-HNSCC_8_PBMC_cells,2259
HCA-HnsccImmuneLandscape,HCA-HNSCC_10_PBMC_cells,2376
HCA-HnsccImmuneLandscape,HCA-HNSCC_12_TIL_cells,3337
HCA-HnsccImmuneLandscape,HCA-HNSCC_14_PBMC_cells,1784
HCA-HnsccImmuneLandscape,HCA-HNSCC_9_TIL_cells,7192
HCA-Human5Ovary10xChuva,HCA-SAMN09765860,5446
HCA-Human5Ovary10xChuva,HCA-SAMN09765858,3604
HCA-Human5Ovary10xChuva,HCA-SAMN09765857,2953
HCA-Human5Ovary10xChuva,HCA-SAMN09765853,2703
HCA-Human5Ovary10xChuva,HCA-SAMN09765851,1287
HCA-Human5Ovary10xChuva,HCA-SAMN09765846,549
HCA-Human5Ovary10xChuva,HCA-SAMN10719982,832
HCA-Human5Ovary10xChuva,HCA-SAMN10719991,739
HCA-Human5Ovary10xChuva,HCA-SAMN10719983,241
HCA-HumanAdiposeTissue,HCA-SRX5692095,11711
HCA-HumanAdultKidneyLiaoMo,HCA-patient_3_normal_kidney_single_cells,15899
HCA-HumanBoneMarrowMyeloma,HCA-SRX3683871,2819
HCA-HumanBoneMarrowMyeloma,HCA-SRX3683871-1,2819
HCA-HumanBrainSubstantiaNigra,HCA-SRX7129193,410
HCA-HumanBrainSubstantiaNigra,HCA-SRX7129202,1084
HCA-HumanBrainSubstantiaNigra,HCA-SRX7129195,260
HCA-HumanColonicMesenchymeIBD,HCA-Human_UC_1_colon_sample_cells,4475
HCA-HumanFirstTrimesterPlacentaDecidua,HCA-maternal_placenta_donor_23_sample2_cells,6198
HCA-HumanFoveaRetinaScheetzSheffield,HCA-D_Peripheral_Donor_3,5477
HCA-HumanLiverImmuneCells_GSE125188,HCA-SRX5255159,15407
HCA-HumanLiverImmuneCells_GSE125188,HCA-SRX5255152,2163
HCA-HumanSkinBloodHypSensAndNormalKim,HCA-SAMN12070451,2319
HCA-HumanSkinBloodHypSensAndNormalKim,HCA-SAMN12070445,468
HCA-HumanSkinBloodHypSensAndNormalKim,HCA-SAMN12070440,1580
HCA-HumanSkinBloodHypSensAndNormalKim,HCA-SAMN12070439,2196
HCA-HumanSkinBloodHypSensAndNormalKim,HCA-SAMN12070445-1,846
HCA-HumanThymicDevelopment,HCA-F29_TH_45P,10641
HCA-HumanThymicDevelopment,HCA-A16_TH_TOT_3,3019
HCA-HumanThymicDevelopment,HCA-F41_TH_45P,5913
HCA-HumanThymicDevelopment,HCA-A16_TH_TOT_5,3978
HCA-HumanThymicDevelopment,HCA-A16_TH_TOT_4,3047
HCA-HumanThymicDevelopment,HCA-F30_TH_45P,6979
HCA-HumanTissueTcellActivation,HCA-PP017_suspension,5679
HCA-ImmuneCellExhaustianHIV,HCA-SRX9106611,6729
HCA-ImmuneCellExhaustianHIV,HCA-SRX9106608,2718
HCA-KidneySingleCellAtlas,HCA-FCAImmP7528292_F38_KI_45P,2762
HCA-KidneySingleCellAtlas,HCA-FCAImmP7555850_F41_KI_45N,2714
HCA-KidneySingleCellAtlas,HCA-4834STDY7002875_F16_KI_45P,1734
HCA-KidneySingleCellAtlas,HCA-FCAImmP7555849_F41_KI_45P,4223
HCA-KidneySingleCellAtlas,HCA-4834STDY7002886_F17_KI_45N,5410
HCA-KidneySingleCellAtlas,HCA-FCAImmP7462242_F35_KI_45P,2344
HCA-KidneySingleCellAtlas,HCA-4834STDY7002885_F17_KI_45P,1822
HCA-MultipleSclerosisLineageDiversity,HCA-SRX5897030,3520
HCA-MultipleSclerosisLineageDiversity,HCA-SRX5897028,6895
HCA-MultipleSclerosisLineageDiversity,HCA-SRX5897020,9930
HCA-MultipleSclerosisLineageDiversity,HCA-SRX5897033,7076
HCA-MultipleSclerosisLineageDiversity,HCA-SRX5897017,5151
HCA-MultipleSclerosisLineageDiversity,HCA-SRX5897018,22001
HCA-MultipleSclerosisLineageDiversity,HCA-SRX5897032,3676
HCA-MultipleSclerosisLineageDiversity,HCA-SRX5897022,4574
HCA-MultipleSclerosisLineageDiversity,HCA-SRX5897026,5315
HCA-Oligodendrocyte_MS,HCA-Control_CO14_NS,2178
HCA-Oligodendrocyte_MS,HCA-MS121_CA_NS,912
HCA-Oligodendrocyte_MS,HCA-Control_CO25_NS,3617
HCA-Oligodendrocyte_MS,HCA-MS121_A2_NS,1251
HCA-Oligodendrocyte_MS,HCA-Control_CO28_NS,4571
HCA-Oligodendrocyte_MS,HCA-MS121_NAWM_NS,1772
HCA-ProximalEpididymisCFTR,HCA-GSM4486715,3848
HCA-ProximalEpididymisCFTR,HCA-GSM4486714,8881
HCA-Reprogrammed_Dendritic_Cells,HCA-cellsuspension1,2221
HCA-Fetal/Maternal Interface,HCA-FCA7167221,1731
HCA-Fetal/Maternal Interface,HCA-FCA7167223,12651
HCA-Fetal/Maternal Interface,HCA-FCA7474066,5330
HCA-Fetal/Maternal Interface,HCA-FCA7196224,8791
HCA-Fetal/Maternal Interface,HCA-FCA7511886,3361
HCA-Fetal/Maternal Interface,HCA-FCA7511881,2235
HCA-Fetal/Maternal Interface,HCA-FCA7167230,860
HCA-Fetal/Maternal Interface,HCA-FCA7196220,7661
HCA-SingleCellsAlzheimers,HCA-SRX7878786,3164
HCA-SingleCellsAlzheimers,HCA-SRX7878785,4619
HCA-SkeletalMuscleHumanMouse,HCA-Muscle_3_cells,487
HCA-SkeletalMuscleHumanMouse,HCA-Muscle_1_cells,1203
HCA-SkeletalMuscleHumanMouse,HCA-Muscle_4_cells,551
HCA-Stress-inducedRNA__hromatininteractionspromoteendo,HCA-631519dc-7177-48de-b614-cca515979c7b,1036
HCA-Substantia_nigra_and_locus_coeruleus,HCA-cellsuspension_SN5862,5454
HCA-Substantia_nigra_and_locus_coeruleus,HCA-cellsuspension_LC5699,13854
HCA-Substantia_nigra_and_locus_coeruleus,HCA-cellsuspension_LC5579,5795
HCA-Substantia_nigra_and_locus_coeruleus,HCA-cellsuspension_SN5828,5854
HCA-Substantia_nigra_and_locus_coeruleus,HCA-cellsuspension_LC5893,4295
HCA-Substantia_nigra_and_locus_coeruleus,HCA-cellsuspension_LC5699-1,13784
HCA-Substantia_nigra_and_locus_coeruleus,HCA-cellsuspension_LC5893-1,3191
HCA-Substantia_nigra_and_locus_coeruleus,HCA-cellsuspension_SN2_5534,6745
HCA-Substantia_nigra_and_locus_coeruleus,HCA-cellsuspension_LC5534,3447
HCA-Substantia_nigra_and_locus_coeruleus,HCA-cellsuspension_SN5893,4440
HCA-Substantia_nigra_and_locus_coeruleus,HCA-cellsuspension_SN5650,919
HCA-Substantia_nigra_and_locus_coeruleus,HCA-cellsuspension_SN5893-1,3991
HCA-Substantia_nigra_and_locus_coeruleus,HCA-cellsuspension_SN6063,14720
HCA-Substantia_nigra_and_locus_coeruleus,HCA-cellsuspension_SN5534,5871
HCA-TCellsHumanCentralNervousSystem,HCA-SRX9052643,294
HCA-TCellsNeuroinflammation,HCA-SRX8294512,18424
HCA-TissueStability,HCA-A25-OES-0-SC-4_cells,3239
HCA-TissueStability,HCA-A29-LNG-0-SC-2_cells,9159
HCA-TissueStability,HCA-A21-OES-1-SC-1_cells,6653
HCA-TissueStability,HCA-A12-OES-0-TL4-1_cells,6603
HCA-TissueStability,HCA-A25-LNG-0-SC-1_cells,5751
HCA-TissueStability,HCA-A29-LNG-0-SC-4_cells,4451
HCA-TissueStability,HCA-A12-Spl-0-TL3-1_cells,2121
HCA-TissueStability,HCA-A16-Spl-0-TL2-1_cells,4195
HCA-TissueStability,HCA-A26-LNG-0-SC-4_cells,3700
HCA-TissueStability,HCA-A29-LNG-0-SC-3_cells,3752
HCA-TissueStability,HCA-A29-LNG-0-SC-1_cells,4794
HCA-TissueStability,HCA-A15-OES-0-TL4-1_cells,9766
HCA-TissueStability,HCA-A8-Spl-0-TL-24h-1_cells,1
HCA-TissueStability,HCA-A28-LNG-1-SC-1_cells,5777
HCA-TissueStability,HCA-A6-OES-1-TL2-1_cells,9188
HCA-TissueStability,HCA-A1-Spl-0-TL6-1_cells,1728
HCA-TissueStability,HCA-A26-LNG-0-SC-2_cells,4861
HCA-TissueStability,HCA-A21-Lng-1-SC-1_cells,4593
HCA-TissueStability,HCA-A16-Spl-0-TL1_cells,4199
HCA-TissueStability,HCA-A12-Spl-0-TL2-1_cells,3096
HCA-TissueStability,HCA-A27-LNG-0-SC-2_cells,5053
HCA-WongAdultRetina,HCA-17-010-R-A,2356
HCA-dcp6600438190759903,HCA-H26350_Adrenal_cells || H26547_Adrenal_cells || H27098_Adrenal_cells || H27471_Adrenal_cells || H27472_Adrenal_cells || H27474_Adrenal_cells || H27552_Adrenal_cells,453345
HCA-dcp6600438190759903,HCA-H27458_Eye_cells || H27472_Eye_cells || H27552_Eye_cells || H27620_Eye_cells || H27634_Eye_cells,67452
HCA-dcp6600438190759903,HCA-H26547_Heart_cells || H27098_Heart_cells || H27295_Heart_cells || H27423_Heart_cells || H27431_Heart_cells || H27464_Heart_cells || H27471_Heart_cells || H27472_Heart_cells || H27473_Heart_cells,139120
HCA-dcp6600438190759903,HCA-H27771_Kidney_cells || H27772_Kidney_cells || H27798_Kidney_cells || H27870_Kidney_cells || H27876_Kidney_cells || H27909_Kidney_cells || H27913_Kidney_cells || H27915_Kidney_cells || H27948_Kidney_cells,174270
HCA-gompertsLungSarsCov2,HCA-CIG_Control,78949
HCA-gompertsLungSarsCov2,HCA-CIG_Sarscovid2,76743
HCA-gompertsLungSarsCov2,HCA-Mock_Control,71242
HCA-hippocampus_development,HCA-GW25_SCRNA,11021
HCA-hippocampus_development,HCA-GW20_SCRNA_1,9029
HCA-hippocampus_development,HCA-GW16_SCRNA,7915
HCA-lymphaticEndothelialCells,HCA-SAMN10662451,7659
HCA-lymphaticEndothelialCells,HCA-SAMN10662450,5355
HCA-lymphaticEndothelialCells,HCA-SAMN10662453,10565
HCA-nktpbmcZhou,HCA-donor_3_stimulated,2655
HCA-normalBreastAtlas,HCA-SRX9856809,1393
HCA-pbmcCov19Flu,HCA-cell_suspension_20_nCoV,2
HCA-pbmcCov19Flu,HCA-cell_suspension_4_Flu,3246
HCA-pbmcCov19Flu,HCA-cell_suspension_10_nCoV,13
HCA-pbmcCov19Flu,HCA-cell_suspension_8_Flu,2100
HCA-pbmcCov19Flu,HCA-cell_suspension_9_nCoV,2620
HCA-pulmonaryFibrosisPathobiology,HCA-donor_1_cells,7143
HCA-pulmonaryFibrosisPathobiology,HCA-IPF_4_cells,5861
HCA-scRNAseqSystemicComparison,HCA-PBMC1_specimen1_cell4,3267
HCA-scRNAseqSystemicComparison,HCA-PBMC1_specimen1_cell5,4799
HCA-Fetal/Maternal Interface,HCA-FCA7196229,3126
HCA-FetalLiverHaematopoiesis,HCA-F01-YOL-3p-live_1,3638
HCA-FetalLiverHaematopoiesis,HCA-F04-KID-3p-CD45neg,4581
HCA-FetalLiverHaematopoiesis,HCA-F09-SKI-3p-CD45neg,8428
HCA-FetalLiverHaematopoiesis,HCA-F02-SKI-3p-CD45pos,3537
HCA-FetalLiverHaematopoiesis,HCA-F01-YOL-3p-live_2,3106
HCA-FetalLiverHaematopoiesis,HCA-F06-KID-3p-CD45neg,5410
HCA-Fetal/Maternal Interface,HCA-FCA7511883,594
HCA-Fetal/Maternal Interface,HCA-FCA7167220,1125
HCA-Fetal/Maternal Interface,HCA-FCA7167219,1254
HCA-FetalLiverHaematopoiesis,HCA-F03-KID-3p-CD45neg,5639
HCA-FetalLiverHaematopoiesis,HCA-F05-SKI-3p-CD45neg_2,7501
HCA-FetalLiverHaematopoiesis,HCA-F02-SKI-3p-CD45neg,8753
HCA-FetalLiverHaematopoiesis,HCA-F06-SKI-3p-CD45neg,2010
HCA-FetalLiverHaematopoiesis,HCA-F03-KID-3p-CD45pos,2344
HCA-FetalLiverHaematopoiesis,HCA-F01-YOL-3p-live_3,4016
HCA-FetalLiverHaematopoiesis,HCA-F02-YOL-3p-live,1949
HCA-FetalLiverHaematopoiesis,HCA-F03-SKI-3p-CD45neg,5526
HCA-FetalLiverHaematopoiesis,HCA-F05-SKI-3p-CD45pos,3129
HCA-FetalLiverHaematopoiesis,HCA-F03-YOL-3p-live,1945
HCA-FetalLiverHaematopoiesis,HCA-F04-SKI-3p-CD45neg,1124
HCA-FetalLiverHaematopoiesis,HCA-F08-SKI-3p-CD45pos_1,5979
HCA-FetalLiverHaematopoiesis,HCA-F06-KID-3p-CD45pos,1822
HCA-FetalLiverHaematopoiesis,HCA-F03-SKI-3p-CD45pos,3795
HCA-FetalLiverHaematopoiesis,HCA-F08-SKI-3p-CD45neg,7225
HCA-GSE118184KidneyOrganoid,HCA-SRX4511357-1,2306
HCA-HealthyAndCirrhoticLiver,HCA-GSM4041172_cells,9041
HCA-HeartSingleCellsAndNucleiSeq,HCA-CBTM-361B_LV_nuclei,5350
HCA-HeartSingleCellsAndNucleiSeq,HCA-CBTM-364B_RV_nuclei,931
HCA-HeartSingleCellsAndNucleiSeq,HCA-CBTM-362C_SP_nuclei,5174
HCA-HeartSingleCellsAndNucleiSeq,HCA-CBTM-362C_RA_nuclei_2,3335
HCA-HealthyAndCirrhoticLiver,HCA-GSM4041170_cells,10069
HCA-HealthyAndCirrhoticLiver,HCA-GSM4041171_cells,7329
HCA-HeartSingleCellsAndNucleiSeq,HCA-CBTM-361B_AX_cells,395
HCA-HeartSingleCellsAndNucleiSeq,HCA-H0037_LA_nuclei,3687
HCA-HeartSingleCellsAndNucleiSeq,HCA-CBTM-417C_RV_cells,145
HCA-HeartSingleCellsAndNucleiSeq,HCA-CBTM-423C_AX_nuclei,4762
HCA-HeartSingleCellsAndNucleiSeq,HCA-H0035_LV_nuclei,9359
HCA-HeartSingleCellsAndNucleiSeq,HCA-H0026_LV_nuclei,12133
HCA-HeartSingleCellsAndNucleiSeq,HCA-H0025_LV_nuclei,14060
HCA-HeartSingleCellsAndNucleiSeq,HCA-CBTM-473C_SP_nuclei,4952
HCA-HeartSingleCellsAndNucleiSeq,HCA-CBTM-390C_AX_cells,1568
HCA-HeartSingleCellsAndNucleiSeq,HCA-CBTM-417C_SP_cells,52
HCA-HeartSingleCellsAndNucleiSeq,HCA-CBTM-390C_LA_cells,3338
HCA-HeartSingleCellsAndNucleiSeq,HCA-CBTM-423C_LA_nuclei,4663
HCA-HeartSingleCellsAndNucleiSeq,HCA-H0020_RV_nuclei,3686
HCA-HeartSingleCellsAndNucleiSeq,HCA-CBTM-473C_LV_cd45_pos,23592
HCA-HeartSingleCellsAndNucleiSeq,HCA-CBTM-423C_AX_cells,793
HCA-HeartSingleCellsAndNucleiSeq,HCA-CBTM-417C_RV_cd45_pos,4616
HCA-HeartSingleCellsAndNucleiSeq,HCA-CBTM-361B_AX_nuclei,4149
HCA-HeartSingleCellsAndNucleiSeq,HCA-CBTM-417C_SP_nuclei,5125
HCA-HeartSingleCellsAndNucleiSeq,HCA-CBTM-362C_AX_nuclei,5820
HCA-HeartSingleCellsAndNucleiSeq,HCA-CBTM-364B_SP_nuclei,4399
HCA-HeartSingleCellsAndNucleiSeq,HCA-CBTM-423C_SP_nuclei,3985
HCA-HeartSingleCellsAndNucleiSeq,HCA-CBTM-390C_RV_nuclei,5118
HCA-HeartSingleCellsAndNucleiSeq,HCA-CBTM-423C_SP_cd45_pos,3638
HCA-HeartSingleCellsAndNucleiSeq,HCA-H0025_LA_nuclei,7323
HCA-HeartSingleCellsAndNucleiSeq,HCA-CBTM-364B_RV_nuclei_2,2697
HCA-HeartSingleCellsAndNucleiSeq,HCA-CBTM-473C_LV_cells,4919
HCA-HeartSingleCellsAndNucleiSeq,HCA-CBTM-364B_RV_cells,604
HCA-HeartSingleCellsAndNucleiSeq,HCA-CBTM-417C_RA_cd45_pos,2447
HCA-HeartSingleCellsAndNucleiSeq,HCA-H0035_RV_nuclei,11080
HCA-HeartSingleCellsAndNucleiSeq,HCA-CBTM-423C_RV_nuclei,5818
HCA-HeartSingleCellsAndNucleiSeq,HCA-CBTM-362C_AX_nuclei_2,5539
HCA-HeartSingleCellsAndNucleiSeq,HCA-CBTM-423C_LV_nuclei,5418
HCA-HeartSingleCellsAndNucleiSeq,HCA-CBTM-417C_LA_nuclei,4887
HCA-HeartSingleCellsAndNucleiSeq,HCA-H0025_RA_nuclei,3988
HCA-HeartSingleCellsAndNucleiSeq,HCA-H0037_AX_nuclei,5260
HCA-HeartSingleCellsAndNucleiSeq,HCA-CBTM-364B_LV_nuclei,5835
HCA-HeartSingleCellsAndNucleiSeq,HCA-CBTM-473C_LV_nuclei,414
HCA-HeartSingleCellsAndNucleiSeq,HCA-CBTM-390C_LV_nuclei,6372
HCA-HeartSingleCellsAndNucleiSeq,HCA-CBTM-390C_RA_cells,1950
HCA-HeartSingleCellsAndNucleiSeq,HCA-CBTM-390C_LV_cells,1856
HCA-HeartSingleCellsAndNucleiSeq,HCA-CBTM-362C_SP_nuclei_2,4502
HCA-HeartSingleCellsAndNucleiSeq,HCA-CBTM-390C_AX_nuclei,4474
HCA-HeartSingleCellsAndNucleiSeq,HCA-CBTM-473C_SP_cells,2109
HCA-HeartSingleCellsAndNucleiSeq,HCA-CBTM-473C_AX_cd45_pos || CBTM-473C_AX_cells || CBTM-473C_LA_cd45_pos || CBTM-473C_LA_cells || CBTM-473C_LV_cd45_pos || CBTM-473C_LV_cells || CBTM-473C_RA_cd45_pos || CBTM-473C_RA_cells || CBTM-473C_RV_cd45_pos || CBTM-473C_RV_cells || CBTM-473C_SP_cd45_pos || CBTM-473C_SP_cells,136598
HCA-HnsccImmuneLandscape,HCA-HNSCC_9_PBMC_cells,1950
HCA-HnsccImmuneLandscape,HCA-HNSCC_18_PBMC_cells,1889
HCA-HnsccImmuneLandscape,HCA-HNSCC_16_PBMC_cells,2270
HCA-HnsccImmuneLandscape,HCA-HNSCC_12_PBMC_cells,2001
HCA-HnsccImmuneLandscape,HCA-HNSCC_8_TIL_cells,1595
HCA-HnsccImmuneLandscape,HCA-HD_Tonsil_4_cells,3844
HCA-HnsccImmuneLandscape,HCA-HNSCC_4_PBMC_cells,2286
HCA-HnsccImmuneLandscape,HCA-HNSCC_11_TIL_cells,3717
HCA-HnsccImmuneLandscape,HCA-HNSCC_14_TIL_cells,2491
HCA-HnsccImmuneLandscape,HCA-HNSCC_6_PBMC_cells,1910
HCA-HnsccImmuneLandscape,HCA-HNSCC_13_PBMC_cells,2211
HCA-HnsccImmuneLandscape,HCA-HNSCC_2_TIL_cells,5111
HCA-HnsccImmuneLandscape,HCA-HNSCC_1_PBMC_cells,2012
HCA-HnsccImmuneLandscape,HCA-HD_PBMC_5_cells,2184
HCA-HnsccImmuneLandscape,HCA-HNSCC_1_TIL_cells,3732
HCA-Human Hematopoietic Profiling,HCA-HS_BM_P2_cells_1,3049
HCA-Human Hematopoietic Profiling,HCA-HS_BM_P3_cells_1,4671
HCA-Human Hematopoietic Profiling,HCA-HS_BM_P3_cells_4,4744
HCA-Human Hematopoietic Profiling,HCA-HS_BM_P2_cells_3,2562
HCA-Human Hematopoietic Profiling,HCA-HS_BM_P1_cells_2,3824
HCA-Human5Ovary10xChuva,HCA-SAMN09765855,2091
HCA-Human5Ovary10xChuva,HCA-SAMN09765854,4357
HCA-Human5Ovary10xChuva,HCA-SAMN09765852,515
HCA-Human5Ovary10xChuva,HCA-SAMN09765848,4346
HCA-Human5Ovary10xChuva,HCA-SAMN09765847,5470
HCA-Human5Ovary10xChuva,HCA-SAMN09765845,110
HCA-Human5Ovary10xChuva,HCA-SAMN10719981,512
HCA-Human5Ovary10xChuva,HCA-SAMN10719989,507
HCA-Human5Ovary10xChuva,HCA-SAMN10719986,722
HCA-Human5Ovary10xChuva,HCA-SAMN10719985,529
HCA-HumanAdultKidneyLiaoMo,HCA-patient_2_normal_kidney_single_cells,11048
HCA-HumanBrainSubstantiaNigra,HCA-SRX7129192,1191
HCA-HumanBrainSubstantiaNigra,HCA-SRX7129198,895
HCA-HumanBrainSubstantiaNigra,HCA-SRX7129200,863
HCA-HumanBrainSubstantiaNigra,HCA-SRX7129196,347
HCA-HumanColonicMesenchymeIBD,HCA-Human_HC_2_colon_sample_cells,7249
HCA-HumanFirstTrimesterPlacentaDecidua,HCA-embryo_placenta_donor_23_sample1_cells1,10389
HCA-HumanFoveaRetinaScheetzSheffield,HCA-D_Fovea_Donor_2,5621
HCA-HumanLiverImmuneCells_GSE125188,HCA-SRX5255156,11191
HCA-HumanLiverImmuneCells_GSE125188,HCA-SRX5255155,8704
HCA-HumanLiverImmuneCells_GSE125188,HCA-SRX5255158,10375
HCA-HumanSkinBloodHypSensAndNormalKim,HCA-SAMN12070452,3237
HCA-HumanSkinBloodHypSensAndNormalKim,HCA-SAMN12070445-2,456
HCA-HumanSkinBloodHypSensAndNormalKim,HCA-SAMN12070449,2082
HCA-HumanSkinBloodHypSensAndNormalKim,HCA-SAMN12070447-1,212
HCA-HumanSkinBloodHypSensAndNormalKim,HCA-SAMN12070446-1,119
HCA-HumanThymicDevelopment,HCA-F23_TH_45N,4198
HCA-HumanThymicDevelopment,HCA-F45_TH_45P,4507
HCA-HumanThymicDevelopment,HCA-F21_TH_45P,4975
HCA-HumanThymicDevelopment,HCA-A16_TH_TOT_8,3949
HCA-HumanThymicDevelopment,HCA-C41_TH_TOT_1,9003
HCA-HumanThymicDevelopment,HCA-A16_TH_TOT_1,3312
HCA-HumanThymicDevelopment,HCA-C40_TH_TOT_2,11150
HCA-HumanThymicDevelopment,HCA-F38_TH_45P,4107
HCA-HumanThymicDevelopment,HCA-F22_TH_TOT,6440
HCA-HumanThymicDevelopment,HCA-F29_TH_45N,622
HCA-HumanThymicDevelopment,HCA-F41_TH_45N,4808
HCA-HumanTissueTcellActivation,HCA-PP019_suspension,4950
HCA-HumanTissueTcellActivation,HCA-PP018_suspension,5012
HCA-ImmuneCellExhaustianHIV,HCA-SRX9106610,8090
HCA-ImmuneCellExhaustianHIV,HCA-SRX9106609,6572
HCA-KidneySingleCellAtlas,HCA-FCAImmP7462243_F35_KI_45N,5639
HCA-KidneySingleCellAtlas,HCA-FCAImmP7579215_F45_KI_45N,3279
HCA-KidneySingleCellAtlas,HCA-4834STDY7002876_F16_KI_45N,4581
HCA-KidneySingleCellAtlas,HCA-4834STDY7002881_F17_KI_TOT,4267
HCA-MultipleSclerosisLineageDiversity,HCA-SRX5897029,3420
HCA-MultipleSclerosisLineageDiversity,HCA-SRX5897023,30999
HCA-MultipleSclerosisLineageDiversity,HCA-SRX5897027,6632
HCA-MultipleSclerosisLineageDiversity,HCA-SRX5897014,41652
HCA-MultipleSclerosisLineageDiversity,HCA-SRX5897019,5415
HCA-ProximalEpididymisCFTR,HCA-GSM4486716,5056
HCA-PulmonaryFibrosisGSE135893,HCA-VUILD53,3881
HCA-HeartSingleCellsAndNucleiSeq,HCA-H0026_LA_nuclei,4997
HCA-HeartSingleCellsAndNucleiSeq,HCA-CBTM-423C_SP_cells,1065
HCA-HeartSingleCellsAndNucleiSeq,HCA-CBTM-417C_LA_cd45_pos,15733
HCA-HeartSingleCellsAndNucleiSeq,HCA-CBTM-423C_LV_cd45_pos,1309
HCA-HeartSingleCellsAndNucleiSeq,HCA-CBTM-423C_AX_cd45_pos,5170
HCA-HeartSingleCellsAndNucleiSeq,HCA-CBTM-423C_RV_cd45_pos,3395
HCA-HeartSingleCellsAndNucleiSeq,HCA-H0035_SP_nuclei,5678
HCA-HeartSingleCellsAndNucleiSeq,HCA-H0020_RA_nuclei,4810
HCA-HeartSingleCellsAndNucleiSeq,HCA-CBTM-364B_AX_nuclei,5352
HCA-HeartSingleCellsAndNucleiSeq,HCA-CBTM-364B_SP_cells,350
HCA-HeartSingleCellsAndNucleiSeq,HCA-CBTM-390C_RA_nuclei,5115
HCA-HeartSingleCellsAndNucleiSeq,HCA-H0020_SP_nuclei,6017
HCA-HeartSingleCellsAndNucleiSeq,HCA-CBTM-364B_LV_cells,1184
HCA-HeartSingleCellsAndNucleiSeq,HCA-H0026_RV_nuclei,6886
HCA-HeartSingleCellsAndNucleiSeq,HCA-CBTM-423C_RA_nuclei,5895
HCA-HeartSingleCellsAndNucleiSeq,HCA-CBTM-423C_LV_cells,691
HCA-HeartSingleCellsAndNucleiSeq,HCA-H0037_RV_nuclei,4668
HCA-HeartSingleCellsAndNucleiSeq,HCA-CBTM-362C_RV_nuclei,3932
HCA-HeartSingleCellsAndNucleiSeq,HCA-CBTM-473C_RA_cd45_pos,12206
HCA-HeartSingleCellsAndNucleiSeq,HCA-H0020_AX_nuclei,4560
HCA-HeartSingleCellsAndNucleiSeq,HCA-CBTM-423C_LA_cells,1076
HCA-HeartSingleCellsAndNucleiSeq,HCA-CBTM-364B_RA_nuclei,6541
HCA-HeartSingleCellsAndNucleiSeq,HCA-CBTM-417C_AX_cells,101
HCA-HeartSingleCellsAndNucleiSeq,HCA-CBTM-361B_LA_nuclei,1611
HCA-HeartSingleCellsAndNucleiSeq,HCA-H0026_RA_nuclei,2905
HCA-HeartSingleCellsAndNucleiSeq,HCA-CBTM-364B_LV_nuclei_3,6212
HCA-HeartSingleCellsAndNucleiSeq,HCA-CBTM-417C_LV_cells,91
HCA-HeartSingleCellsAndNucleiSeq,HCA-CBTM-417C_LA_cells,21
HCA-HeartSingleCellsAndNucleiSeq,HCA-CBTM-473C_RV_nuclei,4496
HCA-HeartSingleCellsAndNucleiSeq,HCA-CBTM-423C_LA_cd45_pos,1729
HCA-HeartSingleCellsAndNucleiSeq,HCA-H0037_RA_nuclei,4043
HCA-HeartSingleCellsAndNucleiSeq,HCA-CBTM-417C_LV_cd45_pos,7706
HCA-HeartSingleCellsAndNucleiSeq,HCA-H0020_LV_nuclei,14638
HCA-HeartSingleCellsAndNucleiSeq,HCA-CBTM-417C_AX_nuclei,5064
HCA-HeartSingleCellsAndNucleiSeq,HCA-CBTM-417C_RA_nuclei,1696
HCA-HeartSingleCellsAndNucleiSeq,HCA-H0015_RV_nuclei,8228
HCA-HnsccImmuneLandscape,HCA-HNSCC_13_TIL_cells,2183
HCA-HnsccImmuneLandscape,HCA-HNSCC_4_TIL_cells,3003
HCA-HnsccImmuneLandscape,HCA-HD_PBMC_4_cells,2622
HCA-HnsccImmuneLandscape,HCA-HD_Tonsil_5_cells,3878
HCA-HnsccImmuneLandscape,HCA-HD_PBMC_1_cells,2597
HCA-HnsccImmuneLandscape,HCA-HNSCC_11_PBMC_cells,2154
HCA-HnsccImmuneLandscape,HCA-HNSCC_7_TIL_cells,3169
HCA-HnsccImmuneLandscape,HCA-HNSCC_6_TIL_cells,2322
HCA-HnsccImmuneLandscape,HCA-HNSCC_16_TIL_cells,4020
HCA-HnsccImmuneLandscape,HCA-HNSCC_5_PBMC_cells,1768
HCA-HnsccImmuneLandscape,HCA-HNSCC_17_TIL_cells,3976
HCA-HnsccImmuneLandscape,HCA-HNSCC_15_TIL_cells,2662
HCA-HnsccImmuneLandscape,HCA-HNSCC_7_PBMC_cells,2049
HCA-HnsccImmuneLandscape,HCA-HNSCC_2_PBMC_cells,1789
HCA-HnsccImmuneLandscape,HCA-HNSCC_3_TIL_cells,3770
HCA-HnsccImmuneLandscape,HCA-HD_Tonsil_1_cells,4570
HCA-HnsccImmuneLandscape,HCA-HD_PBMC_6_cells,1671
HCA-Human Hematopoietic Profiling,HCA-HS_BM_P1_cells_1,3413
HCA-Human Hematopoietic Profiling,HCA-HS_BM_P2_cells_2,2497
HCA-Human Hematopoietic Profiling,HCA-HS_BM_P3_cells_3,4418
HCA-Human Hematopoietic Profiling,HCA-HS_BM_P3_cells_2,4370
HCA-Human5Ovary10xChuva,HCA-SAMN09765859,1713
HCA-Human5Ovary10xChuva,HCA-SAMN09765856,2566
HCA-Human5Ovary10xChuva,HCA-SAMN09765850,818
HCA-Human5Ovary10xChuva,HCA-SAMN09765849,5104
HCA-Human5Ovary10xChuva,HCA-SAMN10719995,1217
HCA-Human5Ovary10xChuva,HCA-SAMN10719994,845
HCA-Human5Ovary10xChuva,HCA-SAMN10719993,435
HCA-Human5Ovary10xChuva,HCA-SAMN10719992,1186
HCA-Human5Ovary10xChuva,HCA-SAMN10719990,108
HCA-Human5Ovary10xChuva,HCA-SAMN10719988,490
HCA-Human5Ovary10xChuva,HCA-SAMN10719987,2545
HCA-Human5Ovary10xChuva,HCA-SAMN10719984,760
HCA-HumanAdiposeTissue,HCA-SRX5692095-1,11711
HCA-HumanAdultKidneyLiaoMo,HCA-patient_1_normal_kidney_single_cells,13638
HCA-HumanBrainSubstantiaNigra,HCA-SRX7129197,153
HCA-HumanBrainSubstantiaNigra,HCA-SRX7129199,409
HCA-HumanBrainSubstantiaNigra,HCA-SRX7129194,429
HCA-HumanBrainSubstantiaNigra,HCA-SRX7129203,312
HCA-HumanBrainSubstantiaNigra,HCA-SRX7129201,459
HCA-HumanColonicMesenchymeIBD,HCA-Human_HC_1_colon_sample_cells,5979
HCA-HumanColonicMesenchymeIBD,HCA-Human_UC_2_colon_sample_cells,6569
HCA-HumanFirstTrimesterPlacentaDecidua,HCA-embryo_placenta_donor_17_sample1_cells,12314
HCA-HumanFoveaRetinaScheetzSheffield,HCA-D_Fovea_Donor_3,1983
HCA-HumanFoveaRetinaScheetzSheffield,HCA-D_Peripheral_Donor_2,4259
HCA-HumanFoveaRetinaScheetzSheffield,HCA-D_Fovea_Donor_1,12788
HCA-HumanFoveaRetinaScheetzSheffield,HCA-D_Peripheral_Donor_1,6287
HCA-HumanLiverImmuneCells_GSE125188,HCA-SRX5255153,9229
HCA-HumanSkinBloodHypSensAndNormalKim,HCA-SAMN12070448,1075
HCA-HumanSkinBloodHypSensAndNormalKim,HCA-SAMN12070450,2020
HCA-HumanSkinBloodHypSensAndNormalKim,HCA-SAMN12070446-2,84
HCA-HumanSkinBloodHypSensAndNormalKim,HCA-SAMN12070447-2,260
HCA-HumanSkinBloodHypSensAndNormalKim,HCA-SAMN12070446-3,90
HCA-HumanSkinBloodHypSensAndNormalKim,HCA-SAMN12070447-3,280
HCA-HumanThymicDevelopment,HCA-C40_TH_TOT_1,11026
HCA-HumanThymicDevelopment,HCA-F21_TH_45N,5023
HCA-HumanThymicDevelopment,HCA-F45_TH_45N,11125
HCA-HumanThymicDevelopment,HCA-F30_TH_45N,3710
HCA-HumanThymicDevelopment,HCA-A16_TH_TOT_2,2966
HCA-HumanThymicDevelopment,HCA-F38_TH_45N_2,2179
HCA-HumanThymicDevelopment,HCA-C41_TH_TOT_2,9119
HCA-HumanThymicDevelopment,HCA-F38_TH_45N_1,2117
HCA-HumanThymicDevelopment,HCA-A16_TH_TOT_6,3975
HCA-HumanThymicDevelopment,HCA-A16_TH_TOT_7,3824
HCA-HumanThymicDevelopment,HCA-F23_TH_45P,4153
HCA-HumanTissueTcellActivation,HCA-PP020_suspension,4917
HCA-KidneySingleCellAtlas,HCA-FCAImmP7528293_F38_KI_45N,4475
HCA-KidneySingleCellAtlas,HCA-FCAImmP7579214_F45_KI_45P,2614
HCA-MultipleSclerosisLineageDiversity,HCA-SRX5897015,2820
HCA-MultipleSclerosisLineageDiversity,HCA-SRX5897021,7454
HCA-MultipleSclerosisLineageDiversity,HCA-SRX5897025,4917
HCA-MultipleSclerosisLineageDiversity,HCA-SRX5897034,2444
HCA-MultipleSclerosisLineageDiversity,HCA-SRX5897016,12319
HCA-MultipleSclerosisLineageDiversity,HCA-SRX5897024,15117
HCA-MultipleSclerosisLineageDiversity,HCA-SRX5897031,4925
HCA-Oligodendrocyte_MS,HCA-Control_CO39_NS,4205
HCA-Oligodendrocyte_MS,HCA-Control_SD48/16_NS,1663
HCA-Oligodendrocyte_MS,HCA-MS121_A3_NS,858
HCA-PulmonaryFibrosisGSE135893,HCA-VUILD53-1,3881
HCA-Reprogrammed_Dendritic_Cells,HCA-cellsuspension3,6971
HCA-Reprogrammed_Dendritic_Cells,HCA-cellsuspension2,1006
HCA-Stress-inducedRNA__hromatininteractionspromoteendo,HCA-28b70615-e53e-45eb-aad3-58d3f34731f3,567
HCA-Stress-inducedRNA__hromatininteractionspromoteendo,HCA-7a071edc-81b0-4ba3-8049-00b7f0df6921,794
HCA-Substantia_nigra_and_locus_coeruleus,HCA-cellsuspension_LC5579-1,6124
HCA-Substantia_nigra_and_locus_coeruleus,HCA-cellsuspension_SN5828-1,2171
HCA-Substantia_nigra_and_locus_coeruleus,HCA-cellsuspension_SN5862-1,4472
HCA-Substantia_nigra_and_locus_coeruleus,HCA-cellsuspension_LC5579-2,6014
HCA-Substantia_nigra_and_locus_coeruleus,HCA-cellsuspension_LC5844,527
HCA-Substantia_nigra_and_locus_coeruleus,HCA-cellsuspension_SN5893-2,8170
HCA-Substantia_nigra_and_locus_coeruleus,HCA-cellsuspension_SN5534-1,5032
HCA-Substantia_nigra_and_locus_coeruleus,HCA-cellsuspension_SN2_5534-1,9191
HCA-Substantia_nigra_and_locus_coeruleus,HCA-cellsuspension_SN5862-2,3043
HCA-TCellsHumanCentralNervousSystem,HCA-SRX9052645,199
HCA-TCellsHumanCentralNervousSystem,HCA-SRX9052642,1573
HCA-TCellsNeuroinflammation,HCA-SRX8294513,15050
HCA-TissueStability,HCA-A1-Spl-0-TL5_cells,2295
HCA-TissueStability,HCA-A21-OES-3-SC-1_cells,5431
HCA-TissueStability,HCA-A27-LNG-0-SC-1_cells,1664
HCA-TissueStability,HCA-A6-Oes-1-TL1_cells,3360
HCA-TissueStability,HCA-A12-OES-0-TL2-1_cells,6716
HCA-TissueStability,HCA-A25-OES-0-SC-3_cells,9956
HCA-TissueStability,HCA-A15-OES-0-TL3-1_cells,10470
HCA-TissueStability,HCA-A26-LNG-0-SC-3_cells,2595
HCA-TissueStability,HCA-A21-Lng-4-SC-1_cells,3415
HCA-TissueStability,HCA-A8-Spl-0-TL-12h-1_cells,3733
HCA-TissueStability,HCA-A12-OES-0-TL3-1_cells,5532
HCA-TissueStability,HCA-A23-OES--SC-2_cells,7104
HCA-TissueStability,HCA-A27-LNG-0-SC-4_cells,2412
HCA-TissueStability,HCA-A25-LNG-0-SC-4_cells,4263
HCA-TissueStability,HCA-A12-Oes-0-TL1_cells,6154
HCA-TissueStability,HCA-A21-Spl-2-SC-1_cells,37482
HCA-TissueStability,HCA-A1-Spl-0-TL7-1_cells,2377
HCA-TissueStability,HCA-A21-OES-4-SC-1_cells,3821
HCA-TissueStability,HCA-A12-Spl-0-TL1_cells,2107
HCA-TissueStability,HCA-A16-Spl-0-TL3-1_cells,4294
HCA-WongAdultRetina,HCA-17-011-R-A,6473
HCA-WongAdultRetina,HCA-SC-L-A,6187
HCA-dcp6600438190759903,HCA-H27771_Intestine_cells || H27772_Intestine_cells || H27798_Intestine_cells || H27799_Intestine_cells || H27876_Intestine_cells || H27909_Intestine_cells || H27913_Intestine_cells || H27915_Intestine_cells || H27948_Intestine_cells,56674
HCA-dcp6600438190759903,HCA-H26350_Lung_cells || H26547_Lung_cells || H27058_Lung_cells || H27098_Lung_cells || H27423_Lung_cells || H27431_Lung_cells || H27464_Lung_cells || H27471_Lung_cells || H27472_Lung_cells || H27474_Lung_cells || H27477_Lung_cells || H27771_Lung_cells,278680
HCA-dcp6600438190759903,HCA-H26350_Pancreas_cells || H26547_Pancreas_cells || H27058_Pancreas_cells || H27464_Pancreas_cells || H27471_Pancreas_cells || H27552_Pancreas_cells || H27870_Pancreas_cells || H27876_Pancreas_cells || H27948_Pancreas_cells,58772
HCA-dcp6600438190759903,HCA-H26350_Placenta_cells || H26547_Placenta_cells || H27058_Placenta_cells || H27098_Placenta_cells || H27423_Placenta_cells || H27431_Placenta_cells || H27464_Placenta_cells || H27471_Placenta_cells || H27472_Placenta_cells || H27473_Placenta_cells || H27474_Placenta_cells,35144
HCA-hippocampus_development,HCA-GW18_SCRNA,5254
HCA-hippocampus_development,HCA-GW22_SCRNA_1,8050
HCA-hippocampus_development,HCA-GW27_SCRNA,6785
HCA-hippocampus_development,HCA-GW20_SCRNA_2,8903
HCA-hippocampus_development,HCA-GW22_SCRNA_2,7953
HCA-lymphaticEndothelialCells,HCA-SAMN10662451-1,7682
HCA-lymphaticEndothelialCells,HCA-SAMN10662453-1,10656
HCA-lymphaticEndothelialCells,HCA-SAMN10662451-2,7712
HCA-lymphaticEndothelialCells,HCA-SAMN10662451-3,7698
HCA-lymphaticEndothelialCells,HCA-SAMN10662451-4,7697
HCA-lymphaticEndothelialCells,HCA-SAMN10662452,4817
HCA-nktpbmcZhou,HCA-donor_2_stimulated,2877
HCA-nktpbmcZhou,HCA-donor_1_unstimulated,1794
HCA-nktpbmcZhou,HCA-donor_2_unstimulated,1668
HCA-normalBreastAtlas,HCA-SRX9856808,4849
HCA-normalBreastAtlas,HCA-SRX9856810,5216
HCA-normalBreastAtlas,HCA-SRX9856811,3419
HCA-pbmcCov19Flu,HCA-cell_suspension_13_Normal,7314
HCA-pbmcCov19Flu,HCA-cell_suspension_1_nCoV,7758
HCA-pbmcCov19Flu,HCA-cell_suspension_12_nCoV,7892
HCA-pbmcCov19Flu,HCA-cell_suspension_18_nCoV,5928
HCA-pulmonaryFibrosisPathobiology,HCA-IPF_2_cells,4068
HCA-pulmonaryFibrosisPathobiology,HCA-IPF_3_cells,11203
HCA-scRNAseqSystemicComparison,HCA-PBMC2_specimen1_cell3,3381
HCA-SkeletalMuscleHumanMouse,HCA-Muscle_2_cells,1191
HCA-SkeletalMuscleHumanMouse,HCA-Muscle_1_cells || Muscle_2_cells || Muscle_3_cells || Muscle_4_cells,3432
HCA-Stress-inducedRNA__hromatininteractionspromoteendo,HCA-d3b1a91e-0c95-4023-b3a9-6a60ba051407,760
HCA-Stress-inducedRNA__hromatininteractionspromoteendo,HCA-5f0bfbe5-89a2-43ac-9c2f-88483cc49481,820
HCA-Stress-inducedRNA__hromatininteractionspromoteendo,HCA-7690ee30-acaa-4e39-b40d-6158f59da16c,1430
HCA-Substantia_nigra_and_locus_coeruleus,HCA-cellsuspension_LC5699-2,11062
HCA-Substantia_nigra_and_locus_coeruleus,HCA-cellsuspension_SN5828-2,4183
HCA-Substantia_nigra_and_locus_coeruleus,HCA-cellsuspension_LC5579-3,6917
HCA-Substantia_nigra_and_locus_coeruleus,HCA-cellsuspension_LC5534-1,4221
HCA-Substantia_nigra_and_locus_coeruleus,HCA-cellsuspension_LC5893-2,3103
HCA-Substantia_nigra_and_locus_coeruleus,HCA-cellsuspension_LC5699-3,23349
HCA-Substantia_nigra_and_locus_coeruleus,HCA-cellsuspension_SN6063-1,13286
HCA-Substantia_nigra_and_locus_coeruleus,HCA-cellsuspension_SN5534-2,4960
HCA-Substantia_nigra_and_locus_coeruleus,HCA-cellsuspension_LC5534-2,3515
HCA-Substantia_nigra_and_locus_coeruleus,HCA-cellsuspension_SN2_5534-2,2821
HCA-Substantia_nigra_and_locus_coeruleus,HCA-cellsuspension_SN6063-2,14382
HCA-TCellsHumanCentralNervousSystem,HCA-SRX9052644,199
HCA-TCellsHumanCentralNervousSystem,HCA-SRX9052641,5817
HCA-TCellsNeuroinflammation,HCA-SRX8294511,14509
HCA-TissueStability,HCA-A23-OES--SC-3_cells,4039
HCA-TissueStability,HCA-A21-Spl-4-SC-1_cells,11130
HCA-TissueStability,HCA-A17-Lng-0-TL1-1_cells,4190
HCA-TissueStability,HCA-A21-Spl-1-SC-1_cells,7235
HCA-TissueStability,HCA-A1-Spl-0-TL8-1_cells,2513
HCA-TissueStability,HCA-A25-LNG-0-SC-3_cells,2416
HCA-TissueStability,HCA-A8-Spl-0-TL-72h-1_cells,18569
HCA-TissueStability,HCA-A15-Oes-0-TL1_cells,4133
HCA-TissueStability,HCA-A25-OES-0-SC-2_cells,8122
HCA-TissueStability,HCA-A25-OES-0-SC-1_cells,8335
HCA-TissueStability,HCA-A17-Lng-0-TL2-1_cells,3177
HCA-TissueStability,HCA-A23-OES--SC-4_cells,7017
HCA-TissueStability,HCA-A15-OES-0-TL2-1_cells,5325
HCA-TissueStability,HCA-A21-OES-2-SC-1_cells,5292
HCA-TissueStability,HCA-A21-Spl-3-SC-1_cells,3910
HCA-TissueStability,HCA-A16-Spl-0-TL4-1_cells,6519
HCA-TissueStability,HCA-A21-Lng-2-SC-1_cells,4394
HCA-TissueStability,HCA-A21-Lng-3-SC-1_cells,4399
HCA-TissueStability,HCA-A17-Lng-0-TL3-1_cells,6084
HCA-TissueStability,HCA-A6-OES-1-TL3-1_cells,5127
HCA-TissueStability,HCA-A12-Spl-0-TL4-1_cells,2020
HCA-TissueStability,HCA-A23-OES--SC-1_cells,9575
HCA-TissueStability,HCA-A8-Spl-0-TL-0h_cells,4505
HCA-TissueStability,HCA-A26-LNG-0-SC-1_cells,1337
HCA-WongAdultRetina,HCA-SC-L-B,6474
HCA-WongAdultRetina,HCA-17-011-R-B,5864
HCA-dcp6600438190759903,HCA-H27098_Muscle_cells || H27431_Muscle_cells || H27471_Muscle_cells || H27472_Muscle_cells || H27473_Muscle_cells || H27474_Muscle_cells || H27477_Muscle_cells || H27634_Muscle_cells,40561
HCA-dcp6600438190759903,HCA-H26350_Spleen_cells || H26547_Spleen_cells || H27431_Spleen_cells || H27464_Spleen_cells || H27471_Spleen_cells || H27472_Spleen_cells || H27552_Spleen_cells || H27634_Spleen_cells,23129
HCA-dcp6600438190759903,HCA-H26350_Thymus_cells || H26547_Thymus_cells || H27295_Thymus_cells || H27423_Thymus_cells || H27431_Thymus_cells || H27471_Thymus_cells || H27552_Thymus_cells || H27634_Thymus_cells,12020
HCA-gompertsLungSarsCov2,HCA-Mock_Sarscovid2,77685
HCA-lymphaticEndothelialCells,HCA-SAMN10662451-5,7602
HCA-lymphaticEndothelialCells,HCA-SAMN10662452-1,4824
HCA-lymphaticEndothelialCells,HCA-SAMN10662450-1,5363
HCA-lymphaticEndothelialCells,HCA-SAMN10662450-2,5368
HCA-lymphaticEndothelialCells,HCA-SAMN10662451-6,7684
HCA-lymphaticEndothelialCells,HCA-SAMN10662451-7,7637
HCA-nktpbmcZhou,HCA-donor_3_unstimulated,2003
HCA-nktpbmcZhou,HCA-donor_1_stimulated,3119
HCA-normalBreastAtlas,HCA-SRX9856812,4649
HCA-normalBreastAtlas,HCA-SRX9856815,7658
HCA-pbmcCov19Flu,HCA-cell_suspension_3_Flu,7833
HCA-pbmcCov19Flu,HCA-cell_suspension_11_nCoV,8615
HCA-pbmcCov19Flu,HCA-cell_suspension_16_nCoV,6057
HCA-pbmcCov19Flu,HCA-cell_suspension_7_Flu,2765
HCA-pbmcCov19Flu,HCA-cell_suspension_5_Normal,8
HCA-pbmcCov19Flu,HCA-cell_suspension_6_Flu,5969
HCA-pbmcCov19Flu,HCA-cell_suspension_14_Normal,18646
HCA-pbmcCov19Flu,HCA-cell_suspension_19_Normal,8
HCA-pbmcCov19Flu,HCA-cell_suspension_17_nCoV,4129
HCA-pbmcCov19Flu,HCA-cell_suspension_15_nCoV,4531
HCA-pulmonaryFibrosisPathobiology,HCA-IPF_1_cells,5107
HCA-pulmonaryFibrosisPathobiology,HCA-cryobiopsy_cells,2814
HCA-pulmonaryFibrosisPathobiology,HCA-donor_3_cells,6918
HCA-pulmonaryFibrosisPathobiology,HCA-donor_5_cells,9972
HCA-pulmonaryFibrosisPathobiology,HCA-donor_6_cells,8879
HCA-pulmonaryFibrosisPathobiology,HCA-donor_7_cells,13935
HCA-pulmonaryFibrosisPathobiology,HCA-donor_8_cells,26434
HCA-scRNAseqSystemicComparison,HCA-PBMC1_specimen1_cell3,5058
HCA-Asingle-cellatlasofthehealthybreasttissuesrevealsc,HCA-104f8180-4572-41f6-926b-8770e9304c7a-1,1874
HCA-CPmicroEnvironment,HCA-SRX9891809 || SRX9891831,3812
HCA-CPmicroEnvironment,HCA-SRX9891811 || SRX9891833,2056
HCA-CPmicroEnvironment,HCA-SRX9891801 || SRX9891813 || SRX9891823,2302
HCA-CPmicroEnvironment,HCA-SRX9891802 || SRX9891814 || SRX9891824,2945
HCA-CPmicroEnvironment,HCA-SRX9891804 || SRX9891816 || SRX9891826,3385
HCA-CPmicroEnvironment,HCA-SRX9891807 || SRX9891819 || SRX9891829,2950
HCA-CPmicroEnvironment,HCA-SRX9891808 || SRX9891820 || SRX9891830,917
HCA-DevelopingMouseKidneyHumanKidneyOrganoids,HCA-SRX3583358,3430
HCA-Asingle-cellatlasofthehealthybreasttissuesrevealsc,HCA-38d793cb-d811-4863-aec0-2fa70916cb83,12762
HCA-CPmicroEnvironment,HCA-SRX9891803 || SRX9891815 || SRX9891825,3764
HCA-CPmicroEnvironment,HCA-SRX9891805 || SRX9891817 || SRX9891827,902
HCA-CPmicroEnvironment,HCA-SRX9891806 || SRX9891818 || SRX9891828,1430
HCA-CPmicroEnvironment,HCA-SRX9891810 || SRX9891821,7627
HCA-CPmicroEnvironment,HCA-SRX9891800 || SRX9891812 || SRX9891822,1512
HCA-Covid19PBMC,HCA-Covid19PBMC,697598
HCA-DevelopingMouseKidneyHumanKidneyOrganoids,HCA-SRX3583357,3806
HCA-DevelopingMouseKidneyHumanKidneyOrganoids,HCA-SRX3583359,3648
HCA-DevelopingMouseKidneyHumanKidneyOrganoids,HCA-SRX4111637,3441
HCA-SC_analysis_kidney_organoids_fetal_kidney,HCA-cell_suspension_C32_organoid_3,3225
HCA-SC_analysis_kidney_organoids_fetal_kidney,HCA-cell_suspension_C32_organoid_1,3466
HCA-SC_analysis_kidney_organoids_fetal_kidney,HCA-cell_suspension_C32_organoid_3-1,3248
HCA-Stress-inducedRNA__hromatininteractionspromoteendo,HCA-5105c829-82ab-45aa-9c8e-78bde13e25d5,4193
HCA-Stress-inducedRNA__hromatininteractionspromoteendo,HCA-364a0001-2473-403c-b555-a0ebbfeb3ecd,3324
HCA-nasalMucosaLifespan,HCA-SRX9651834,3316
HCA-nasalMucosaLifespan,HCA-SRX9651813,1127
HCA-nasalMucosaLifespan,HCA-SRX9651814,1209
HCA-nasalMucosaLifespan,HCA-SRX9651817,2414
HCA-SC_analysis_kidney_organoids_fetal_kidney,HCA-cell_suspension_C32_organoid_1-1,3302
HCA-SC_analysis_kidney_organoids_fetal_kidney,HCA-cell_suspension_C32_organoid_2,3085
HCA-SC_analysis_kidney_organoids_fetal_kidney,HCA-cell_suspension_C32_organoid_3-2,3125
HCA-SC_analysis_kidney_organoids_fetal_kidney,HCA-cell_suspension_C32_organoid_3-3,3192
HCA-SC_analysis_kidney_organoids_fetal_kidney,HCA-cell_suspension_C32_organoid_4,3441
HCA-SC_analysis_kidney_organoids_fetal_kidney,HCA-cell_suspension_C32_organoid_1-2,3221
HCA-SC_analysis_kidney_organoids_fetal_kidney,HCA-cell_suspension_C32_organoid_2-1,2722
HCA-SC_analysis_kidney_organoids_fetal_kidney,HCA-cell_suspension_C32_organoid_2-2,3106
HCA-SC_analysis_kidney_organoids_fetal_kidney,HCA-cell_suspension_C32_organoid_2-3,3103
HCA-SC_analysis_kidney_organoids_fetal_kidney,HCA-cell_suspension_C32_organoid_1-3,3326
HCA-Stress-inducedRNA__hromatininteractionspromoteendo,HCA-ba83c05d-e481-4d67-8ebb-5751912f53ff,3382
HCA-Stress-inducedRNA__hromatininteractionspromoteendo,HCA-e81d4432-fc14-41e2-872d-a1788b3044a3,991
HCA-nasalMucosaLifespan,HCA-SRX9651818,1168
HCA-nasalMucosaLifespan,HCA-SRX9651819,1062
HCA-nasalMucosaLifespan,HCA-SRX9651823,1498
HCA-nasalMucosaLifespan,HCA-SRX9651825,1673
HCA-nasalMucosaLifespan,HCA-SRX9651826,1074
HCA-nasalMucosaLifespan,HCA-SRX9651827,1099
HCA-nasalMucosaLifespan,HCA-SRX9651829,1693
HCA-nasalMucosaLifespan,HCA-SRX9651830,1469
HCA-nasalMucosaLifespan,HCA-SRX9651831,1560
HCA-nasalMucosaLifespan,HCA-SRX9651815,1172
HCA-nasalMucosaLifespan,HCA-SRX9651820,970
HCA-nasalMucosaLifespan,HCA-SRX9651821,738
HCA-nasalMucosaLifespan,HCA-SRX9651822,1415
HCA-nasalMucosaLifespan,HCA-SRX9651824,1618
HCA-nasalMucosaLifespan,HCA-SRX9651828,1514
HCA-nasalMucosaLifespan,HCA-SRX9651832,3365
HCA-nasalMucosaLifespan,HCA-SRX9651833,3158
HCA-nasalMucosaLifespan,HCA-SRX9651812,2981
HCA-nasalMucosaLifespan,HCA-SRX9651816,2493
HCA-fetalLiverAndCordBloodCiteSeq,HCA-fetalLiverAndCordBloodCiteSeq_sample_1,88805
HCA-FetalLiverHaematopoiesis,HCA-85dc3748-6751-482b-b7cd-c1e08f7df5c0-0,2263
HCA-FetalLiverHaematopoiesis,HCA-ae71343b-df16-49a3-829d-a6e61afdc079-0,6172
HCA-FetalLiverHaematopoiesis,HCA-f2ed99b4-a68d-4d54-8c65-9534ad5931b5-0,5542
HCA-FetalLiverHaematopoiesis,HCA-793d9bf6-00cb-49e6-acc2-2cc724036645-0,4153
HCA-FetalLiverHaematopoiesis,HCA-dd19fdc7-35a9-432f-9a97-670637433eda-0,5695
HCA-FetalLiverHaematopoiesis,HCA-5baa7164-60f5-4b28-8bad-e9a0563cac70-0,5595
HCA-FetalLiverHaematopoiesis,HCA-eed4d335-880b-4735-9d04-cdbf706e3d44-0,4540
HCA-FetalLiverHaematopoiesis,HCA-39046bdd-483c-44ad-9b50-dea608d34255-0,4361
HCA-FetalLiverHaematopoiesis,HCA-8f63d864-87e5-40f3-8f68-936640010c7d-0,4519
HCA-FetalLiverHaematopoiesis,HCA-f2ed99b4-a68d-4d54-8c65-9534ad5931b5-1,7138
HCA-FetalLiverHaematopoiesis,HCA-ae71343b-df16-49a3-829d-a6e61afdc079-1,6155
HCA-FetalLiverHaematopoiesis,HCA-1b5a4bc7-5a90-4782-a657-536a8b533156-0,6439
HCA-FetalLiverHaematopoiesis,HCA-d0baedfe-0556-4c2b-a1a0-d1e28ef07bb5-0,5292
HCA-FetalLiverHaematopoiesis,HCA-dd19fdc7-35a9-432f-9a97-670637433eda-1,20877
HCA-FetalLiverHaematopoiesis,HCA-e8fbe9c1-ab25-4300-a40d-65d0e8f627e0-0,5970
HCA-FetalLiverHaematopoiesis,HCA-e8fbe9c1-ab25-4300-a40d-65d0e8f627e0-1,6890
HCA-FetalLiverHaematopoiesis,HCA-dd19fdc7-35a9-432f-9a97-670637433eda-2,3770
HCA-FetalLiverHaematopoiesis,HCA-793d9bf6-00cb-49e6-acc2-2cc724036645-1,3428
HCA-FetalLiverHaematopoiesis,HCA-eed4d335-880b-4735-9d04-cdbf706e3d44-1,4827
HCA-FetalLiverHaematopoiesis,HCA-85dc3748-6751-482b-b7cd-c1e08f7df5c0-1,1357
HCA-FetalLiverHaematopoiesis,HCA-ae71343b-df16-49a3-829d-a6e61afdc079-2,5818
HCA-FetalLiverHaematopoiesis,HCA-793d9bf6-00cb-49e6-acc2-2cc724036645-2,4010
HCA-FetalLiverHaematopoiesis,HCA-ae71343b-df16-49a3-829d-a6e61afdc079-3,6340
HCA-FetalLiverHaematopoiesis,HCA-9417041b-2952-41d5-b0d8-b42694f4fd4a-0,4448
HCA-FetalLiverHaematopoiesis,HCA-8f63d864-87e5-40f3-8f68-936640010c7d-1,5165
HCA-FetalLiverHaematopoiesis,HCA-1b5a4bc7-5a90-4782-a657-536a8b533156-1,7909
HCA-FetalLiverHaematopoiesis,HCA-39046bdd-483c-44ad-9b50-dea608d34255-1,7636
HCA-FetalLiverHaematopoiesis,HCA-ae71343b-df16-49a3-829d-a6e61afdc079-4,6200
HCA-FetalLiverHaematopoiesis,HCA-793d9bf6-00cb-49e6-acc2-2cc724036645-3,2907
HCA-FetalLiverHaematopoiesis,HCA-ba005942-3abb-4988-90a4-57747fb05b8b-0,3733
HCA-FetalLiverHaematopoiesis,HCA-9417041b-2952-41d5-b0d8-b42694f4fd4a-1,4256
HCA-FetalLiverHaematopoiesis,HCA-5baa7164-60f5-4b28-8bad-e9a0563cac70-1,735
HCA-FetalLiverHaematopoiesis,HCA-9417041b-2952-41d5-b0d8-b42694f4fd4a-2,3486
HCA-FetalLiverHaematopoiesis,HCA-e8fbe9c1-ab25-4300-a40d-65d0e8f627e0-2,7289
HCA-FetalLiverHaematopoiesis,HCA-e8fbe9c1-ab25-4300-a40d-65d0e8f627e0-3,5693
HCA-FetalLiverHaematopoiesis,HCA-9417041b-2952-41d5-b0d8-b42694f4fd4a-3,6616
HCA-FetalLiverHaematopoiesis,HCA-ba005942-3abb-4988-90a4-57747fb05b8b-1,5319
HCA-FetalLiverHaematopoiesis,HCA-d0baedfe-0556-4c2b-a1a0-d1e28ef07bb5-1,5063
HCA-FetalLiverHaematopoiesis,HCA-85dc3748-6751-482b-b7cd-c1e08f7df5c0-2,796
HCA-FetalLiverHaematopoiesis,HCA-8f63d864-87e5-40f3-8f68-936640010c7d-2,4349
HCA-HealthyAndCirrhoticLiver,HCA-5475fe6f-64ca-4482-94f7-a9a63f570626-0,5215
HCA-HealthyAndCirrhoticLiver,HCA-f9cbcbf0-7f3a-4a63-9c43-9276ccc22183-0,5968
HCA-HealthyAndCirrhoticLiver,HCA-fc38d242-b896-40fd-b904-7629e19c0b9a-0,5217
HCA-HealthyAndCirrhoticLiver,HCA-93c50698-555f-4b14-a1ab-d50c2249067a-0,2232
HCA-HealthyAndCirrhoticLiver,HCA-93c50698-555f-4b14-a1ab-d50c2249067a-1,536
HCA-HealthyAndCirrhoticLiver,HCA-aa21a06f-f64b-48ed-9709-fabd89b76d1d,6577
HCA-HealthyAndCirrhoticLiver,HCA-93c50698-555f-4b14-a1ab-d50c2249067a-2,1294
HCA-HealthyAndCirrhoticLiver,HCA-5475fe6f-64ca-4482-94f7-a9a63f570626-1,4066
HCA-HealthyAndCirrhoticLiver,HCA-f9b63dd8-12d4-41e2-851a-b4323c727505-0,7036
HCA-HealthyAndCirrhoticLiver,HCA-f9b63dd8-12d4-41e2-851a-b4323c727505-1,5069
HCA-HealthyAndCirrhoticLiver,HCA-f9cbcbf0-7f3a-4a63-9c43-9276ccc22183-1,3547
HCA-HealthyAndCirrhoticLiver,HCA-cda1c6f1-940f-4618-86f6-53cfcd8a998a-0,2632
HCA-HealthyAndCirrhoticLiver,HCA-fc38d242-b896-40fd-b904-7629e19c0b9a-1,2072
HCA-HealthyAndCirrhoticLiver,HCA-cda1c6f1-940f-4618-86f6-53cfcd8a998a-1,3015
HCA-HealthyAndCirrhoticLiver,HCA-16c2d741-f244-46a1-9826-f80f0437768f-0,4462
HCA-HealthyAndCirrhoticLiver,HCA-16c2d741-f244-46a1-9826-f80f0437768f-1,5571
HCA-HealthyAndCirrhoticLiver,HCA-cda1c6f1-940f-4618-86f6-53cfcd8a998a-2,2829
HCA-HealthyAndCirrhoticLiver,HCA-34aae983-967c-498a-a82b-c685823bc1cd,7904
HCA-HealthyAndCirrhoticLiver,HCA-fc38d242-b896-40fd-b904-7629e19c0b9a-2,3718
HCA-HealthyAndCirrhoticLiver,HCA-43dab3b9-12a9-444c-8b02-31163c67c288,11027
HCA-HepatoblastomaModeling,HCA-GSM5467406,19506
HCA-HepatoblastomaModeling,HCA-GSM5467407,72415
HCA-HepatoblastomaModeling,HCA-GSM5467409,75198
HCA-HepatoblastomaModeling,HCA-GSM5467411,78199
HCA-HepatoblastomaModeling,HCA-GSM5467412,79847
HCA-HumanLiverImmuneCells_GSE125188,HCA-f6649c14-bcfd-40a0-b21b-2b4d684c0c08,7431
HCA-HumanLiverImmuneCells_GSE125188,HCA-bb8c39e1-cb35-4b49-b017-622542b75e10,13223
HCA-HumanLiverImmuneCells_GSE125188,HCA-b56f22b0-9a81-45eb-9c47-0874c8881192,12415
HCA-SingleCellLiverLandscape,HCA-1505e6b0-e7a1-4436-ba79-5454f78198c8,3036
HCA-SingleCellLiverLandscape,HCA-85dafcd5-795a-46d0-a17e-0f982e9108ce,5438
HCA-SingleCellLiverLandscape,HCA-893bb9d2-9d13-42ff-88ed-2fe40f499090,1630
HCA-SingleCellLiverLandscape,HCA-f69bb28a-df96-4725-9933-e86e63c4450c,1676
HCA-SingleCellLiverLandscape,HCA-1a9760c6-30ca-4d20-81af-72cc4ab7d07b,4756
HCA-SingleCellLiverLandscape,HCA-260c8645-631d-458d-9f8d-40bf35289d51 || 41186049-f196-4777-b1ee-4559b405bcd8 || 601cdeba-a2c2-4be8-a51d-b011c2f9c54e || 7209d214-5e4c-4641-b2b5-2cbb4ee19412 || 93ba759f-d51d-4ccf-9035-f8a7e4152fb5 || 9e0b9bbf-f371-4bac-b71e-1d08b3a3a809 || 9fd4ef64-857e-480f-a78f-0bcc609756fe || a4f296cf-82e7-4c58-abb7-10ff4b6f1ba5 || bbfe3c47-2f0c-43bf-8c7f-cd3b81e5f729 || be911ce0-e639-4226-864f-8834b8b92384 || c0d7f77a-5038-47fd-8819-01caabaa1f26,8438
GEO-GSE103866,GEO-GSM2784988 || GSM2784989 || GSM2784990 || GSM2784991 || GSM2784992 || GSM2784993 || GSM2784994 || GSM2784995 || GSM2784996 || GSM2784997 || GSM2784998 || GSM2784999 || GSM2785000 || GSM2785001 || GSM2785002 || GSM2785003 || GSM2785004 || GSM2785005 || GSM2785006 || GSM2785007 || GSM2785008 || GSM2785009 || GSM2785010 || GSM2785011 || GSM2785012 || GSM2785013 || GSM2785014 || GSM2785015 || GSM2785016 || GSM2785017 || GSM2785018 || GSM2785019 || GSM2785020 || GSM2785021 || GSM2785022 || GSM2785023 || GSM2785024 || GSM2785025 || GSM2785026 || GSM2785027 || GSM2785028 || GSM2785029 || GSM2785030 || GSM2785031 || GSM2785032 || GSM2785033 || GSM2785034 || GSM2785035 || GSM2785036 || GSM2785037 || GSM2785038 || GSM2785039 || GSM2785040 || GSM2785041 || GSM2785042,55
GEO-GSE103866,GEO-GSM2785043 || GSM2785044 || GSM2785045 || GSM2785046 || GSM2785047 || GSM2785048 || GSM2785049 || GSM2785050 || GSM2785051 || GSM2785052 || GSM2785053 || GSM2785054 || GSM2785055 || GSM2785056 || GSM2785057 || GSM2785058 || GSM2785059 || GSM2785060 || GSM2785061 || GSM2785062 || GSM2785063 || GSM2785064 || GSM2785065 || GSM2785066 || GSM2785067 || GSM2785068 || GSM2785069 || GSM2785070 || GSM2785071 || GSM2785072 || GSM2785073 || GSM2785074 || GSM2785075 || GSM2785076 || GSM2785077 || GSM2785078 || GSM2785079 || GSM2785080 || GSM2785081 || GSM2785082 || GSM2785083 || GSM2785084 || GSM2785085 || GSM2785086 || GSM2785087 || GSM2785088 || GSM2785089 || GSM2785090 || GSM2785091 || GSM2785092 || GSM2785093 || GSM2785094 || GSM2785095 || GSM2785096 || GSM2785097 || GSM2785098 || GSM2785099 || GSM2785100 || GSM2785101 || GSM2785102 || GSM2785103 || GSM2785104 || GSM2785105,63
GEO-GSE103866,GEO-GSM2785106 || GSM2785107 || GSM2785108 || GSM2785109 || GSM2785110 || GSM2785111 || GSM2785112 || GSM2785113 || GSM2785114 || GSM2785115 || GSM2785116 || GSM2785117 || GSM2785118 || GSM2785119 || GSM2785120 || GSM2785121 || GSM2785122 || GSM2785123 || GSM2785124 || GSM2785125,15
GEO-GSE103867,GEO-GSM2785126,894
GEO-GSE103867,GEO-GSM2785127,2082
GEO-GSE103867,GEO-GSM2785128,474
GEO-GSE107747,GEO-GSM2877959,7097
GEO-GSE107747,GEO-GSM2877960,3113
GEO-GSE120732,GEO-GSM3409470,1
GEO-GSE120732,GEO-GSM3409471 || GSM3409472,2
GEO-GSE128060,GEO-GSM3661506 || GSM3661507 || GSM3661508 || GSM3661509 || GSM3661510 || GSM3661511 || GSM3661512 || GSM3661513 || GSM3661514 || GSM3661515 || GSM3661516 || GSM3661517 || GSM3661518 || GSM3661519 || GSM3661520 || GSM3661521 || GSM3661522 || GSM3661523 || GSM3661524 || GSM3661525 || GSM3661526 || GSM3661527 || GSM3661528 || GSM3661529,24
GEO-GSE128060,GEO-GSM3661530 || GSM3661531 || GSM3661532 || GSM3661533 || GSM3661534 || GSM3661535 || GSM3661536 || GSM3661537 || GSM3661538 || GSM3661539 || GSM3661540 || GSM3661541 || GSM3661542 || GSM3661543 || GSM3661544 || GSM3661545 || GSM3661546 || GSM3661547 || GSM3661548 || GSM3661549 || GSM3661550 || GSM3661551 || GSM3661552 || GSM3661553 || GSM3661554 || GSM3661555 || GSM3661556 || GSM3661557 || GSM3661558 || GSM3661559 || GSM3661560 || GSM3661561 || GSM3661562 || GSM3661563 || GSM3661564 || GSM3661565 || GSM3661566 || GSM3661567 || GSM3661568 || GSM3661569 || GSM3661570 || GSM3661571 || GSM3661572 || GSM3661573 || GSM3661574 || GSM3661575 || GSM3661576 || GSM3661577 || GSM3661578 || GSM3661579 || GSM3661580 || GSM3661581 || GSM3661582 || GSM3661583 || GSM3661584 || GSM3661585 || GSM3661586 || GSM3661587 || GSM3661588,59
GEO-GSE128060,GEO-GSM3661589 || GSM3661590 || GSM3661591 || GSM3661592 || GSM3661593 || GSM3661594 || GSM3661595 || GSM3661596 || GSM3661597 || GSM3661598 || GSM3661599 || GSM3661600 || GSM3661601 || GSM3661602 || GSM3661603 || GSM3661604 || GSM3661605 || GSM3661606 || GSM3661607 || GSM3661608 || GSM3661609 || GSM3661610 || GSM3661611 || GSM3661612 || GSM3661613 || GSM3661614 || GSM3661615 || GSM3661616 || GSM3661617 || GSM3661618 || GSM3661619 || GSM3661620 || GSM3661621 || GSM3661622 || GSM3661623 || GSM3661624 || GSM3661625 || GSM3661626 || GSM3661627 || GSM3661628 || GSM3661629 || GSM3661630 || GSM3661631 || GSM3661632 || GSM3661633 || GSM3661634 || GSM3661635 || GSM3661636 || GSM3661637 || GSM3661638 || GSM3661639 || GSM3661640 || GSM3661641 || GSM3661642 || GSM3661643 || GSM3661644 || GSM3661645 || GSM3661646 || GSM3661647 || GSM3661648 || GSM3661649 || GSM3661650 || GSM3661651 || GSM3661652 || GSM3661653 || GSM3661654 || GSM3661655 || GSM3661656 || GSM3661657 || GSM3661658 || GSM3661659 || GSM3661660 || GSM3661661 || GSM3661662 || GSM3661663 || GSM3661664 || GSM3661665 || GSM3661666 || GSM3661667 || GSM3661668 || GSM3661669 || GSM3661670 || GSM3661671 || GSM3661672,77
GEO-GSE128060,GEO-GSM4131595 || GSM4131596 || GSM4131597 || GSM4131598 || GSM4131599 || GSM4131600 || GSM4131601 || GSM4131602 || GSM4131603 || GSM4131604 || GSM4131605 || GSM4131606 || GSM4131607 || GSM4131608 || GSM4131609 || GSM4131610 || GSM4131611 || GSM4131612 || GSM4131613 || GSM4131614 || GSM4131615 || GSM4131616 || GSM4131617 || GSM4131618 || GSM4131619 || GSM4131620 || GSM4131621 || GSM4131622 || GSM4131623 || GSM4131624 || GSM4131625,30
GEO-GSE128060,GEO-GSM3661201 || GSM3661202 || GSM3661203 || GSM3661204 || GSM3661205 || GSM3661206 || GSM3661207 || GSM3661208 || GSM3661209 || GSM3661210 || GSM3661211 || GSM3661212 || GSM3661213 || GSM3661214 || GSM3661215 || GSM3661216 || GSM3661217 || GSM3661218 || GSM3661219 || GSM3661220 || GSM3661221 || GSM3661222 || GSM3661223 || GSM3661224 || GSM3661225 || GSM3661226 || GSM3661227 || GSM3661228 || GSM3661229 || GSM3661230 || GSM3661231 || GSM3661232 || GSM3661233 || GSM3661234 || GSM3661235 || GSM3661236 || GSM3661237 || GSM3661238 || GSM3661239 || GSM3661240 || GSM3661241 || GSM3661242 || GSM3661243 || GSM3661244 || GSM3661245 || GSM3661246 || GSM3661247 || GSM3661248 || GSM3661249 || GSM3661250 || GSM3661251 || GSM3661252 || GSM3661253 || GSM3661254 || GSM3661255 || GSM3661256 || GSM3661257 || GSM3661258 || GSM3661259 || GSM3661260 || GSM3661261 || GSM3661262 || GSM3661263 || GSM3661264 || GSM3661265 || GSM3661266 || GSM3661267 || GSM3661268 || GSM3661269 || GSM3661270 || GSM3661271 || GSM3661272 || GSM3661273 || GSM3661274 || GSM3661275 || GSM3661276 || GSM3661277 || GSM3661278 || GSM3661279 || GSM3661280 || GSM3661281 || GSM3661282 || GSM3661283 || GSM3661284 || GSM3661285 || GSM3661286 || GSM3661287 || GSM3661288 || GSM3661289 || GSM3661290 || GSM3661291 || GSM3661292 || GSM3661293 || GSM3661294 || GSM3661295 || GSM3661296 || GSM3661297 || GSM3661298 || GSM3661299 || GSM3661300 || GSM3661301 || GSM3661302 || GSM3661303 || GSM3661304 || GSM3661305 || GSM3661306 || GSM3661307 || GSM3661308 || GSM3661309 || GSM3661310 || GSM3661311 || GSM3661312 || GSM3661313 || GSM3661314 || GSM3661315 || GSM3661316 || GSM3661317 || GSM3661318 || GSM3661319 || GSM3661320 || GSM3661321 || GSM3661322 || GSM3661323 || GSM3661324 || GSM3661325 || GSM3661326 || GSM3661327 || GSM3661328 || GSM3661329 || GSM3661330 || GSM3661331 || GSM3661332 || GSM3661333 || GSM3661334 || GSM3661335 || GSM3661336 || GSM3661337 || GSM3661338 || GSM3661339 || GSM3661340 || GSM3661341 || GSM3661342 || GSM3661343 || GSM3661344 || GSM3661345 || GSM3661346 || GSM3661347 || GSM3661348 || GSM3661349 || GSM3661350 || GSM3661351 || GSM3661352 || GSM3661353 || GSM3661354 || GSM3661355 || GSM3661356 || GSM3661357 || GSM3661358 || GSM3661359 || GSM3661360 || GSM3661361 || GSM3661362 || GSM3661363 || GSM3661364 || GSM3661365 || GSM3661366 || GSM3661367 || GSM3661368 || GSM3661369 || GSM3661370 || GSM3661371 || GSM3661372 || GSM3661373 || GSM3661374 || GSM3661375 || GSM3661376 || GSM3661377,148
GEO-GSE128060,GEO-GSM3661738 || GSM3661739 || GSM3661740 || GSM3661741 || GSM3661742 || GSM3661743 || GSM3661744 || GSM3661745 || GSM3661746 || GSM3661747 || GSM3661748 || GSM3661749 || GSM3661750 || GSM3661751 || GSM3661752 || GSM3661753 || GSM3661754 || GSM3661755 || GSM3661756 || GSM3661757 || GSM3661758 || GSM3661759 || GSM3661760 || GSM3661761 || GSM3661762 || GSM3661763 || GSM3661764 || GSM3661765 || GSM3661766 || GSM3661767 || GSM3661768 || GSM3661769 || GSM3661770 || GSM3661771 || GSM3661772 || GSM3661773 || GSM3661774 || GSM3661775 || GSM3661776 || GSM3661777 || GSM3661778 || GSM3661779 || GSM3661780 || GSM3661781 || GSM3661782 || GSM3661783 || GSM3661784 || GSM3661785 || GSM3661786 || GSM3661787 || GSM3661788 || GSM3661789 || GSM3661790 || GSM3661791 || GSM3661792 || GSM3661793 || GSM3661794 || GSM3661795 || GSM3661796 || GSM3661797 || GSM3661798 || GSM3661799 || GSM3661800 || GSM3661801 || GSM3661802 || GSM3661803 || GSM3661804 || GSM3661805,68
GEO-GSE128060,GEO-GSM3661122 || GSM3661123 || GSM3661124 || GSM3661125 || GSM3661126 || GSM3661127 || GSM3661128 || GSM3661129 || GSM3661130 || GSM3661131 || GSM3661132 || GSM3661133 || GSM3661134 || GSM3661135 || GSM3661136 || GSM3661137 || GSM3661138 || GSM3661139 || GSM3661140 || GSM3661141 || GSM3661142 || GSM3661143 || GSM3661144 || GSM3661145 || GSM3661146 || GSM3661147 || GSM3661148 || GSM3661149 || GSM3661150 || GSM3661151 || GSM3661152 || GSM3661153 || GSM3661154 || GSM3661155 || GSM3661156 || GSM3661157 || GSM3661158 || GSM3661159 || GSM3661160 || GSM3661161 || GSM3661162 || GSM3661163 || GSM3661164 || GSM3661165 || GSM3661166 || GSM3661167 || GSM3661168 || GSM3661169 || GSM3661170 || GSM3661171 || GSM3661172 || GSM3661173 || GSM3661174 || GSM3661175 || GSM3661176 || GSM3661177 || GSM3661178 || GSM3661179 || GSM3661180 || GSM3661181 || GSM3661182 || GSM3661183 || GSM3661184 || GSM3661185 || GSM3661186 || GSM3661187 || GSM3661188,63
GEO-GSE128060,GEO-GSM4131455 || GSM4131456 || GSM4131457 || GSM4131458 || GSM4131459 || GSM4131460 || GSM4131461 || GSM4131462 || GSM4131463 || GSM4131464 || GSM4131465 || GSM4131466 || GSM4131467 || GSM4131468 || GSM4131469 || GSM4131470 || GSM4131471 || GSM4131472 || GSM4131473 || GSM4131474 || GSM4131475 || GSM4131476 || GSM4131477 || GSM4131478 || GSM4131479 || GSM4131480 || GSM4131481 || GSM4131482 || GSM4131483 || GSM4131484 || GSM4131485 || GSM4131486 || GSM4131487 || GSM4131488 || GSM4131489 || GSM4131490 || GSM4131491 || GSM4131492 || GSM4131493 || GSM4131494 || GSM4131495 || GSM4131496 || GSM4131497 || GSM4131498 || GSM4131499 || GSM4131500 || GSM4131501 || GSM4131502 || GSM4131503 || GSM4131504 || GSM4131505 || GSM4131506 || GSM4131507 || GSM4131508 || GSM4131509 || GSM4131510 || GSM4131511 || GSM4131512 || GSM4131513 || GSM4131514 || GSM4131515 || GSM4131516 || GSM4131517 || GSM4131518 || GSM4131519 || GSM4131520 || GSM4131521 || GSM4131522 || GSM4131523 || GSM4131524 || GSM4131525 || GSM4131526 || GSM4131527 || GSM4131528 || GSM4131529 || GSM4131530 || GSM4131531 || GSM4131532 || GSM4131533 || GSM4131534 || GSM4131535 || GSM4131536 || GSM4131537 || GSM4131538 || GSM4131539 || GSM4131540 || GSM4131541 || GSM4131542 || GSM4131543 || GSM4131544 || GSM4131545 || GSM4131546 || GSM4131547 || GSM4131548 || GSM4131549 || GSM4131550 || GSM4131551 || GSM4131552 || GSM4131553 || GSM4131554 || GSM4131555 || GSM4131556 || GSM4131557 || GSM4131558 || GSM4131559 || GSM4131560 || GSM4131561 || GSM4131562 || GSM4131563 || GSM4131564 || GSM4131565 || GSM4131566 || GSM4131567 || GSM4131568 || GSM4131569 || GSM4131570 || GSM4131571 || GSM4131572 || GSM4131573 || GSM4131574 || GSM4131575 || GSM4131576 || GSM4131577 || GSM4131578 || GSM4131579 || GSM4131580 || GSM4131581 || GSM4131582 || GSM4131583 || GSM4131584 || GSM4131585 || GSM4131586 || GSM4131587 || GSM4131588 || GSM4131589 || GSM4131590 || GSM4131591 || GSM4131592 || GSM4131593 || GSM4131594,113
GEO-GSE128060,GEO-GSM4131440 || GSM4131441 || GSM4131442 || GSM4131443 || GSM4131444 || GSM4131445 || GSM4131446 || GSM4131447 || GSM4131448 || GSM4131449 || GSM4131450 || GSM4131451 || GSM4131452 || GSM4131453 || GSM4131454,15
GEO-GSE128060,GEO-GSM4131722 || GSM4131723 || GSM4131724 || GSM4131725 || GSM4131726 || GSM4131727 || GSM4131728 || GSM4131729 || GSM4131730 || GSM4131731 || GSM4131732 || GSM4131733 || GSM4131734 || GSM4131735 || GSM4131736 || GSM4131737 || GSM4131738 || GSM4131739 || GSM4131740 || GSM4131741 || GSM4131742 || GSM4131743,22
GEO-GSE128060,GEO-GSM4131626 || GSM4131627 || GSM4131628 || GSM4131629 || GSM4131630 || GSM4131631 || GSM4131632 || GSM4131633 || GSM4131634 || GSM4131635 || GSM4131636 || GSM4131637 || GSM4131638 || GSM4131639 || GSM4131640 || GSM4131641 || GSM4131642 || GSM4131643 || GSM4131644 || GSM4131645 || GSM4131646 || GSM4131647 || GSM4131648 || GSM4131649 || GSM4131650 || GSM4131651 || GSM4131652 || GSM4131653 || GSM4131654 || GSM4131655 || GSM4131656 || GSM4131657 || GSM4131658 || GSM4131659 || GSM4131660 || GSM4131661 || GSM4131662 || GSM4131663 || GSM4131664 || GSM4131665 || GSM4131666 || GSM4131667 || GSM4131668 || GSM4131669 || GSM4131670 || GSM4131671 || GSM4131672 || GSM4131673 || GSM4131674 || GSM4131675 || GSM4131676 || GSM4131677 || GSM4131678 || GSM4131679 || GSM4131680 || GSM4131681 || GSM4131682 || GSM4131683 || GSM4131684 || GSM4131685 || GSM4131686 || GSM4131687 || GSM4131688 || GSM4131689 || GSM4131690 || GSM4131691 || GSM4131692 || GSM4131693 || GSM4131694 || GSM4131695 || GSM4131696 || GSM4131697 || GSM4131698 || GSM4131699 || GSM4131700 || GSM4131701 || GSM4131702 || GSM4131703 || GSM4131704 || GSM4131705 || GSM4131706 || GSM4131707 || GSM4131708 || GSM4131709 || GSM4131710 || GSM4131711 || GSM4131712 || GSM4131713 || GSM4131714 || GSM4131715 || GSM4131716 || GSM4131717 || GSM4131718 || GSM4131719 || GSM4131720 || GSM4131721,96
GEO-GSE128060,GEO-GSM4131744 || GSM4131745 || GSM4131746 || GSM4131747 || GSM4131748 || GSM4131749 || GSM4131750 || GSM4131751 || GSM4131752 || GSM4131753 || GSM4131754 || GSM4131755 || GSM4131756 || GSM4131757 || GSM4131758 || GSM4131759 || GSM4131760 || GSM4131761 || GSM4131762 || GSM4131763 || GSM4131764 || GSM4131765 || GSM4131766 || GSM4131767 || GSM4131768 || GSM4131769 || GSM4131770 || GSM4131771 || GSM4131772 || GSM4131773 || GSM4131774 || GSM4131775,32
GEO-GSE128060,GEO-GSM3661027 || GSM3661028 || GSM3661029 || GSM3661030 || GSM3661031 || GSM3661032 || GSM3661033 || GSM3661034 || GSM3661035 || GSM3661036 || GSM3661037 || GSM3661038 || GSM3661039 || GSM3661040 || GSM3661041 || GSM3661042 || GSM3661043 || GSM3661044 || GSM3661045 || GSM3661046 || GSM3661047 || GSM3661048 || GSM3661049 || GSM3661050 || GSM3661051 || GSM3661052 || GSM3661053 || GSM3661054 || GSM3661055 || GSM3661056 || GSM3661057 || GSM3661058 || GSM3661059 || GSM3661060 || GSM3661061 || GSM3661062 || GSM3661063 || GSM3661064 || GSM3661065 || GSM3661066 || GSM3661067 || GSM3661068 || GSM3661069 || GSM3661070 || GSM3661071 || GSM3661072 || GSM3661073 || GSM3661074 || GSM3661075 || GSM3661076 || GSM3661077 || GSM3661078 || GSM3661079 || GSM3661080 || GSM3661081 || GSM3661082 || GSM3661083 || GSM3661084 || GSM3661085 || GSM3661086 || GSM3661087 || GSM3661088 || GSM3661089 || GSM3661090 || GSM3661091 || GSM3661092 || GSM3661093 || GSM3661094 || GSM3661095 || GSM3661096 || GSM3661097 || GSM3661098 || GSM3661099 || GSM3661100 || GSM3661101 || GSM3661102 || GSM3661103 || GSM3661104 || GSM3661105 || GSM3661106 || GSM3661107 || GSM3661108 || GSM3661109 || GSM3661110 || GSM3661111 || GSM3661112 || GSM3661113 || GSM3661114 || GSM3661115 || GSM3661116 || GSM3661117 || GSM3661118 || GSM3661119 || GSM3661120 || GSM3661121,88
GEO-GSE128060,GEO-GSM3661674 || GSM3661676 || GSM3661677 || GSM3661678 || GSM3661679 || GSM3661680 || GSM3661681 || GSM3661682 || GSM3661683 || GSM3661684 || GSM3661688 || GSM3661690 || GSM3661694 || GSM3661696 || GSM3661697 || GSM3661699 || GSM3661701 || GSM3661703 || GSM3661704 || GSM3661706 || GSM3661709 || GSM3661712 || GSM3661713 || GSM3661714 || GSM3661718 || GSM3661722 || GSM3661723 || GSM3661726 || GSM3661729 || GSM3661730 || GSM3661732 || GSM3661733 || GSM3661735 || GSM3661736,30
GEO-GSE128060,GEO-GSM4744160 || GSM4744161 || GSM4744162 || GSM4744163 || GSM4744164 || GSM4744165 || GSM4744166 || GSM4744167 || GSM4744168 || GSM4744169 || GSM4744170 || GSM4744171 || GSM4744172 || GSM4744173 || GSM4744174 || GSM4744175 || GSM4744176 || GSM4744177 || GSM4744178 || GSM4744179 || GSM4744180 || GSM4744181 || GSM4744182 || GSM4744183 || GSM4744184 || GSM4744185 || GSM4744186 || GSM4744187 || GSM4744188 || GSM4744189 || GSM4744190 || GSM4744191 || GSM4744192 || GSM4744193 || GSM4744194 || GSM4744195 || GSM4744196 || GSM4744197 || GSM4744198 || GSM4744199 || GSM4744200 || GSM4744201 || GSM4744202 || GSM4744203 || GSM4744204 || GSM4744205 || GSM4744206 || GSM4744207 || GSM4744208 || GSM4744209 || GSM4744210 || GSM4744211 || GSM4744212 || GSM4744213 || GSM4744214 || GSM4744215 || GSM4744216 || GSM4744217 || GSM4744218 || GSM4744219 || GSM4744220 || GSM4744221 || GSM4744222 || GSM4744223 || GSM4744224 || GSM4744225 || GSM4744228 || GSM4744230 || GSM4744233 || GSM4744236 || GSM4744238 || GSM4744239 || GSM4744240 || GSM4744241 || GSM4744242 || GSM4744243 || GSM4744244 || GSM4744245 || GSM4744246 || GSM4744247 || GSM4744248 || GSM4744249 || GSM4744250 || GSM4744251 || GSM4744252 || GSM4744253 || GSM4744254 || GSM4744255 || GSM4744256 || GSM4744257 || GSM4744258 || GSM4744259 || GSM4744260 || GSM4744261 || GSM4744262 || GSM4744263 || GSM4744264 || GSM4744265 || GSM4744266 || GSM4744267 || GSM4744268 || GSM4744269 || GSM4744270 || GSM4744271 || GSM4744272 || GSM4744273 || GSM4744274 || GSM4744275 || GSM4744276 || GSM4744277 || GSM4744278 || GSM4744279 || GSM4744280 || GSM4744281 || GSM4744282 || GSM4744283 || GSM4744284 || GSM4744285 || GSM4744286 || GSM4744287 || GSM4744288 || GSM4744289 || GSM4744290 || GSM4744291 || GSM4744292 || GSM4744293 || GSM4744294 || GSM4744295,113
GEO-GSE128060,GEO-GSM4744296 || GSM4744297 || GSM4744298 || GSM4744299 || GSM4744300 || GSM4744301 || GSM4744302 || GSM4744303 || GSM4744304 || GSM4744305 || GSM4744306 || GSM4744307 || GSM4744308 || GSM4744309 || GSM4744310 || GSM4744311 || GSM4744312 || GSM4744313 || GSM4744314 || GSM4744315 || GSM4744316 || GSM4744317 || GSM4744318 || GSM4744319 || GSM4744320 || GSM4744321 || GSM4744322 || GSM4744323 || GSM4744324 || GSM4744325 || GSM4744326 || GSM4744327 || GSM4744328 || GSM4744329 || GSM4744330 || GSM4744331 || GSM4744332 || GSM4744333 || GSM4744334 || GSM4744335 || GSM4744336 || GSM4744337 || GSM4744338 || GSM4744339 || GSM4744340 || GSM4744341 || GSM4744342 || GSM4744343 || GSM4744344 || GSM4744345 || GSM4744346 || GSM4744347 || GSM4744348 || GSM4744349 || GSM4744350 || GSM4744351 || GSM4744352 || GSM4744353 || GSM4744354 || GSM4744355 || GSM4744356 || GSM4744357 || GSM4744358 || GSM4744359 || GSM4744360 || GSM4744361 || GSM4744362 || GSM4744363 || GSM4744364 || GSM4744365 || GSM4744366 || GSM4744367 || GSM4744368 || GSM4744369 || GSM4744370,73
GEO-GSE129933,GEO-GSM3728307,175
GEO-GSE129933,GEO-GSM3728306,71
GEO-GSE129933,GEO-GSM3728304,90
GEO-GSE129933,GEO-GSM3728305,123
GEO-GSE130073,GEO-GSM3731527,4059
GEO-GSE133948,GEO-GSM3930530,789
GEO-GSE133948,GEO-GSM3930531,1808
GEO-GSE138709,GEO-GSM4116579,10317
GEO-GSE138709,GEO-GSM4116580,4963
GEO-GSE138709,GEO-GSM4116581,2714
GEO-GSE138709,GEO-GSM4116582,4387
GEO-GSE138709,GEO-GSM4116583,3495
GEO-GSE138709,GEO-GSM4116584,3467
GEO-GSE138709,GEO-GSM4116585,2408
GEO-GSE138709,GEO-GSM4116586,2159
GEO-GSE141183,GEO-GSM4196642,5181
GEO-GSE144024,GEO-GSM4278191,10100
GEO-GSE144024,GEO-GSM4278192,7577
GEO-GSE149614,GEO-GSM4505944,3368
GEO-GSE149614,GEO-GSM4505959,4833
GEO-GSE149614,GEO-GSM4505958,4142
GEO-GSE149614,GEO-GSM4505957,4795
GEO-GSE149614,GEO-GSM4505951,3353
GEO-GSE149614,GEO-GSM4505950,4656
GEO-GSE149614,GEO-GSM4505945,4101
GEO-GSE149614,GEO-GSM4505949,3501
GEO-GSE149614,GEO-GSM4505948,3396
GEO-GSE149614,GEO-GSM4505947,4825
GEO-GSE149614,GEO-GSM4505946,2601
GEO-GSE149614,GEO-GSM4505961,2816
GEO-GSE149614,GEO-GSM4505960,1962
GEO-GSE149614,GEO-GSM4505964,2799
GEO-GSE149614,GEO-GSM4505962,2843
GEO-GSE149614,GEO-GSM4505963,3072
GEO-GSE149614,GEO-GSM4505956,510
GEO-GSE149614,GEO-GSM4505955,1829
GEO-GSE149614,GEO-GSM4505954,3740
GEO-GSE149614,GEO-GSM4505952,4465
GEO-GSE149614,GEO-GSM4505953,4308
GEO-GSE150766,GEO-GSM4558305,2076
GEO-GSE153643,GEO-GSM4648565,13077
GEO-GSE153643,GEO-GSM4648564,11167
GEO-GSE159491,GEO-GSM4830978,12397
GEO-GSE159491,GEO-GSM4830979,7206
GEO-GSE162708,GEO-GSM4957683,4539
GEO-GSE162708,GEO-GSM4957684,4990
GEO-GSE162708,GEO-GSM4957685,1425
GEO-GSE162708,GEO-GSM4957686,5917
GEO-GSE162708,GEO-GSM4957687,7582
GEO-GSE166635,GEO-GSM5076749,15146
GEO-GSE166635,GEO-GSM5076750,7826
GEO-GSE168933,GEO-GSM5172568,1208
GEO-GSE168933,GEO-GSM5172569,1505
GEO-GSE168933,GEO-GSM5172570,1445
GEO-GSE168933,GEO-GSM5172571,2067
GEO-GSE168933,GEO-GSM5172572,1507
GEO-GSE168933,GEO-GSM5172573,1009
GEO-GSE168933,GEO-GSM5172574,1652
GEO-GSE168933,GEO-GSM5172575,1216
GEO-GSE168933,GEO-GSM5172576,1184
GEO-GSE168933,GEO-GSM5172577,2104
GEO-GSE168933,GEO-GSM5172578,1336
GEO-GSE168933,GEO-GSM5172579,570
GEO-GSE168933,GEO-GSM5172580,1743
GEO-GSE168933,GEO-GSM5172581,1079
GEO-GSE168933,GEO-GSM5172582,1853
GEO-GSE168933,GEO-GSM5172583,1993
GEO-GSE168933,GEO-GSM5172584,1976
GEO-GSE168933,GEO-GSM5172585,1531
GEO-GSE168933,GEO-GSM5172586,2101
GEO-GSE168933,GEO-GSM5172587,1684
GEO-GSE168933,GEO-GSM5172588,1160
GEO-GSE168933,GEO-GSM5172589,1811
GEO-GSE168933,GEO-GSM5172590,1834
GEO-GSE172400,GEO-GSM5254785,241
GEO-GSE172400,GEO-GSM5254792,195
GEO-GSE172400,GEO-GSM5254789,112
GEO-GSE172400,GEO-GSM5254794,144
GEO-GSE172400,GEO-GSM5254791,196
GEO-GSE172400,GEO-GSM5254795,499
GEO-GSE172400,GEO-GSM5254787,96
GEO-GSE172400,GEO-GSM5254788,99
GEO-GSE176029,GEO-GSM5353203,1833
GEO-GSE176029,GEO-GSM5353204,8108
GEO-GSE186343,GEO-GSM5645899,1543
GEO-GSE186343,GEO-GSM5645901,6077
GEO-GSE186343,GEO-GSM5645903,5329
GEO-GSE186343,GEO-GSM5645905,7648
GEO-GSE186343,GEO-GSM5645907,7848
GEO-GSE186343,GEO-GSM5645910,6981
GEO-GSE186975,GEO-GSM5664587,1146
GEO-GSE186975,GEO-GSM5664588,1000
GEO-GSE186975,GEO-GSM5664589,735
GEO-GSE186975,GEO-GSM5664590,711
GEO-GSE186975,GEO-GSM5664591,736
GEO-GSE186975,GEO-GSM5664592,866
GEO-GSE186975,GEO-GSM5664593,676
GEO-GSE186975,GEO-GSM5664594,809
GEO-GSE186975,GEO-GSM5664595,1169
GEO-GSE186975,GEO-GSM5664596,1088
GEO-GSE186975,GEO-GSM5664597,1294
GEO-GSE186975,GEO-GSM5664598,933
GEO-GSE186975,GEO-GSM5664599,695
GEO-GSE186975,GEO-GSM5664600,848
GEO-GSE186975,GEO-GSM5664601,1136
GEO-GSE186975,GEO-GSM5664602,1050
GEO-GSE186975,GEO-GSM5664603,790
GEO-GSE186975,GEO-GSM5664604,884
GEO-GSE186975,GEO-GSM5664605,972
GEO-GSE186975,GEO-GSM5664606,1242
GEO-GSE186975,GEO-GSM5664607,1401
GEO-GSE186975,GEO-GSM5664608,1182
GEO-GSE186975,GEO-GSM5664609,1303
GEO-GSE186975,GEO-GSM5664610,888
GEO-GSE186975,GEO-GSM5664611,698
GEO-GSE186975,GEO-GSM5664612,1020
GEO-GSE186975,GEO-GSM5664613,1067
GEO-GSE186975,GEO-GSM5664614,1108
GEO-GSE186975,GEO-GSM5664615,1153
GEO-GSE186975,GEO-GSM5664616,943
GEO-GSE186975,GEO-GSM5664617,975
GEO-GSE186975,GEO-GSM5664618,1283
GEO-GSE186975,GEO-GSM5664619,281
GEO-GSE186975,GEO-GSM5664620,540
GEO-GSE186975,GEO-GSM5664621,1707
GEO-GSE186975,GEO-GSM5664622,1488
GEO-GSE186975,GEO-GSM5664623,1657
GEO-GSE186975,GEO-GSM5664624,1634
GEO-GSE186975,GEO-GSM5664625,599
GEO-GSE186975,GEO-GSM5664626,390
GEO-GSE186975,GEO-GSM5664627,104
GEO-GSE186975,GEO-GSM5664628,123
GEO-GSE186975,GEO-GSM5664629,202
GEO-GSE186975,GEO-GSM5664630,1110
GEO-GSE186975,GEO-GSM5664631,650
GEO-GSE186975,GEO-GSM5664632,1093
GEO-GSE186975,GEO-GSM5664633,1029
GEO-GSE186975,GEO-GSM5664634,99
GEO-GSE186975,GEO-GSM5664635,1771
GEO-GSE186975,GEO-GSM5664636,1321
GEO-GSE186975,GEO-GSM5664637,806
GEO-GSE186975,GEO-GSM5664638,1607
GEO-GSE186975,GEO-GSM5664639,1504
GEO-GSE186975,GEO-GSM5664640,1108
GEO-GSE186975,GEO-GSM5664641,775
GEO-GSE186975,GEO-GSM5664642,1613
GEO-GSE186975,GEO-GSM5664643,1575
GEO-GSE188987,GEO-GSM5692825 || GSM5692827,3852
GEO-GSE188987,GEO-GSM5692826 || GSM5692828,3195
GEO-GSE76098,GEO-GSM1974233,1
GEO-GSE76098,GEO-GSM1974234,1
GEO-GSE76098,GEO-GSM1974235,1
GEO-GSE76098,GEO-GSM1974236,1
GEO-GSE76098,GEO-GSM1974237,1
GEO-GSE76098,GEO-GSM1974238,1
GEO-GSE76098,GEO-GSM1974239,1
GEO-GSE76098,GEO-GSM1974240,1
GEO-GSE76098,GEO-GSM1974241,1
GEO-GSE76098,GEO-GSM1974242,1
GEO-GSE76098,GEO-GSM1974243,1
GEO-GSE76098,GEO-GSM1974244,1
GEO-GSE76098,GEO-GSM1974245,1
GEO-GSE76098,GEO-GSM1974246,1
GEO-GSE76098,GEO-GSM1974247,1
GEO-GSE76098,GEO-GSM1974248,1
GEO-GSE134355,GEO-GSM4008651,2243
GEO-GSE134355,GEO-GSM4008652,8470
GEO-GSE134355,GEO-GSM4008653,3625
GEO-GSE134355,GEO-GSM4008654,3085
GEO-GSE134355,GEO-GSM4008655,2943
GEO-GSE134355,GEO-GSM4008712,2481
GEO-GSE134355,GEO-GSM4008713,9620
GEO-GSE142750,GEO-GSM4238679,1848
GEO-GSE142750,GEO-GSM4238680,1769
GEO-GSE142750,GEO-GSM4238681,3084
GEO-GSE142750,GEO-GSM4238682,2814
GEO-GSE142750,GEO-GSM4238683,3246
GEO-GSE142750,GEO-GSM4238684,3797
GEO-GSE142750,GEO-GSM4238685,1078
GEO-GSE142750,GEO-GSM4238686,1130
GEO-GSE142750,GEO-GSM4238687,5186
GEO-GSE142750,GEO-GSM4238688,976
GEO-GSE142750,GEO-GSM4238689,5319
GEO-GSE150290,GEO-GSM4546300,4259
GEO-GSE150290,GEO-GSM4546301,3827
GEO-GSE150290,GEO-GSM4546302,6085
GEO-GSE150290,GEO-GSM4546303,6289
GEO-GSE150290,GEO-GSM4546304,5648
GEO-GSE150290,GEO-GSM4546305,4853
GEO-GSE150290,GEO-GSM4546306,4951
GEO-GSE150290,GEO-GSM4546307,6758
GEO-GSE150290,GEO-GSM4546308,6442
GEO-GSE150290,GEO-GSM4546309,12865
GEO-GSE150290,GEO-GSM4546310,7619
GEO-GSE150290,GEO-GSM4546311,6937
GEO-GSE150290,GEO-GSM4546312,5226
GEO-GSE150290,GEO-GSM4546313,6178
GEO-GSE150290,GEO-GSM4546314,5114
GEO-GSE150290,GEO-GSM4546315,7522
GEO-GSE150290,GEO-GSM4546316,4475
GEO-GSE150290,GEO-GSM4546317,7514
GEO-GSE150290,GEO-GSM4546318,5263
GEO-GSE150290,GEO-GSM4546319,4681
GEO-GSE150290,GEO-GSM4546320,6203
GEO-GSE150290,GEO-GSM4546321,6498
GEO-GSE150290,GEO-GSM4546322,5090
GEO-GSE150290,GEO-GSM4546323,6123
GEO-GSE150290,GEO-GSM4546324,5999
GEO-GSE150290,GEO-GSM4546325,5697
GEO-GSE150290,GEO-GSM4546326,3453
GEO-GSE150290,GEO-GSM4546327,7088
GEO-GSE150290,GEO-GSM4546328,5897
GEO-GSE150290,GEO-GSM4546329,6787
GEO-GSE150290,GEO-GSM4546330,4579
GEO-GSE150290,GEO-GSM4546331,5570
GEO-GSE150290,GEO-GSM4546332,4505
GEO-GSE150290,GEO-GSM4546333,4819
GEO-GSE150290,GEO-GSM4546334,6621
GEO-GSE150290,GEO-GSM4546335,3264
GEO-GSE150290,GEO-GSM4546336,2787
GEO-GSE150290,GEO-GSM4546337,6386
GEO-GSE150290,GEO-GSM4546338,6161
GEO-GSE150290,GEO-GSM4546339,4067
GEO-GSE150290,GEO-GSM4546340,3415
GEO-GSE150290,GEO-GSM4546341,6969
GEO-GSE150290,GEO-GSM4546342,6761
GEO-GSE150290,GEO-GSM4546343,5898
GEO-GSE150290,GEO-GSM4546344,7119
GEO-GSE150290,GEO-GSM4546345,5665
GEO-GSE150290,GEO-GSM4546346,5731
GEO-GSE150290,GEO-GSM4546347,5996
GEO-GSE150290,GEO-GSM4546348,10605
GEO-GSE150290,GEO-GSM4546349,4309
GEO-GSE150290,GEO-GSM4546350,6938
GEO-GSE150290,GEO-GSM4546351,5372
GEO-GSE163558,GEO-GSM5004180,2836
GEO-GSE163558,GEO-GSM5004181,9170
GEO-GSE163558,GEO-GSM5004182,3712
GEO-GSE163558,GEO-GSM5004183,2623
GEO-GSE163558,GEO-GSM5004184,4185
GEO-GSE163558,GEO-GSM5004185,7889
GEO-GSE163558,GEO-GSM5004186,5913
GEO-GSE163558,GEO-GSM5004187,5109
GEO-GSE163558,GEO-GSM5004188,1341
GEO-GSE163558,GEO-GSM5004189,11095
GEO-GSE165404,GEO-GSM5032888,12969
GEO-GSE167297,GEO-GSM5101013,594
GEO-GSE167297,GEO-GSM5101014,2228
GEO-GSE167297,GEO-GSM5101015,2181
GEO-GSE167297,GEO-GSM5101016,2131
GEO-GSE167297,GEO-GSM5101017,2493
GEO-GSE167297,GEO-GSM5101018,1389
GEO-GSE167297,GEO-GSM5101019,4323
GEO-GSE167297,GEO-GSM5101020,3167
GEO-GSE167297,GEO-GSM5101021,541
GEO-GSE167297,GEO-GSM5101022,2725
GEO-GSE167297,GEO-GSM5101023,2147
GEO-GSE167297,GEO-GSM5101024,963
GEO-GSE167297,GEO-GSM5101025,744
GEO-GSE167297,GEO-GSM5101026,1223
GEO-GSE183904,GEO-GSM5573466,2685
GEO-GSE183904,GEO-GSM5573467,2769
GEO-GSE183904,GEO-GSM5573468,3525
GEO-GSE183904,GEO-GSM5573469,2066
GEO-GSE183904,GEO-GSM5573470,3693
GEO-GSE183904,GEO-GSM5573471,2065
GEO-GSE183904,GEO-GSM5573472,2097
GEO-GSE183904,GEO-GSM5573473,7177
GEO-GSE183904,GEO-GSM5573474,3319
GEO-GSE183904,GEO-GSM5573475,2668
GEO-GSE183904,GEO-GSM5573476,851
GEO-GSE183904,GEO-GSM5573477,592
GEO-GSE183904,GEO-GSM5573478,2339
GEO-GSE183904,GEO-GSM5573479,7276
GEO-GSE183904,GEO-GSM5573480,13626
GEO-GSE183904,GEO-GSM5573481,1689
GEO-GSE183904,GEO-GSM5573482,7380
GEO-GSE183904,GEO-GSM5573483,6859
GEO-GSE183904,GEO-GSM5573486,1879
GEO-GSE183904,GEO-GSM5573487,399
GEO-GSE183904,GEO-GSM5573488,3809
GEO-GSE183904,GEO-GSM5573489,2597
GEO-GSE183904,GEO-GSM5573490,4140
GEO-GSE183904,GEO-GSM5573491,2681
GEO-GSE183904,GEO-GSM5573492,4600
GEO-GSE183904,GEO-GSM5573493,6173
GEO-GSE183904,GEO-GSM5573494,3593
GEO-GSE183904,GEO-GSM5573495,3798
GEO-GSE183904,GEO-GSM5573496,1996
GEO-GSE183904,GEO-GSM5573497,2252
GEO-GSE183904,GEO-GSM5573498,5823
GEO-GSE183904,GEO-GSM5573499,12463
GEO-GSE183904,GEO-GSM5573500,8388
GEO-GSE183904,GEO-GSM5573501,3363
GEO-GSE183904,GEO-GSM5573502,186
GEO-GSE183904,GEO-GSM5573503,1677
GEO-GSE183904,GEO-GSM5573504,5369
GEO-GSE183904,GEO-GSM5573505,5077
GEO-GSE58557,GEO-GSM1707676,1
GEO-GSE58557,GEO-GSM1707677,1
GEO-GSE58557,GEO-GSM1707678,1
GEO-GSE58557,GEO-GSM1707679,1
GEO-GSE58557,GEO-GSM1707680,1
GEO-GSE58557,GEO-GSM1707681,1
GEO-GSE58557,GEO-GSM1707682,1
GEO-GSE95630,GEO-GSM2519486,88
GEO-GSE95630,GEO-GSM2519491,40
GEO-GSE95630,GEO-GSM2519492,48
GEO-GSE95630,GEO-GSM2519495,40
GEO-GSE95630,GEO-GSM2519496,48
GEO-GSE95630,GEO-GSM2519503,88
GEO-GSE95630,GEO-GSM2519504,88
GEO-GSE95630,GEO-GSM2519508,40
GEO-GSE95630,GEO-GSM2519513,40
GEO-GSE95630,GEO-GSM2519517,40
GEO-GSE95630,GEO-GSM2519518,48
GEO-GSE95630,GEO-GSM2519524,88
GEO-GSE95630,GEO-GSM2519529,48
GEO-GSE95630,GEO-GSM2519530,40
GEO-GSE95630,GEO-GSM2519537,48
GEO-GSE95630,GEO-GSM2519538,40
GEO-GSE95630,GEO-GSM2519544,48
GEO-GSE95630,GEO-GSM2519549,40
GEO-GSE95630,GEO-GSM2519555,48
GEO-GSE95630,GEO-GSM2519556,40
GEO-GSE95630,GEO-GSM2519562,88
GEO-GSE95630,GEO-GSM2519571,40
GEO-GSE95630,GEO-GSM2519572,47
GEO-GSE95630,GEO-GSM2519666,1
GEO-GSE95630,GEO-GSM2519667,1
GEO-GSE95630,GEO-GSM2519668,1
GEO-GSE95630,GEO-GSM2519669,1
GEO-GSE95630,GEO-GSM2519670,1
GEO-GSE95630,GEO-GSM2519671,1
GEO-GSE95630,GEO-GSM2519672,1
GEO-GSE95630,GEO-GSM2519673,1
GEO-GSE95630,GEO-GSM2519674,1
GEO-GSE95630,GEO-GSM2519675,1
GEO-GSE95630,GEO-GSM2519676,1
GEO-GSE95630,GEO-GSM2519677,1
GEO-GSE95630,GEO-GSM2519678,1
GEO-GSE95630,GEO-GSM2519679,1
GEO-GSE95630,GEO-GSM2519680,1
GEO-GSE95630,GEO-GSM2519681,1
GEO-GSE95630,GEO-GSM2519682,1
GEO-GSE95630,GEO-GSM2519683,1
GEO-GSE95630,GEO-GSM2519684,1
GEO-GSE95630,GEO-GSM2519685,1
GEO-GSE95630,GEO-GSM2519686,1
GEO-GSE95630,GEO-GSM2519687,1
GEO-GSE95630,GEO-GSM2519688,1
GEO-GSE95630,GEO-GSM2519689,1
GEO-GSE95630,GEO-GSM2519690,1
GEO-GSE95630,GEO-GSM2519691,1
GEO-GSE95630,GEO-GSM2519692,1
GEO-GSE95630,GEO-GSM2519693,1
GEO-GSE95630,GEO-GSM2519694,1
GEO-GSE95630,GEO-GSM2519695,1
GEO-GSE95630,GEO-GSM2519696,1
GEO-GSE95630,GEO-GSM2519697,1
GEO-GSE95630,GEO-GSM2519698,1
GEO-GSE95630,GEO-GSM2519699,1
GEO-GSE95630,GEO-GSM2519700,1
GEO-GSE95630,GEO-GSM2519701,1
GEO-GSE95630,GEO-GSM2519702,1
GEO-GSE95630,GEO-GSM2519703,1
GEO-GSE95630,GEO-GSM2519704,1
GEO-GSE95630,GEO-GSM2519705,1
GEO-GSE95630,GEO-GSM2519706,1
GEO-GSE95630,GEO-GSM2519707,1
GEO-GSE95630,GEO-GSM2519708,1
GEO-GSE95630,GEO-GSM2519709,1
GEO-GSE95630,GEO-GSM2519710,1
GEO-GSE95630,GEO-GSM2519711,1
GEO-GSE95630,GEO-GSM2519712,1
GEO-GSE95630,GEO-GSM2519713,1
GEO-GSE95630,GEO-GSM2519714,1
GEO-GSE95630,GEO-GSM2519715,1
GEO-GSE95630,GEO-GSM2519716,1
GEO-GSE95630,GEO-GSM2519717,1
GEO-GSE95630,GEO-GSM2519718,1
GEO-GSE95630,GEO-GSM2519719,1
GEO-GSE95630,GEO-GSM2519720,1
GEO-GSE95630,GEO-GSM2519721,1
GEO-GSE95630,GEO-GSM2519722,1
GEO-GSE95630,GEO-GSM2519723,1
GEO-GSE95630,GEO-GSM2519724,1
GEO-GSE95630,GEO-GSM2519725,1
GEO-GSE95630,GEO-GSM2519726,1
GEO-GSE95630,GEO-GSM2519727,1
GEO-GSE95630,GEO-GSM2519728,1
GEO-GSE95630,GEO-GSM2519729,1
GEO-GSE95630,GEO-GSM2519730,1
GEO-GSE95630,GEO-GSM2519731,1
GEO-GSE95630,GEO-GSM2519732,1
GEO-GSE95630,GEO-GSM2519733,1
GEO-GSE95630,GEO-GSM2519734,1
GEO-GSE95630,GEO-GSM2519735,1
GEO-GSE95630,GEO-GSM2519736,1
GEO-GSE95630,GEO-GSM2519737,1
GEO-GSE95630,GEO-GSM2519738,1
GEO-GSE95630,GEO-GSM2519739,1
GEO-GSE95630,GEO-GSM2519740,1
GEO-GSE95630,GEO-GSM2519741,1
GEO-GSE95630,GEO-GSM2519742,1
GEO-GSE95630,GEO-GSM2519743,1
GEO-GSE95630,GEO-GSM2519744,1
GEO-GSE95630,GEO-GSM2519745,1
GEO-GSE95630,GEO-GSM2519746,1
GEO-GSE95630,GEO-GSM2519747,1
GEO-GSE95630,GEO-GSM2519748,1
GEO-GSE95630,GEO-GSM2519749,1
GEO-GSE95630,GEO-GSM2519750,1
GEO-GSE95630,GEO-GSM2519751,1
GEO-GSE95630,GEO-GSM2519752,1
GEO-GSE95630,GEO-GSM2519753,1
GEO-GSE134520,GEO-GSM3954946,2774
GEO-GSE134520,GEO-GSM3954947,1998
GEO-GSE134520,GEO-GSM3954948,1865
GEO-GSE134520,GEO-GSM3954949,4371
GEO-GSE134520,GEO-GSM3954950,10401
GEO-GSE134520,GEO-GSM3954951,8269
GEO-GSE134520,GEO-GSM3954952,2941
GEO-GSE134520,GEO-GSM3954953,2384
GEO-GSE134520,GEO-GSM3954954,3938
GEO-GSE134520,GEO-GSM3954955,4442
GEO-GSE134520,GEO-GSM3954956,3243
GEO-GSE134520,GEO-GSM3954957,5704
GEO-GSE134520,GEO-GSM3954958,4110
GEO-GSE158631,GEO-GSM4804675 || GSM4804676 || GSM4804677 || GSM4804685,4
GEO-GSE158631,GEO-GSM4804696 || GSM4804698 || GSM4804699 || GSM4804700 || GSM4804701 || GSM4804702 || GSM4804703 || GSM4804722 || GSM4804723 || GSM4804724 || GSM4804725 || GSM4804749 || GSM4804750 || GSM4804751 || GSM4804752 || GSM4804753 || GSM4804754 || GSM4804755 || GSM4804756,19
GEO-GSE158631,GEO-GSM4804670 || GSM4804678 || GSM4804679 || GSM4804680 || GSM4804681 || GSM4804682 || GSM4804683 || GSM4804684 || GSM4804686 || GSM4804687 || GSM4804688 || GSM4804689 || GSM4804690,13
GEO-GSE158631,GEO-GSM4804697 || GSM4804704 || GSM4804705 || GSM4804706 || GSM4804707 || GSM4804708 || GSM4804710 || GSM4804711 || GSM4804712 || GSM4804726 || GSM4804727 || GSM4804728 || GSM4804729 || GSM4804730 || GSM4804731 || GSM4804732 || GSM4804733 || GSM4804739 || GSM4804740 || GSM4804741 || GSM4804742 || GSM4804743 || GSM4804744 || GSM4804745 || GSM4804746 || GSM4804747 || GSM4804748,27
GEO-GSE158631,GEO-GSM4804671 || GSM4804672 || GSM4804673 || GSM4804674 || GSM4804691 || GSM4804692 || GSM4804693 || GSM4804694 || GSM4804695 || GSM4804761 || GSM4804762 || GSM4804763,12
GEO-GSE158631,GEO-GSM4804709 || GSM4804713 || GSM4804714 || GSM4804715 || GSM4804716 || GSM4804717 || GSM4804718 || GSM4804719 || GSM4804720 || GSM4804721 || GSM4804734 || GSM4804735 || GSM4804736 || GSM4804737 || GSM4804738 || GSM4804757 || GSM4804758 || GSM4804759 || GSM4804760,19
GEO-GSE103154,GEO-GSM2756212,96
GEO-GSE103154,GEO-GSM2756213,96
GEO-GSE103154,GEO-GSM2756214,96
GEO-GSE103154,GEO-GSM2756215,96
GEO-GSE103154,GEO-GSM2756216,96
GEO-GSE103154,GEO-GSM2756217,96
GEO-GSE103154,GEO-GSM2756218,95
GEO-GSE103154,GEO-GSM2756219,96
GEO-GSE103154,GEO-GSM2756220,71
GEO-GSE103154,GEO-GSM2756221,96
GEO-GSE103154,GEO-GSM2756222,96
GEO-GSE103154,GEO-GSM2756223,96
GEO-GSE103154,GEO-GSM2756224,95
GEO-GSE103154,GEO-GSM2756225,94
GEO-GSE103154,GEO-GSM2756226,94
GEO-GSE103154,GEO-GSM2756227,96
GEO-GSE103154,GEO-GSM2756228,96
GEO-GSE103154,GEO-GSM2756229,94
GEO-GSE103154,GEO-GSM2756230,94
GEO-GSE103154,GEO-GSM2756231,95
GEO-GSE119969,GEO-GSM3389578,2459
GEO-GSE121380,GEO-GSM3433578,4784
GEO-GSE121380,GEO-GSM3433579,3461
GEO-GSE121380,GEO-GSM3433580,2394
GEO-GSE121380,GEO-GSM3433581,3549
GEO-GSE121380,GEO-GSM3433582,1014
GEO-GSE121380,GEO-GSM3433583,3675
GEO-GSE121380,GEO-GSM3433584,4926
GEO-GSE121380,GEO-GSM3584928,4938
GEO-GSE121380,GEO-GSM3584929,9015
GEO-GSE121380,GEO-GSM3584930,693
GEO-GSE121380,GEO-GSM3584931,712
GEO-GSE121380,GEO-GSM3584932,442
GEO-GSE121380,GEO-GSM3584933,9433
GEO-GSE125527,GEO-GSM3576396,321
GEO-GSE125527,GEO-GSM3576397,1911
GEO-GSE125527,GEO-GSM3576398,2412
GEO-GSE125527,GEO-GSM3576399,2577
GEO-GSE125527,GEO-GSM3576400,2417
GEO-GSE125527,GEO-GSM3576401,3052
GEO-GSE125527,GEO-GSM3576402,2786
GEO-GSE125527,GEO-GSM3576403,2369
GEO-GSE125527,GEO-GSM3576404,3039
GEO-GSE125527,GEO-GSM3576405,2402
GEO-GSE125527,GEO-GSM3576406,1028
GEO-GSE125527,GEO-GSM3576407,997
GEO-GSE125527,GEO-GSM3576408,2580
GEO-GSE125527,GEO-GSM3576409,2189
GEO-GSE125527,GEO-GSM3576410,2074
GEO-GSE125527,GEO-GSM3576411,1607
GEO-GSE125527,GEO-GSM3576412,3536
GEO-GSE125527,GEO-GSM3576413,3364
GEO-GSE125527,GEO-GSM3576414,3104
GEO-GSE125527,GEO-GSM3576415,3806
GEO-GSE125527,GEO-GSM3576416,3435
GEO-GSE125527,GEO-GSM3576417,3374
GEO-GSE125527,GEO-GSM3576418,3895
GEO-GSE125527,GEO-GSM3576419,3362
GEO-GSE125527,GEO-GSM3576420,2208
GEO-GSE125527,GEO-GSM3576421,1163
GEO-GSE125527,GEO-GSM3576422,3517
GEO-GSE125527,GEO-GSM3576423,840
GEO-GSE125527,GEO-GSM3576424,896
GEO-GSE125527,GEO-GSM3576425,2755
GEO-GSE125527,GEO-GSM3576426,617
GEO-GSE125527,GEO-GSM3576427,1132
GEO-GSE125527,GEO-GSM3576428,3036
GEO-GSE125527,GEO-GSM3576429,2600
GEO-GSE125527,GEO-GSM3576430,2666
GEO-GSE125527,GEO-GSM3576431,1062
GEO-GSE134355,GEO-GSM3980125,4341
GEO-GSE134355,GEO-GSM3980131,5478
GEO-GSE134355,GEO-GSM3980140,5035
GEO-GSE134355,GEO-GSM3980141,7716
GEO-GSE134355,GEO-GSM4008647,6807
GEO-GSE134355,GEO-GSM4008648,4655
GEO-GSE134355,GEO-GSM4008662,5577
GEO-GSE134355,GEO-GSM4008663,4673
GEO-GSE134355,GEO-GSM4008664,7181
GEO-GSE140288,GEO-GSM4158911,10566
GEO-GSE140288,GEO-GSM4158912,14759
GEO-GSE140312,GEO-GSM4159164,1144
GEO-GSE140312,GEO-GSM4159165,3590
GEO-GSE144469,GEO-GSM4288826,3718
GEO-GSE144469,GEO-GSM4288827,4132
GEO-GSE144469,GEO-GSM4288828,4405
GEO-GSE144469,GEO-GSM4288829,3657
GEO-GSE144469,GEO-GSM4288830,4128
GEO-GSE144469,GEO-GSM4288831,3251
GEO-GSE144469,GEO-GSM4288832,3685
GEO-GSE144469,GEO-GSM4288833,3733
GEO-GSE144469,GEO-GSM4288834,3105
GEO-GSE144469,GEO-GSM4288835,3993
GEO-GSE144469,GEO-GSM4288836,3008
GEO-GSE144469,GEO-GSM4288837,3748
GEO-GSE144469,GEO-GSM4288838,3458
GEO-GSE144469,GEO-GSM4288839,4180
GEO-GSE144469,GEO-GSM4288840,3921
GEO-GSE144469,GEO-GSM4288841,2916
GEO-GSE144469,GEO-GSM4288842,3870
GEO-GSE144469,GEO-GSM4288843,2717
GEO-GSE144469,GEO-GSM4288844,2994
GEO-GSE144469,GEO-GSM4288845,4828
GEO-GSE144469,GEO-GSM4288846,3592
GEO-GSE144469,GEO-GSM4288847,3398
GEO-GSE144469,GEO-GSM4288848,4762
GEO-GSE144469,GEO-GSM4288849,3941
GEO-GSE144469,GEO-GSM4288850,3252
GEO-GSE144469,GEO-GSM4288851,3031
GEO-GSE144469,GEO-GSM4288852,3367
GEO-GSE144469,GEO-GSM4288853,4058
GEO-GSE144469,GEO-GSM4288854,3719
GEO-GSE144469,GEO-GSM4288855,3707
GEO-GSE144469,GEO-GSM4288856,3195
GEO-GSE144469,GEO-GSM4288857,4157
GEO-GSE144469,GEO-GSM4288858,4691
GEO-GSE144469,GEO-GSM4288859,3083
GEO-GSE144469,GEO-GSM4288860,2436
GEO-GSE144469,GEO-GSM4288861,3490
GEO-GSE144469,GEO-GSM4288862,4979
GEO-GSE144469,GEO-GSM4288863,3508
GEO-GSE146771,GEO-GSM4405613,267
GEO-GSE146771,GEO-GSM4405614,1187
GEO-GSE146771,GEO-GSM4405615,926
GEO-GSE146771,GEO-GSM4405616,1369
GEO-GSE146771,GEO-GSM4405617,495
GEO-GSE146771,GEO-GSM4405618,786
GEO-GSE146771,GEO-GSM4405619,2145
GEO-GSE146771,GEO-GSM4405620,1465
GEO-GSE146771,GEO-GSM4405621,1639
GEO-GSE146771,GEO-GSM4405622,189
GEO-GSE146771,GEO-GSM4405623,733
GEO-GSE146771,GEO-GSM4405624,4606
GEO-GSE146771,GEO-GSM4405625,263
GEO-GSE146771,GEO-GSM4405626,283
GEO-GSE146771,GEO-GSM4405627,10091
GEO-GSE146771,GEO-GSM4405628,11520
GEO-GSE146771,GEO-GSM4405629,1383
GEO-GSE146771,GEO-GSM4405630,2998
GEO-GSE146771,GEO-GSM4405631,7064
GEO-GSE146771,GEO-GSM4405632,4876
GEO-GSE150115,GEO-GSM4523789,3644
GEO-GSE150115,GEO-GSM4523790,1165
GEO-GSE150115,GEO-GSM4523791,2801
GEO-GSE150115,GEO-GSM4523792,533
GEO-GSE150115,GEO-GSM4523793,372
GEO-GSE152290,GEO-GSM4610654,950
GEO-GSE152290,GEO-GSM4610655,1212
GEO-GSE152290,GEO-GSM4610656,1234
GEO-GSE152290,GEO-GSM4610657,1941
GEO-GSE152290,GEO-GSM4610658,1522
GEO-GSE152290,GEO-GSM4610659,1608
GEO-GSE152316,GEO-GSM4612389,1
GEO-GSE152316,GEO-GSM4612390,1
GEO-GSE152316,GEO-GSM4612391,1
GEO-GSE152316,GEO-GSM4612392,1
GEO-GSE152316,GEO-GSM4612393,1
GEO-GSE152316,GEO-GSM4612394,1
GEO-GSE152316,GEO-GSM4612395,1
GEO-GSE152316,GEO-GSM4612396,1
GEO-GSE152316,GEO-GSM4612397,1
GEO-GSE152316,GEO-GSM4612398,1
GEO-GSE152316,GEO-GSM4612399,1
GEO-GSE152316,GEO-GSM4612400,1
GEO-GSE152316,GEO-GSM4612401,1
GEO-GSE152316,GEO-GSM4612402,1
GEO-GSE152316,GEO-GSM4612403,1
GEO-GSE152316,GEO-GSM4612404,1
GEO-GSE152316,GEO-GSM4612405,1
GEO-GSE152316,GEO-GSM4612406,1
GEO-GSE152316,GEO-GSM4612407,1
GEO-GSE152316,GEO-GSM4612408,1
GEO-GSE152316,GEO-GSM4612409,1
GEO-GSE152316,GEO-GSM4612410,1
GEO-GSE152316,GEO-GSM4612411,1
GEO-GSE152316,GEO-GSM4612412,1
GEO-GSE152316,GEO-GSM4612413,1
GEO-GSE152316,GEO-GSM4612414,1
GEO-GSE152316,GEO-GSM4612415,1
GEO-GSE152316,GEO-GSM4612416,1
GEO-GSE152316,GEO-GSM4612417,1
GEO-GSE152316,GEO-GSM4612418,1
GEO-GSE152316,GEO-GSM4612419,1
GEO-GSE152316,GEO-GSM4612420,1
GEO-GSE152316,GEO-GSM4612421,1
GEO-GSE152316,GEO-GSM4612422,1
GEO-GSE152316,GEO-GSM4612423,1
GEO-GSE152316,GEO-GSM4612424,1
GEO-GSE152316,GEO-GSM4612425,1
GEO-GSE152316,GEO-GSM4612426,1
GEO-GSE152316,GEO-GSM4612427,1
GEO-GSE152316,GEO-GSM4612428,1
GEO-GSE152316,GEO-GSM4612429,1
GEO-GSE152316,GEO-GSM4612430,1
GEO-GSE152316,GEO-GSM4612431,1
GEO-GSE152316,GEO-GSM4612432,1
GEO-GSE152316,GEO-GSM4612433,1
GEO-GSE152316,GEO-GSM4612434,1
GEO-GSE152316,GEO-GSM4612435,1
GEO-GSE152316,GEO-GSM4612436,1
GEO-GSE152316,GEO-GSM4612437,1
GEO-GSE152316,GEO-GSM4612438,1
GEO-GSE152316,GEO-GSM4612439,1
GEO-GSE152316,GEO-GSM4612440,1
GEO-GSE152316,GEO-GSM4612441,1
GEO-GSE152316,GEO-GSM4612442,1
GEO-GSE152316,GEO-GSM4612443,1
GEO-GSE152316,GEO-GSM4612444,1
GEO-GSE152316,GEO-GSM4612445,1
GEO-GSE152316,GEO-GSM4612446,1
GEO-GSE152316,GEO-GSM4612447,1
GEO-GSE152316,GEO-GSM4612448,1
GEO-GSE152316,GEO-GSM4612449,1
GEO-GSE152316,GEO-GSM4612450,1
GEO-GSE152316,GEO-GSM4612451,1
GEO-GSE152316,GEO-GSM4612452,1
GEO-GSE152316,GEO-GSM4612453,1
GEO-GSE152316,GEO-GSM4612454,1
GEO-GSE152316,GEO-GSM4612455,1
GEO-GSE152316,GEO-GSM4612456,1
GEO-GSE152316,GEO-GSM4612457,1
GEO-GSE152316,GEO-GSM4612458,1
GEO-GSE152316,GEO-GSM4612459,1
GEO-GSE152316,GEO-GSM4612460,1
GEO-GSE152316,GEO-GSM4612461,1
GEO-GSE152316,GEO-GSM4612462,1
GEO-GSE152316,GEO-GSM4612463,1
GEO-GSE152316,GEO-GSM4612464,1
GEO-GSE152316,GEO-GSM4612465,1
GEO-GSE152316,GEO-GSM4612466,1
GEO-GSE152316,GEO-GSM4612467,1
GEO-GSE152316,GEO-GSM4612468,1
GEO-GSE152316,GEO-GSM4612469,1
GEO-GSE152316,GEO-GSM4612470,1
GEO-GSE152316,GEO-GSM4612471,1
GEO-GSE152316,GEO-GSM4612472,1
GEO-GSE152316,GEO-GSM4612473,1
GEO-GSE152316,GEO-GSM4612474,1
GEO-GSE152316,GEO-GSM4612475,1
GEO-GSE152316,GEO-GSM4612476,1
GEO-GSE152316,GEO-GSM4612477,1
GEO-GSE152316,GEO-GSM4612478,1
GEO-GSE152316,GEO-GSM4612479,1
GEO-GSE152316,GEO-GSM4612480,1
GEO-GSE152316,GEO-GSM4612481,1
GEO-GSE152316,GEO-GSM4612482,1
GEO-GSE152316,GEO-GSM4612483,1
GEO-GSE152316,GEO-GSM4612484,1
GEO-GSE152316,GEO-GSM4612485,1
GEO-GSE152316,GEO-GSM4612486,1
GEO-GSE152316,GEO-GSM4612487,1
GEO-GSE152316,GEO-GSM4612488,1
GEO-GSE152316,GEO-GSM4612489,1
GEO-GSE152316,GEO-GSM4612490,1
GEO-GSE152316,GEO-GSM4612491,1
GEO-GSE152316,GEO-GSM4612492,1
GEO-GSE152316,GEO-GSM4612493,1
GEO-GSE152316,GEO-GSM4612494,1
GEO-GSE152316,GEO-GSM4612495,1
GEO-GSE152316,GEO-GSM4612496,1
GEO-GSE152316,GEO-GSM4612497,1
GEO-GSE152316,GEO-GSM4612498,1
GEO-GSE152316,GEO-GSM4612499,1
GEO-GSE152316,GEO-GSM4612500,1
GEO-GSE152316,GEO-GSM4612501,1
GEO-GSE152316,GEO-GSM4612502,1
GEO-GSE152316,GEO-GSM4612503,1
GEO-GSE152316,GEO-GSM4612504,1
GEO-GSE152316,GEO-GSM4612505,1
GEO-GSE152316,GEO-GSM4612506,1
GEO-GSE152316,GEO-GSM4612507,1
GEO-GSE152316,GEO-GSM4612508,1
GEO-GSE152316,GEO-GSM4612509,1
GEO-GSE152316,GEO-GSM4612510,1
GEO-GSE152316,GEO-GSM4612511,1
GEO-GSE152316,GEO-GSM4612512,1
GEO-GSE152316,GEO-GSM4612513,1
GEO-GSE152316,GEO-GSM4612514,1
GEO-GSE152316,GEO-GSM4612515,1
GEO-GSE152316,GEO-GSM4612516,1
GEO-GSE152316,GEO-GSM4612517,1
GEO-GSE152316,GEO-GSM4612518,1
GEO-GSE152316,GEO-GSM4612519,1
GEO-GSE152316,GEO-GSM4612520,1
GEO-GSE152316,GEO-GSM4612521,1
GEO-GSE152316,GEO-GSM4612522,1
GEO-GSE152316,GEO-GSM4612523,1
GEO-GSE152316,GEO-GSM4612524,1
GEO-GSE152316,GEO-GSM4612525,1
GEO-GSE152316,GEO-GSM4612526,1
GEO-GSE152316,GEO-GSM4612527,1
GEO-GSE152316,GEO-GSM4612528,1
GEO-GSE152316,GEO-GSM4612529,1
GEO-GSE152316,GEO-GSM4612530,1
GEO-GSE152316,GEO-GSM4612531,1
GEO-GSE152316,GEO-GSM4612532,1
GEO-GSE152316,GEO-GSM4612533,1
GEO-GSE152316,GEO-GSM4612534,1
GEO-GSE152316,GEO-GSM4612535,1
GEO-GSE152316,GEO-GSM4612536,1
GEO-GSE152316,GEO-GSM4612537,1
GEO-GSE152316,GEO-GSM4612538,1
GEO-GSE152316,GEO-GSM4612539,1
GEO-GSE152316,GEO-GSM4612540,1
GEO-GSE152316,GEO-GSM4612541,1
GEO-GSE152316,GEO-GSM4612542,1
GEO-GSE152316,GEO-GSM4612543,1
GEO-GSE152316,GEO-GSM4612544,1
GEO-GSE152316,GEO-GSM4612545,1
GEO-GSE152316,GEO-GSM4612546,1
GEO-GSE152316,GEO-GSM4612547,1
GEO-GSE152316,GEO-GSM4612548,1
GEO-GSE152316,GEO-GSM4612549,1
GEO-GSE152316,GEO-GSM4612550,1
GEO-GSE152316,GEO-GSM4612551,1
GEO-GSE152316,GEO-GSM4612552,1
GEO-GSE152316,GEO-GSM4612553,1
GEO-GSE152316,GEO-GSM4612554,1
GEO-GSE152316,GEO-GSM4612555,1
GEO-GSE152316,GEO-GSM4612556,1
GEO-GSE152316,GEO-GSM4612557,1
GEO-GSE152316,GEO-GSM4612558,1
GEO-GSE152316,GEO-GSM4612559,1
GEO-GSE152316,GEO-GSM4612560,1
GEO-GSE152316,GEO-GSM4612561,1
GEO-GSE152316,GEO-GSM4612562,1
GEO-GSE152316,GEO-GSM4612563,1
GEO-GSE152316,GEO-GSM4612564,1
GEO-GSE152316,GEO-GSM4612565,1
GEO-GSE152316,GEO-GSM4612566,1
GEO-GSE152316,GEO-GSM4612567,1
GEO-GSE152316,GEO-GSM4612568,1
GEO-GSE152316,GEO-GSM4612569,1
GEO-GSE152316,GEO-GSM4612570,1
GEO-GSE152316,GEO-GSM4612571,1
GEO-GSE152316,GEO-GSM4612572,1
GEO-GSE152316,GEO-GSM4612573,1
GEO-GSE152316,GEO-GSM4612574,1
GEO-GSE152316,GEO-GSM4612575,1
GEO-GSE152316,GEO-GSM4612576,1
GEO-GSE152316,GEO-GSM4612577,1
GEO-GSE152316,GEO-GSM4612578,1
GEO-GSE152316,GEO-GSM4612579,1
GEO-GSE152316,GEO-GSM4612580,1
GEO-GSE152316,GEO-GSM4612581,1
GEO-GSE152316,GEO-GSM4612582,1
GEO-GSE152316,GEO-GSM4612583,1
GEO-GSE152316,GEO-GSM4612584,1
GEO-GSE152316,GEO-GSM4612585,1
GEO-GSE152316,GEO-GSM4612586,1
GEO-GSE152316,GEO-GSM4612587,1
GEO-GSE152316,GEO-GSM4612588,1
GEO-GSE152316,GEO-GSM4612589,1
GEO-GSE152316,GEO-GSM4612590,1
GEO-GSE152316,GEO-GSM4612591,1
GEO-GSE152316,GEO-GSM4612592,1
GEO-GSE152316,GEO-GSM4612593,1
GEO-GSE152316,GEO-GSM4612594,1
GEO-GSE152316,GEO-GSM4612595,1
GEO-GSE152316,GEO-GSM4612596,1
GEO-GSE152316,GEO-GSM4612597,1
GEO-GSE152316,GEO-GSM4612598,1
GEO-GSE152316,GEO-GSM4612599,1
GEO-GSE152316,GEO-GSM4612600,1
GEO-GSE152316,GEO-GSM4612601,1
GEO-GSE152316,GEO-GSM4612602,1
GEO-GSE152316,GEO-GSM4612603,1
GEO-GSE152316,GEO-GSM4612604,1
GEO-GSE152316,GEO-GSM4612605,1
GEO-GSE152316,GEO-GSM4612606,1
GEO-GSE152316,GEO-GSM4612607,1
GEO-GSE152316,GEO-GSM4612608,1
GEO-GSE152316,GEO-GSM4612609,1
GEO-GSE152316,GEO-GSM4612610,1
GEO-GSE152316,GEO-GSM4612611,1
GEO-GSE152316,GEO-GSM4612612,1
GEO-GSE152316,GEO-GSM4612613,1
GEO-GSE152316,GEO-GSM4612614,1
GEO-GSE152316,GEO-GSM4612615,1
GEO-GSE152316,GEO-GSM4612616,1
GEO-GSE152316,GEO-GSM4612617,1
GEO-GSE152316,GEO-GSM4612618,1
GEO-GSE152316,GEO-GSM4612619,1
GEO-GSE152316,GEO-GSM4612620,1
GEO-GSE152316,GEO-GSM4612621,1
GEO-GSE152316,GEO-GSM4612622,1
GEO-GSE152316,GEO-GSM4612623,1
GEO-GSE152316,GEO-GSM4612624,1
GEO-GSE152316,GEO-GSM4612625,1
GEO-GSE152316,GEO-GSM4612626,1
GEO-GSE152316,GEO-GSM4612627,1
GEO-GSE152316,GEO-GSM4612628,1
GEO-GSE152316,GEO-GSM4612629,1
GEO-GSE152316,GEO-GSM4612630,1
GEO-GSE152316,GEO-GSM4612631,1
GEO-GSE152316,GEO-GSM4612632,1
GEO-GSE152316,GEO-GSM4612633,1
GEO-GSE152316,GEO-GSM4612634,1
GEO-GSE152316,GEO-GSM4612635,1
GEO-GSE152316,GEO-GSM4612636,1
GEO-GSE152316,GEO-GSM4612637,1
GEO-GSE152316,GEO-GSM4612638,1
GEO-GSE152316,GEO-GSM4612639,1
GEO-GSE152316,GEO-GSM4612640,1
GEO-GSE152316,GEO-GSM4612641,1
GEO-GSE152316,GEO-GSM4612642,1
GEO-GSE152316,GEO-GSM4612643,1
GEO-GSE152316,GEO-GSM4612644,1
GEO-GSE152316,GEO-GSM4612645,1
GEO-GSE152316,GEO-GSM4612646,1
GEO-GSE152316,GEO-GSM4612647,1
GEO-GSE152316,GEO-GSM4612648,1
GEO-GSE152316,GEO-GSM4612649,1
GEO-GSE152316,GEO-GSM4612650,1
GEO-GSE152316,GEO-GSM4612651,1
GEO-GSE152316,GEO-GSM4612652,1
GEO-GSE152316,GEO-GSM4612653,1
GEO-GSE152316,GEO-GSM4612654,1
GEO-GSE152316,GEO-GSM4612655,1
GEO-GSE152316,GEO-GSM4612656,1
GEO-GSE152316,GEO-GSM4612657,1
GEO-GSE152316,GEO-GSM4612658,1
GEO-GSE152316,GEO-GSM4612659,1
GEO-GSE152316,GEO-GSM4612660,1
GEO-GSE152316,GEO-GSM4612661,1
GEO-GSE152316,GEO-GSM4612662,1
GEO-GSE152316,GEO-GSM4612663,1
GEO-GSE152316,GEO-GSM4612664,1
GEO-GSE152316,GEO-GSM4612665,1
GEO-GSE152316,GEO-GSM4612666,1
GEO-GSE152316,GEO-GSM4612667,1
GEO-GSE152316,GEO-GSM4612668,1
GEO-GSE152316,GEO-GSM4612669,1
GEO-GSE152316,GEO-GSM4612670,1
GEO-GSE152316,GEO-GSM4612671,1
GEO-GSE152316,GEO-GSM4612672,1
GEO-GSE152316,GEO-GSM4612673,1
GEO-GSE152316,GEO-GSM4612674,1
GEO-GSE152316,GEO-GSM4612675,1
GEO-GSE152316,GEO-GSM4612676,1
GEO-GSE152316,GEO-GSM4612677,1
GEO-GSE152316,GEO-GSM4612678,1
GEO-GSE152316,GEO-GSM4612679,1
GEO-GSE152316,GEO-GSM4612680,1
GEO-GSE152316,GEO-GSM4612681,1
GEO-GSE152316,GEO-GSM4612682,1
GEO-GSE152316,GEO-GSM4612683,1
GEO-GSE152316,GEO-GSM4612684,1
GEO-GSE152316,GEO-GSM4612685,1
GEO-GSE152316,GEO-GSM4612686,1
GEO-GSE152316,GEO-GSM4612687,1
GEO-GSE152316,GEO-GSM4612688,1
GEO-GSE152316,GEO-GSM4612689,1
GEO-GSE152316,GEO-GSM4612690,1
GEO-GSE152316,GEO-GSM4612691,1
GEO-GSE152316,GEO-GSM4612692,1
GEO-GSE152316,GEO-GSM4612693,1
GEO-GSE152316,GEO-GSM4612694,1
GEO-GSE152316,GEO-GSM4612695,1
GEO-GSE152316,GEO-GSM4612696,1
GEO-GSE152316,GEO-GSM4612697,1
GEO-GSE152316,GEO-GSM4612698,1
GEO-GSE152316,GEO-GSM4612699,1
GEO-GSE152316,GEO-GSM4612700,1
GEO-GSE152316,GEO-GSM4612701,1
GEO-GSE152316,GEO-GSM4612702,1
GEO-GSE152316,GEO-GSM4612703,1
GEO-GSE152316,GEO-GSM4612704,1
GEO-GSE152316,GEO-GSM4612705,1
GEO-GSE152316,GEO-GSM4612706,1
GEO-GSE152316,GEO-GSM4612707,1
GEO-GSE152316,GEO-GSM4612708,1
GEO-GSE152316,GEO-GSM4612709,1
GEO-GSE152316,GEO-GSM4612710,1
GEO-GSE152316,GEO-GSM4612711,1
GEO-GSE152316,GEO-GSM4612712,1
GEO-GSE152316,GEO-GSM4612713,1
GEO-GSE152316,GEO-GSM4612714,1
GEO-GSE152316,GEO-GSM4612715,1
GEO-GSE152316,GEO-GSM4612716,1
GEO-GSE152316,GEO-GSM4612717,1
GEO-GSE152316,GEO-GSM4612718,1
GEO-GSE152316,GEO-GSM4612719,1
GEO-GSE152316,GEO-GSM4612720,1
GEO-GSE152316,GEO-GSM4612721,1
GEO-GSE152316,GEO-GSM4612722,1
GEO-GSE152316,GEO-GSM4612723,1
GEO-GSE152316,GEO-GSM4612724,1
GEO-GSE152316,GEO-GSM4612725,1
GEO-GSE152316,GEO-GSM4612726,1
GEO-GSE152316,GEO-GSM4612727,1
GEO-GSE152316,GEO-GSM4612728,1
GEO-GSE152316,GEO-GSM4612729,1
GEO-GSE152316,GEO-GSM4612730,1
GEO-GSE152316,GEO-GSM4612731,1
GEO-GSE152316,GEO-GSM4612732,1
GEO-GSE152316,GEO-GSM4612733,1
GEO-GSE152316,GEO-GSM4612734,1
GEO-GSE152316,GEO-GSM4612735,1
GEO-GSE152316,GEO-GSM4612736,1
GEO-GSE152316,GEO-GSM4612737,1
GEO-GSE152316,GEO-GSM4612738,1
GEO-GSE152316,GEO-GSM4612739,1
GEO-GSE152316,GEO-GSM4612740,1
GEO-GSE152316,GEO-GSM4612741,1
GEO-GSE152316,GEO-GSM4612742,1
GEO-GSE152316,GEO-GSM4612743,1
GEO-GSE152316,GEO-GSM4612744,1
GEO-GSE152316,GEO-GSM4612745,1
GEO-GSE152316,GEO-GSM4612746,1
GEO-GSE152316,GEO-GSM4612747,1
GEO-GSE152316,GEO-GSM4612748,1
GEO-GSE152316,GEO-GSM4612749,1
GEO-GSE152316,GEO-GSM4612750,1
GEO-GSE152316,GEO-GSM4612751,1
GEO-GSE152316,GEO-GSM4612752,1
GEO-GSE152316,GEO-GSM4612753,1
GEO-GSE152316,GEO-GSM4612754,1
GEO-GSE152316,GEO-GSM4612755,1
GEO-GSE152316,GEO-GSM4612756,1
GEO-GSE152316,GEO-GSM4612757,1
GEO-GSE152316,GEO-GSM4612758,1
GEO-GSE152316,GEO-GSM4612759,1
GEO-GSE152316,GEO-GSM4612760,1
GEO-GSE152316,GEO-GSM4612761,1
GEO-GSE152316,GEO-GSM4612762,1
GEO-GSE152316,GEO-GSM4612763,1
GEO-GSE152316,GEO-GSM4612764,1
GEO-GSE152316,GEO-GSM4612765,1
GEO-GSE152316,GEO-GSM4612766,1
GEO-GSE152316,GEO-GSM4612767,1
GEO-GSE152316,GEO-GSM4612768,1
GEO-GSE152316,GEO-GSM4612769,1
GEO-GSE152316,GEO-GSM4612770,1
GEO-GSE154405,GEO-GSM4670648,5293
GEO-GSE154405,GEO-GSM4670649,5633
GEO-GSE154405,GEO-GSM4670650,8391
GEO-GSE154405,GEO-GSM4670651,5643
GEO-GSE154405,GEO-GSM4670652,1620
GEO-GSE154405,GEO-GSM4670653,4760
GEO-GSE154405,GEO-GSM4670654,5315
GEO-GSE154405,GEO-GSM4670655,6789
GEO-GSE154405,GEO-GSM4670656,7228
GEO-GSE158636,GEO-GSM4804820,11318
GEO-GSE158636,GEO-GSM4804821,6408
GEO-GSE162335,GEO-GSM4949912,2275
GEO-GSE162335,GEO-GSM4949913,3489
GEO-GSE162335,GEO-GSM4949914,4855
GEO-GSE162335,GEO-GSM4949915,3504
GEO-GSE162335,GEO-GSM4949916,2755
GEO-GSE162335,GEO-GSM4949917,1398
GEO-GSE162335,GEO-GSM4949918,1539
GEO-GSE162335,GEO-GSM4949919,2607
GEO-GSE162335,GEO-GSM4949920,1009
GEO-GSE162335,GEO-GSM4949921,2454
GEO-GSE162335,GEO-GSM4949922,2741
GEO-GSE162335,GEO-GSM4949923,3707
GEO-GSE162335,GEO-GSM4949924,1157
GEO-GSE162335,GEO-GSM4949925,2308
GEO-GSE162335,GEO-GSM4949926,1758
GEO-GSE162335,GEO-GSM4949927,1519
GEO-GSE162335,GEO-GSM4949928,1591
GEO-GSE162335,GEO-GSM4949929,1570
GEO-GSE162335,GEO-GSM4949930,1140
GEO-GSE162335,GEO-GSM4949931,1495
GEO-GSE162335,GEO-GSM4949932,2268
GEO-GSE162335,GEO-GSM4949933,2648
GEO-GSE162335,GEO-GSM4949934,1993
GEO-GSE162335,GEO-GSM4949935,1540
GEO-GSE162335,GEO-GSM4949936,1177
GEO-GSE162335,GEO-GSM4949937,1434
GEO-GSE163314,GEO-GSM4976992,846
GEO-GSE163314,GEO-GSM4976993,4980
GEO-GSE163314,GEO-GSM4976994,347
GEO-GSE163314,GEO-GSM4976995,6082
GEO-GSE163314,GEO-GSM4976996,292
GEO-GSE163314,GEO-GSM4976997,7381
GEO-GSE163314,GEO-GSM4976998,324
GEO-GSE163314,GEO-GSM4976999,6653
GEO-GSE163314,GEO-GSM4977000,1997
GEO-GSE163314,GEO-GSM4977001,3737
GEO-GSE163314,GEO-GSM4977002,2665
GEO-GSE163314,GEO-GSM4977003,11654
GEO-GSE163314,GEO-GSM4977004,2962
GEO-GSE163314,GEO-GSM4977005,6041
GEO-GSE163314,GEO-GSM4977006,1480
GEO-GSE163314,GEO-GSM4977007,3974
GEO-GSE164985,GEO-GSM5024087,13214
GEO-GSE164985,GEO-GSM5024088,14758
GEO-GSE164985,GEO-GSM5024089,15336
GEO-GSE164985,GEO-GSM5024090,13402
GEO-GSE164985,GEO-GSM5024091,13200
GEO-GSE164985,GEO-GSM5024092,10333
GEO-GSE164985,GEO-GSM5024093,12847
GEO-GSE166555,GEO-GSM5075659,1208
GEO-GSE166555,GEO-GSM5075660,2044
GEO-GSE166555,GEO-GSM5075661,1307
GEO-GSE166555,GEO-GSM5075662,3336
GEO-GSE166555,GEO-GSM5075663,3088
GEO-GSE166555,GEO-GSM5075664,3997
GEO-GSE166555,GEO-GSM5075665,2889
GEO-GSE166555,GEO-GSM5075666,4112
GEO-GSE166555,GEO-GSM5075667,4566
GEO-GSE166555,GEO-GSM5075668,4122
GEO-GSE166555,GEO-GSM5075669,3670
GEO-GSE166555,GEO-GSM5075670,3424
GEO-GSE166555,GEO-GSM5075671,2956
GEO-GSE166555,GEO-GSM5075672,3501
GEO-GSE166555,GEO-GSM5075673,3894
GEO-GSE166555,GEO-GSM5075674,2919
GEO-GSE166555,GEO-GSM5075675,3030
GEO-GSE166555,GEO-GSM5075676,5532
GEO-GSE166555,GEO-GSM5075677,882
GEO-GSE166555,GEO-GSM5075678,417
GEO-GSE166555,GEO-GSM5075679,1167
GEO-GSE166555,GEO-GSM5075680,1255
GEO-GSE166555,GEO-GSM5075681,704
GEO-GSE166555,GEO-GSM5075682,1117
GEO-GSE166555,GEO-GSM5075683,3565
GEO-GSE182270,GEO-GSM5525955,7752
GEO-GSE182270,GEO-GSM5525956,5506
GEO-GSE182270,GEO-GSM5525957,10515
GEO-GSE182270,GEO-GSM5525958,5389
GEO-GSE182270,GEO-GSM5525959,6014
GEO-GSE182270,GEO-GSM5525960,6195
GEO-GSE182270,GEO-GSM5525961,5479
GEO-GSE182270,GEO-GSM5525962,5092
GEO-GSE182270,GEO-GSM5525963,6055
GEO-GSE185224,GEO-GSM5655495,7510
GEO-GSE185224,GEO-GSM5655497,9385
GEO-GSE185224,GEO-GSM5655499,5708
GEO-GSE188711,GEO-GSM5688706,4719
GEO-GSE188711,GEO-GSM5688707,4971
GEO-GSE188711,GEO-GSM5688708,6487
GEO-GSE188711,GEO-GSM5688709,6231
GEO-GSE188711,GEO-GSM5688710,4476
GEO-GSE188711,GEO-GSM5688711,6432
GEO-GSE196965,GEO-GSM5905878,2667
GEO-GSE196965,GEO-GSM5905879,8213
GEO-GSE196965,GEO-GSM5905880,2619
GEO-GSE196965,GEO-GSM5905881,5771
GEO-GSE196965,GEO-GSM5905882,3819
GEO-GSE196965,GEO-GSM5905883,4835
GEO-GSE196965,GEO-GSM5905884,3355
GEO-GSE196965,GEO-GSM5905885,3687
GEO-GSE196965,GEO-GSM5905886,3113
GEO-GSE196965,GEO-GSM5905887,4380
GEO-GSE196965,GEO-GSM5905888,3002
GEO-GSE200997,GEO-GSM6048346,1694
GEO-GSE200997,GEO-GSM6048347,1677
GEO-GSE200997,GEO-GSM6048348,1186
GEO-GSE200997,GEO-GSM6048349,1589
GEO-GSE200997,GEO-GSM6048350,173
GEO-GSE200997,GEO-GSM6048351,1693
GEO-GSE200997,GEO-GSM6048352,1499
GEO-GSE200997,GEO-GSM6048353,995
GEO-GSE200997,GEO-GSM6048354,1648
GEO-GSE200997,GEO-GSM6048355,699
GEO-GSE200997,GEO-GSM6048356,2866
GEO-GSE200997,GEO-GSM6048357,4047
GEO-GSE200997,GEO-GSM6048358,2654
GEO-GSE200997,GEO-GSM6048359,4075
GEO-GSE200997,GEO-GSM6048360,3678
GEO-GSE200997,GEO-GSM6048361,1381
GEO-GSE200997,GEO-GSM6048362,2675
GEO-GSE200997,GEO-GSM6048363,717
GEO-GSE200997,GEO-GSM6048364,1574
GEO-GSE200997,GEO-GSM6048365,2837
GEO-GSE200997,GEO-GSM6048366,4645
GEO-GSE200997,GEO-GSM6048367,4768
GEO-GSE200997,GEO-GSM6048368,1035
GEO-GSE201348,GEO-GSM6061645,1651
GEO-GSE201348,GEO-GSM6061646,3842
GEO-GSE201348,GEO-GSM6061647,2396
GEO-GSE201348,GEO-GSM6061648,2969
GEO-GSE201348,GEO-GSM6061649,4656
GEO-GSE201348,GEO-GSM6061650,2713
GEO-GSE201348,GEO-GSM6061651,3285
GEO-GSE201348,GEO-GSM6061652,1271
GEO-GSE201348,GEO-GSM6061653,3054
GEO-GSE201348,GEO-GSM6061654,2213
GEO-GSE201348,GEO-GSM6061655,3582
GEO-GSE201348,GEO-GSM6061656,6743
GEO-GSE201348,GEO-GSM6061657,7892
GEO-GSE201348,GEO-GSM6061658,14641
GEO-GSE201348,GEO-GSM6061659,2678
GEO-GSE201348,GEO-GSM6061660,4490
GEO-GSE201348,GEO-GSM6061661,1579
GEO-GSE201348,GEO-GSM6061662,7607
GEO-GSE201348,GEO-GSM6061663,67799
GEO-GSE201348,GEO-GSM6061664,9591
GEO-GSE201348,GEO-GSM6061665,2243
GEO-GSE201348,GEO-GSM6061666,7095
GEO-GSE201348,GEO-GSM6061667,6455
GEO-GSE201348,GEO-GSM6061668,3535
GEO-GSE201348,GEO-GSM6061669,6559
GEO-GSE201348,GEO-GSM6061670,4547
GEO-GSE201348,GEO-GSM6061671,5119
GEO-GSE201348,GEO-GSM6061672,5360
GEO-GSE201348,GEO-GSM6061673,4091
GEO-GSE201348,GEO-GSM6061674,489
GEO-GSE201348,GEO-GSM6061675,226
GEO-GSE201348,GEO-GSM6061676,3260
GEO-GSE201348,GEO-GSM6061677,3268
GEO-GSE201348,GEO-GSM6061678,4015
GEO-GSE201348,GEO-GSM6061679,4677
GEO-GSE201348,GEO-GSM6061680,4434
GEO-GSE201348,GEO-GSM6061681,2499
GEO-GSE201348,GEO-GSM6061682,2497
GEO-GSE201348,GEO-GSM6061683,5529
GEO-GSE201348,GEO-GSM6061684,3713
GEO-GSE201348,GEO-GSM6061685,3234
GEO-GSE201348,GEO-GSM6061686,1136
GEO-GSE201348,GEO-GSM6061687,6554
GEO-GSE201348,GEO-GSM6061688,5571
GEO-GSE201348,GEO-GSM6061689,4485
GEO-GSE201348,GEO-GSM6061690,1038
GEO-GSE201348,GEO-GSM6061691,4680
GEO-GSE201348,GEO-GSM6061692,5536
GEO-GSE201348,GEO-GSM6061693,3729
GEO-GSE201348,GEO-GSM6061694,2234
GEO-GSE201348,GEO-GSM6061695,1519
GEO-GSE201348,GEO-GSM6061696,8614
GEO-GSE201348,GEO-GSM6061697,3277
GEO-GSE201348,GEO-GSM6061698,1179
GEO-GSE201348,GEO-GSM6061699,1592
GEO-GSE201348,GEO-GSM6061700,7050
GEO-GSE201348,GEO-GSM6061701,982
GEO-GSE201348,GEO-GSM6061702,9109
GEO-GSE201348,GEO-GSM6061703,1499
GEO-GSE201348,GEO-GSM6061704,4038
GEO-GSE201348,GEO-GSM6061705,1630
GEO-GSE201348,GEO-GSM6061706,4818
GEO-GSE201348,GEO-GSM6061707,7458
GEO-GSE201348,GEO-GSM6061708,174
GEO-GSE201348,GEO-GSM6061709,4379
GEO-GSE201348,GEO-GSM6061710,2193
GEO-GSE201348,GEO-GSM6061711,2692
GEO-GSE201348,GEO-GSM6061712,3145
GEO-GSE201348,GEO-GSM6061713,3532
GEO-GSE201348,GEO-GSM6061714,5322
GEO-GSE201348,GEO-GSM6061715,13214
GEO-GSE201348,GEO-GSM6061716,5189
GEO-GSE155900,GEO-GSM4715429,6731
GEO-GSE155900,GEO-GSM4715430,6247
GEO-GSE155900,GEO-GSM4715431,2422
GEO-GSE155900,GEO-GSM4715432,2278
GEO-GSE155900,GEO-GSM4715433,19725
GEO-GSE155900,GEO-GSM4715434,4083
GEO-GSE155900,GEO-GSM4715435,14294
GEO-GSE155900,GEO-GSM4715436,12644
GEO-GSE155900,GEO-GSM4715437,15639
GEO-GSE155900,GEO-GSM4715438,8242
GEO-GSE128169,GEO-GSM3666096,3768
GEO-GSE128169,GEO-GSM3666097,4974
GEO-GSE128169,GEO-GSM3666098,3542
GEO-GSE128169,GEO-GSM3666099,5037
GEO-GSE128169,GEO-GSM3666100,7885
GEO-GSE128169,GEO-GSM3666101,4723
GEO-GSE128169,GEO-GSM3666102,4882
GEO-GSE128169,GEO-GSM3666103,3763
GEO-GSE128169,GEO-GSM3666104,4723
GEO-GSE128169,GEO-GSM3666105,6348
GEO-GSE128169,GEO-GSM3666106,7252
GEO-GSE128169,GEO-GSM3666107,5358
GEO-GSE128169,GEO-GSM3666108,5821
GEO-GSE128169,GEO-GSM3909673,11753
GEO-GSE128169,GEO-GSM3909674,18209
GEO-GSE128169,GEO-GSM3909675,48481
GEO-GSE123904,GEO-GSM3516662,303
GEO-GSE123904,GEO-GSM3516663,4487
GEO-GSE123904,GEO-GSM3516664,1204
GEO-GSE123904,GEO-GSM3516665,3244
GEO-GSE123904,GEO-GSM3516666,2859
GEO-GSE123904,GEO-GSM3516667,3978
GEO-GSE123904,GEO-GSM3516668,2731
GEO-GSE123904,GEO-GSM3516669,1603
GEO-GSE123904,GEO-GSM3516670,762
GEO-GSE123904,GEO-GSM3516671,1229
GEO-GSE123904,GEO-GSM3516672,3836
GEO-GSE123904,GEO-GSM3516673,3801
GEO-GSE123904,GEO-GSM3516674,335
GEO-GSE123904,GEO-GSM3516675,2470
GEO-GSE123904,GEO-GSM3516676,3090
GEO-GSE123904,GEO-GSM3516677,2566
GEO-GSE123904,GEO-GSM3516678,679
GEO-GSE159354,GEO-GSM4827158,1672
GEO-GSE159354,GEO-GSM4827159,7337
GEO-GSE159354,GEO-GSM4827160,4762
GEO-GSE159354,GEO-GSM4827161,5470
GEO-GSE159354,GEO-GSM4827162,3259
GEO-GSE159354,GEO-GSM4827163,4636
GEO-GSE159354,GEO-GSM4827164,2209
GEO-GSE159354,GEO-GSM4827165,3774
GEO-GSE159354,GEO-GSM4827166,2428
GEO-GSE159354,GEO-GSM4827167,1718
GEO-GSE159354,GEO-GSM4827168,6646
GEO-GSE159354,GEO-GSM4827169,4701
GEO-GSE159354,GEO-GSM4827170,4976
GEO-GSE159354,GEO-GSM4827171,5844
GEO-GSE159354,GEO-GSM4827172,3297
GEO-GSE159354,GEO-GSM4827173,5048
GEO-GSE159354,GEO-GSM4827174,3777
GEO-GSE159354,GEO-GSM4827175,3955
GEO-GSE159354,GEO-GSM4827176,4121
GEO-GSE159354,GEO-GSM4827177,4213
GEO-GSE159354,GEO-GSM4827178,5303
GEO-GSE159354,GEO-GSM4827179,3945
GEO-GSE159354,GEO-GSM4827180,5858
GEO-GSE159354,GEO-GSM4827181,1547
GEO-GSE159354,GEO-GSM4827182,5983
GEO-GSE159354,GEO-GSM4827183,2906
GEO-GSE159354,GEO-GSM4827184,3792
GEO-GSE159354,GEO-GSM4827185,5027
GEO-GSE159354,GEO-GSM4827186,899
GEO-GSE159354,GEO-GSM4827187,4413
GEO-GSE159354,GEO-GSM4827188,3957
GEO-GSE159354,GEO-GSM4827189,2465
GEO-GSE159354,GEO-GSM4827190,2700
GEO-GSE159354,GEO-GSM4827191,3611
GEO-GSE159354,GEO-GSM4827192,5981
GEO-GSE159354,GEO-GSM4827193,5831
GEO-GSE159354,GEO-GSM4827194,3542
GEO-GSE159354,GEO-GSM4827195,3534
GEO-GSE159354,GEO-GSM4827196,2028
GEO-GSE159354,GEO-GSM4827197,2908
GEO-GSE159354,GEO-GSM4827198,1951
GEO-GSE159354,GEO-GSM4827199,1166
GEO-GSE159354,GEO-GSM4827200,2975
GEO-GSE159354,GEO-GSM4827201,3298
GEO-GSE159354,GEO-GSM4827202,4634
GEO-GSE159354,GEO-GSM4827203,1354
GEO-GSE159354,GEO-GSM4827204,4362
GEO-GSE159354,GEO-GSM4827205,3587
GEO-GSE196341,GEO-GSM5873135,8059
GEO-GSE196341,GEO-GSM5873136,2458
GEO-GSE196341,GEO-GSM5873137,9730
GEO-GSE196341,GEO-GSM5873138,1036
GEO-GSE196341,GEO-GSM5873139,3233
GEO-GSE196341,GEO-GSM5873140,10588
GEO-GSE196341,GEO-GSM5873141,5935
GEO-GSE196341,GEO-GSM5873142,51130
GEO-GSE196341,GEO-GSM5873143,6049
GEO-GSE196341,GEO-GSM5873144,981
GEO-GSE196341,GEO-GSM5873145,6821
GEO-GSE196341,GEO-GSM5873146,6909
GEO-GSE168191,GEO-GSM5133588,10274
GEO-GSE168191,GEO-GSM5133589,10505
GEO-GSE168191,GEO-GSM5133590,10668
GEO-GSE168191,GEO-GSM5133591,10676
GEO-GSE168191,GEO-GSM5133592,12237
GEO-GSE168191,GEO-GSM5133593,9279
GEO-GSE168191,GEO-GSM5133594,9660
GEO-GSE168191,GEO-GSM5133595,9805
GEO-GSE168191,GEO-GSM5133596,8983
GEO-GSE168191,GEO-GSM5133597,5417
GEO-GSE168191,GEO-GSM5133598,5184
GEO-GSE168191,GEO-GSM5133599,7862
GEO-GSE168191,GEO-GSM5133600,7420
GEO-GSE168191,GEO-GSM5133601,4343
GEO-GSE168191,GEO-GSM5133602,4219
GEO-GSE168191,GEO-GSM5133603,8349
GEO-GSE168191,GEO-GSM5133604,14194
GEO-GSE168191,GEO-GSM5133605,5652
GEO-GSE168191,GEO-GSM5133606,5696
GEO-GSE149655,GEO-GSM4506698,4339
GEO-GSE149655,GEO-GSM4506699,2700
GEO-GSE149655,GEO-GSM4506700,2487
GEO-GSE149655,GEO-GSM4506701,3244
GEO-GSE136831,GEO-GSM4058900,8566
GEO-GSE136831,GEO-GSM4058901,4595
GEO-GSE136831,GEO-GSM4058902,706
GEO-GSE136831,GEO-GSM4058903,4823
GEO-GSE136831,GEO-GSM4058904,10736
GEO-GSE136831,GEO-GSM4058905,166
GEO-GSE136831,GEO-GSM4058906,9240
GEO-GSE136831,GEO-GSM4058907,2622
GEO-GSE136831,GEO-GSM4058908,1268
GEO-GSE136831,GEO-GSM4058909,3303
GEO-GSE136831,GEO-GSM4058910,2049
GEO-GSE136831,GEO-GSM4058911,10110
GEO-GSE136831,GEO-GSM4058912,4541
GEO-GSE136831,GEO-GSM4058913,4319
GEO-GSE136831,GEO-GSM4058914,11732
GEO-GSE136831,GEO-GSM4058915,1883
GEO-GSE136831,GEO-GSM4058916,2287
GEO-GSE136831,GEO-GSM4058917,18766
GEO-GSE136831,GEO-GSM4058918,2166
GEO-GSE136831,GEO-GSM4058919,1862
GEO-GSE136831,GEO-GSM4058920,700
GEO-GSE136831,GEO-GSM4058921,3460
GEO-GSE136831,GEO-GSM4058922,1163
GEO-GSE136831,GEO-GSM4058923,945
GEO-GSE136831,GEO-GSM4058924,1110
GEO-GSE136831,GEO-GSM4058925,982
GEO-GSE136831,GEO-GSM4058926,5654
GEO-GSE136831,GEO-GSM4058927,477
GEO-GSE136831,GEO-GSM4058928,9751
GEO-GSE136831,GEO-GSM4058929,3273
GEO-GSE136831,GEO-GSM4058930,8879
GEO-GSE136831,GEO-GSM4058931,6514
GEO-GSE136831,GEO-GSM4058932,3586
GEO-GSE136831,GEO-GSM4058933,12511
GEO-GSE136831,GEO-GSM4058934,6802
GEO-GSE136831,GEO-GSM4058935,2944
GEO-GSE136831,GEO-GSM4058936,3165
GEO-GSE136831,GEO-GSM4058937,2573
GEO-GSE136831,GEO-GSM4058938,1850
GEO-GSE136831,GEO-GSM4058939,4176
GEO-GSE136831,GEO-GSM4058940,3566
GEO-GSE136831,GEO-GSM4058941,1959
GEO-GSE136831,GEO-GSM4058942,11291
GEO-GSE136831,GEO-GSM4058943,3482
GEO-GSE136831,GEO-GSM4058944,4382
GEO-GSE136831,GEO-GSM4058945,60
GEO-GSE136831,GEO-GSM4058946,2763
GEO-GSE136831,GEO-GSM4058947,6368
GEO-GSE136831,GEO-GSM4058948,7098
GEO-GSE136831,GEO-GSM4058949,4886
GEO-GSE136831,GEO-GSM4058950,13560
GEO-GSE136831,GEO-GSM4058951,5442
GEO-GSE136831,GEO-GSM4058952,5876
GEO-GSE136831,GEO-GSM4058953,4524
GEO-GSE136831,GEO-GSM4058954,4592
GEO-GSE136831,GEO-GSM4058955,4496
GEO-GSE136831,GEO-GSM4058956,957
GEO-GSE136831,GEO-GSM4058957,5330
GEO-GSE136831,GEO-GSM4058958,8641
GEO-GSE136831,GEO-GSM4058959,12085
GEO-GSE136831,GEO-GSM4058960,3215
GEO-GSE136831,GEO-GSM4058961,1263
GEO-GSE136831,GEO-GSM4058962,11229
GEO-GSE136831,GEO-GSM4058963,3239
GEO-GSE136831,GEO-GSM4058964,4867
GEO-GSE136831,GEO-GSM4058965,3122
GEO-GSE136831,GEO-GSM4058966,4842
GEO-GSE136831,GEO-GSM4058967,3670
GEO-GSE136831,GEO-GSM4058968,8676
GEO-GSE136831,GEO-GSM4058969,2463
GEO-GSE136831,GEO-GSM4058970,4624
GEO-GSE136831,GEO-GSM4058971,5906
GEO-GSE136831,GEO-GSM4058972,1167
GEO-GSE136831,GEO-GSM4058973,3292
GEO-GSE136831,GEO-GSM4058974,4279
GEO-GSE136831,GEO-GSM4058975,1851
GEO-GSE136831,GEO-GSM4058976,6518
GEO-GSE136831,GEO-GSM4058977,6562
GEO-GSE163919,GEO-GSM4990704,19399
GEO-GSE158127,GEO-GSM4792459,8673
GEO-GSE158127,GEO-GSM4792460,7195
GEO-GSE158127,GEO-GSM4792461,6539
GEO-GSE158127,GEO-GSM4792462,4797
GEO-GSE158127,GEO-GSM4792463,7222
GEO-GSE158127,GEO-GSM4792464,600
GEO-GSE178362,GEO-GSM5388411,18486
GEO-GSE178362,GEO-GSM5388412,16481
GEO-GSE178362,GEO-GSM5388413,13863
GEO-GSE158055,GEO-GSM4787512,239
GEO-GSE158055,GEO-GSM4787513,2944
GEO-GSE158055,GEO-GSM4787514,2101
GEO-GSE158055,GEO-GSM4787507,637
GEO-GSE158055,GEO-GSM4787508,155
GEO-GSE158055,GEO-GSM4787509,5328
GEO-GSE158055,GEO-GSM4787515,425
GEO-GSE158055,GEO-GSM4787516,949
GEO-GSE158055,GEO-GSM4787517,57
GEO-GSE158055,GEO-GSM4787518,309
GEO-GSE158055,GEO-GSM4787519,243
GEO-GSE158055,GEO-GSM4787383,1024
GEO-GSE158055,GEO-GSM4787384,356
GEO-GSE158055,GEO-GSM4787370,5700
GEO-GSE158055,GEO-GSM4787368,5993
GEO-GSE158055,GEO-GSM4787375,5693
GEO-GSE158055,GEO-GSM4787371,5685
GEO-GSE158055,GEO-GSM4787369,6356
GEO-GSE158055,GEO-GSM4787492,5763
GEO-GSE158055,GEO-GSM4787494,5851
GEO-GSE158055,GEO-GSM4787366,4569
GEO-GSE158055,GEO-GSM4787364,4743
GEO-GSE158055,GEO-GSM4787376,4790
GEO-GSE158055,GEO-GSM4787373,4235
GEO-GSE158055,GEO-GSM4787374,4172
GEO-GSE158055,GEO-GSM4787493,5103
GEO-GSE158055,GEO-GSM4787495,4544
GEO-GSE158055,GEO-GSM4787372,5407
GEO-GSE158055,GEO-GSM4787365,5253
GEO-GSE158055,GEO-GSM4787367,6436
GEO-GSE158055,GEO-GSM4787555,3673
GEO-GSE158055,GEO-GSM4787556,4380
GEO-GSE158055,GEO-GSM4787557,5138
GEO-GSE158055,GEO-GSM4787558,3832
GEO-GSE158055,GEO-GSM4787559,5035
GEO-GSE158055,GEO-GSM4787382,4117
GEO-GSE158055,GEO-GSM4787380,6187
GEO-GSE158055,GEO-GSM4787505,5592
GEO-GSE158055,GEO-GSM4787503,8129
GEO-GSE158055,GEO-GSM4787378,5096
GEO-GSE158055,GEO-GSM4787560,10477
GEO-GSE158055,GEO-GSM4787561,8393
GEO-GSE158055,GEO-GSM4787562,10772
GEO-GSE158055,GEO-GSM4787563,6974
GEO-GSE158055,GEO-GSM4787564,10067
GEO-GSE158055,GEO-GSM4787502,2579
GEO-GSE158055,GEO-GSM4787381,6261
GEO-GSE158055,GEO-GSM4787379,4987
GEO-GSE158055,GEO-GSM4787506,5298
GEO-GSE158055,GEO-GSM4787504,6485
GEO-GSE158055,GEO-GSM4787496,544
GEO-GSE158055,GEO-GSM4787497,3772
GEO-GSE158055,GEO-GSM4787498,4954
GEO-GSE158055,GEO-GSM4787377,3821
GEO-GSE158055,GEO-GSM4787499,2863
GEO-GSE158055,GEO-GSM4787500,2884
GEO-GSE158055,GEO-GSM4787501,3170
GEO-GSE158055,GEO-GSM4787408,3055
GEO-GSE158055,GEO-GSM4787409,7920
GEO-GSE158055,GEO-GSM4787565,2530
GEO-GSE158055,GEO-GSM4787566,3791
GEO-GSE158055,GEO-GSM4787520,2427
GEO-GSE158055,GEO-GSM4787521,890
GEO-GSE158055,GEO-GSM4787522,1776
GEO-GSE158055,GEO-GSM4787523,2009
GEO-GSE158055,GEO-GSM4787410,274
GEO-GSE158055,GEO-GSM4787411,1924
GEO-GSE158055,GEO-GSM4787385,3323
GEO-GSE158055,GEO-GSM4787386,1881
GEO-GSE158055,GEO-GSM4787412,1700
GEO-GSE158055,GEO-GSM4787413,2585
GEO-GSE158055,GEO-GSM4787567,2875
GEO-GSE158055,GEO-GSM4787568,2436
GEO-GSE158055,GEO-GSM4787387,3629
GEO-GSE158055,GEO-GSM4787388,4006
GEO-GSE158055,GEO-GSM4787389,2039
GEO-GSE158055,GEO-GSM4787390,2500
GEO-GSE158055,GEO-GSM4787524,1702
GEO-GSE158055,GEO-GSM4787525,495
GEO-GSE158055,GEO-GSM4787526,3334
GEO-GSE158055,GEO-GSM4787527,2113
GEO-GSE158055,GEO-GSM4787569,3249
GEO-GSE158055,GEO-GSM4787570,4000
GEO-GSE158055,GEO-GSM4787468,1466
GEO-GSE158055,GEO-GSM4787469,1200
GEO-GSE158055,GEO-GSM4787470,2035
GEO-GSE158055,GEO-GSM4787471,2456
GEO-GSE158055,GEO-GSM4787472,1451
GEO-GSE158055,GEO-GSM4787473,1049
GEO-GSE158055,GEO-GSM4787474,2690
GEO-GSE158055,GEO-GSM4787391,8989
GEO-GSE158055,GEO-GSM4787392,979
GEO-GSE158055,GEO-GSM4787393,9245
GEO-GSE158055,GEO-GSM4787394,9958
GEO-GSE158055,GEO-GSM4787395,2115
GEO-GSE158055,GEO-GSM4787401,3032
GEO-GSE158055,GEO-GSM4787403,2910
GEO-GSE158055,GEO-GSM4787538,15767
GEO-GSE158055,GEO-GSM4787404,315
GEO-GSE158055,GEO-GSM4787536,12689
GEO-GSE158055,GEO-GSM4787540,988
GEO-GSE158055,GEO-GSM4787542,1629
GEO-GSE158055,GEO-GSM4787544,1934
GEO-GSE158055,GEO-GSM4787546,2309
GEO-GSE158055,GEO-GSM4787510,1246
GEO-GSE158055,GEO-GSM4787547,3511
GEO-GSE158055,GEO-GSM4787511,9654
GEO-GSE158055,GEO-GSM4787405,11709
GEO-GSE158055,GEO-GSM4787402,9882
GEO-GSE158055,GEO-GSM4787543,10526
GEO-GSE158055,GEO-GSM4787537,12592
GEO-GSE158055,GEO-GSM4787545,12007
GEO-GSE158055,GEO-GSM4787541,7839
GEO-GSE158055,GEO-GSM4787539,12858
GEO-GSE158055,GEO-GSM4787406,6013
GEO-GSE158055,GEO-GSM4787407,8596
GEO-GSE158055,GEO-GSM4787350,8001
GEO-GSE158055,GEO-GSM4787548,8767
GEO-GSE158055,GEO-GSM4787549,10553
GEO-GSE158055,GEO-GSM4787455,6593
GEO-GSE158055,GEO-GSM4787457,8525
GEO-GSE158055,GEO-GSM4787328,2533
GEO-GSE158055,GEO-GSM4787329,8977
GEO-GSE158055,GEO-GSM4787330,8962
GEO-GSE158055,GEO-GSM4787331,7112
GEO-GSE158055,GEO-GSM4787454,3088
GEO-GSE158055,GEO-GSM4787456,3634
GEO-GSE158055,GEO-GSM4787458,6078
GEO-GSE158055,GEO-GSM4787467,3648
GEO-GSE158055,GEO-GSM4787340,3404
GEO-GSE158055,GEO-GSM4787466,4628
GEO-GSE158055,GEO-GSM4787550,4937
GEO-GSE158055,GEO-GSM4787551,6008
GEO-GSE158055,GEO-GSM4787345,2813
GEO-GSE158055,GEO-GSM4787346,3577
GEO-GSE158055,GEO-GSM4787344,4512
GEO-GSE158055,GEO-GSM4787341,3924
GEO-GSE158055,GEO-GSM4787463,921
GEO-GSE158055,GEO-GSM4787464,160
GEO-GSE158055,GEO-GSM4787465,3147
GEO-GSE158055,GEO-GSM4787342,3459
GEO-GSE158055,GEO-GSM4787343,3030
GEO-GSE158055,GEO-GSM4787298,6791
GEO-GSE158055,GEO-GSM4787299,11287
GEO-GSE158055,GEO-GSM4787300,8206
GEO-GSE158055,GEO-GSM4787449,5108
GEO-GSE158055,GEO-GSM4787450,4380
GEO-GSE158055,GEO-GSM4787451,6718
GEO-GSE158055,GEO-GSM4787452,6298
GEO-GSE158055,GEO-GSM4787453,6904
GEO-GSE158055,GEO-GSM4787320,5860
GEO-GSE158055,GEO-GSM4787321,5111
GEO-GSE158055,GEO-GSM4787322,2893
GEO-GSE158055,GEO-GSM4787323,5775
GEO-GSE158055,GEO-GSM4787324,5915
GEO-GSE158055,GEO-GSM4787325,5805
GEO-GSE158055,GEO-GSM4787314,7593
GEO-GSE158055,GEO-GSM4787315,1430
GEO-GSE158055,GEO-GSM4787326,7906
GEO-GSE158055,GEO-GSM4787327,6765
GEO-GSE158055,GEO-GSM4787304,7364
GEO-GSE158055,GEO-GSM4787305,5391
GEO-GSE158055,GEO-GSM4787301,6859
GEO-GSE158055,GEO-GSM4787302,9225
GEO-GSE158055,GEO-GSM4787303,6855
GEO-GSE158055,GEO-GSM4787436,4320
GEO-GSE158055,GEO-GSM4787437,5492
GEO-GSE158055,GEO-GSM4787438,3359
GEO-GSE158055,GEO-GSM4787439,6161
GEO-GSE158055,GEO-GSM4787440,5221
GEO-GSE158055,GEO-GSM4787441,6737
GEO-GSE158055,GEO-GSM4787442,5699
GEO-GSE158055,GEO-GSM4787443,7038
GEO-GSE158055,GEO-GSM4787306,6208
GEO-GSE158055,GEO-GSM4787307,7169
GEO-GSE158055,GEO-GSM4787308,6340
GEO-GSE158055,GEO-GSM4787309,3584
GEO-GSE158055,GEO-GSM4787310,5841
GEO-GSE158055,GEO-GSM4787311,2621
GEO-GSE158055,GEO-GSM4787312,6128
GEO-GSE158055,GEO-GSM4787313,7766
GEO-GSE158055,GEO-GSM4787316,3655
GEO-GSE158055,GEO-GSM4787317,3643
GEO-GSE158055,GEO-GSM4787318,3776
GEO-GSE158055,GEO-GSM4787319,4150
GEO-GSE158055,GEO-GSM4787444,5733
GEO-GSE158055,GEO-GSM4787445,5673
GEO-GSE158055,GEO-GSM4787446,5977
GEO-GSE158055,GEO-GSM4787447,4282
GEO-GSE158055,GEO-GSM4787448,4372
GEO-GSE158055,GEO-GSM4787333,6399
GEO-GSE158055,GEO-GSM4787460,6697
GEO-GSE158055,GEO-GSM4787461,5002
GEO-GSE158055,GEO-GSM4787338,6624
GEO-GSE158055,GEO-GSM4787462,5966
GEO-GSE158055,GEO-GSM4787339,5581
GEO-GSE158055,GEO-GSM4787332,7570
GEO-GSE158055,GEO-GSM4787334,7392
GEO-GSE158055,GEO-GSM4787335,7748
GEO-GSE158055,GEO-GSM4787336,7354
GEO-GSE158055,GEO-GSM4787459,7073
GEO-GSE158055,GEO-GSM4787337,6510
GEO-GSE158055,GEO-GSM4787292,2642
GEO-GSE158055,GEO-GSM4787347,9049
GEO-GSE158055,GEO-GSM4787348,8500
GEO-GSE158055,GEO-GSM4787349,7495
GEO-GSE158055,GEO-GSM4787351,7858
GEO-GSE158055,GEO-GSM4787352,11789
GEO-GSE158055,GEO-GSM4787353,12210
GEO-GSE158055,GEO-GSM4787354,8691
GEO-GSE158055,GEO-GSM4787355,3770
GEO-GSE158055,GEO-GSM4787356,11998
GEO-GSE158055,GEO-GSM4787357,15964
GEO-GSE158055,GEO-GSM4787358,8751
GEO-GSE158055,GEO-GSM4787359,8408
GEO-GSE158055,GEO-GSM4787360,11214
GEO-GSE158055,GEO-GSM4787361,13844
GEO-GSE158055,GEO-GSM4787362,14565
GEO-GSE158055,GEO-GSM4787363,12960
GEO-GSE158055,GEO-GSM4787552,9142
GEO-GSE158055,GEO-GSM4787553,6092
GEO-GSE158055,GEO-GSM4787554,7074
GEO-GSE158055,GEO-GSM4787433,455
GEO-GSE158055,GEO-GSM4787434,1925
GEO-GSE158055,GEO-GSM4787435,3331
GEO-GSE158055,GEO-GSM4787296,1037
GEO-GSE158055,GEO-GSM4787297,684
GEO-GSE158055,GEO-GSM4787416,715
GEO-GSE158055,GEO-GSM4787424,274
GEO-GSE158055,GEO-GSM4787425,248
GEO-GSE158055,GEO-GSM4787427,395
GEO-GSE158055,GEO-GSM4787428,374
GEO-GSE158055,GEO-GSM4787293,424
GEO-GSE158055,GEO-GSM4787294,450
GEO-GSE158055,GEO-GSM4787429,1082
GEO-GSE158055,GEO-GSM4787430,273
GEO-GSE158055,GEO-GSM4787295,586
GEO-GSE158055,GEO-GSM4787417,535
GEO-GSE158055,GEO-GSM4787418,252
GEO-GSE158055,GEO-GSM4787419,447
GEO-GSE158055,GEO-GSM4787420,225
GEO-GSE158055,GEO-GSM4787421,489
GEO-GSE158055,GEO-GSM4787422,71
GEO-GSE158055,GEO-GSM4787423,230
GEO-GSE158055,GEO-GSM4787426,403
GEO-GSE158055,GEO-GSM4787431,579
GEO-GSE158055,GEO-GSM4787432,168
GEO-GSE158055,GEO-GSM4787414,3595
GEO-GSE158055,GEO-GSM4787415,6291
GEO-GSE158055,GEO-GSM4787571,5966
GEO-GSE158055,GEO-GSM4787572,4860
GEO-GSE158055,GEO-GSM4787573,4689
GEO-GSE158055,GEO-GSM4787574,5228
GEO-GSE158055,GEO-GSM4787575,4062
GEO-GSE158055,GEO-GSM4787396,4672
GEO-GSE158055,GEO-GSM4787397,4818
GEO-GSE158055,GEO-GSM4787398,4714
GEO-GSE158055,GEO-GSM4787399,4367
GEO-GSE158055,GEO-GSM4787400,6654
GEO-GSE158055,GEO-GSM4787528,5267
GEO-GSE158055,GEO-GSM4787529,5911
GEO-GSE158055,GEO-GSM4787530,4810
GEO-GSE158055,GEO-GSM4787531,3765
GEO-GSE158055,GEO-GSM4787532,3155
GEO-GSE158055,GEO-GSM4787533,6601
GEO-GSE158055,GEO-GSM4787534,5401
GEO-GSE158055,GEO-GSM4787535,7264
GEO-GSE158055,GEO-GSM4787475,10601
GEO-GSE158055,GEO-GSM4787476,11346
GEO-GSE158055,GEO-GSM4787477,1830
GEO-GSE158055,GEO-GSM4787478,5294
GEO-GSE158055,GEO-GSM4787479,7793
GEO-GSE158055,GEO-GSM4787480,7064
GEO-GSE158055,GEO-GSM4787481,6458
GEO-GSE158055,GEO-GSM4787482,6735
GEO-GSE158055,GEO-GSM4787483,3733
GEO-GSE158055,GEO-GSM4787484,8368
GEO-GSE158055,GEO-GSM4787485,11291
GEO-GSE158055,GEO-GSM4787486,15795
GEO-GSE158055,GEO-GSM4787487,9981
GEO-GSE158055,GEO-GSM4787488,16345
GEO-GSE158055,GEO-GSM4787489,5693
GEO-GSE158055,GEO-GSM4787490,7448
GEO-GSE158055,GEO-GSM4787491,18236
GEO-GSE201333,TSP1_Bladder_10X,11022
GEO-GSE201333,TSP1_Bladder_smartseq2,701
GEO-GSE201333,TSP1_Blood_10X,3662
GEO-GSE201333,TSP1_Blood_smartseq2,261
GEO-GSE201333,TSP1_Lung_10X,12508
GEO-GSE201333,TSP1_Lung_smartseq2,680
GEO-GSE201333,TSP1_Muscle_10X,2512
GEO-GSE201333,TSP1_Muscle_smartseq2,1234
GEO-GSE201333,TSP1_Pancreas_10X,5884
GEO-GSE201333,TSP1_Pancreas_smartseq2,885
GEO-GSE201333,TSP10_Blood_10X,4980
GEO-GSE201333,TSP10_Fat_10X,11942
GEO-GSE201333,TSP10_Fat_smartseq2,605
GEO-GSE201333,TSP10_Skin_10X,5019
GEO-GSE201333,TSP10_Skin_smartseq2,840
GEO-GSE201333,TSP11_Bone_Marrow_10X,1456
GEO-GSE201333,TSP11_Bone_Marrow_smartseq2,1026
GEO-GSE201333,TSP12_Heart_10X,11228
GEO-GSE201333,TSP12_Heart_smartseq2,275
GEO-GSE201333,TSP13_Bone_Marrow_smartseq2,501
GEO-GSE201333,TSP14_Bladder_10X,3066
GEO-GSE201333,TSP14_Blood_10X,9925
GEO-GSE201333,TSP14_Bone_Marrow_10X,5853
GEO-GSE201333,TSP14_Fat_10X,7670
GEO-GSE201333,TSP14_Large_Intestine_10X,11439
GEO-GSE201333,TSP14_Liver_10X,2147
GEO-GSE201333,TSP14_Lung_10X,4350
GEO-GSE201333,TSP14_Lymph_Node_10X,30427
GEO-GSE201333,TSP14_Muscle_10X,8394
GEO-GSE201333,TSP14_Prostate_10X,3281
GEO-GSE201333,TSP14_Salivary_Gland_10X,17762
GEO-GSE201333,TSP14_Skin_10X,3561
GEO-GSE201333,TSP14_Small_Intestine_10X,10457
GEO-GSE201333,TSP14_Spleen_10X,18964
GEO-GSE201333,TSP14_Thymus_10X,21575
GEO-GSE201333,TSP14_Tongue_10X,5417
GEO-GSE201333,TSP14_Vasculature_10X,7389
GEO-GSE201333,TSP15_Eye_10X,5610
GEO-GSE201333,TSP2_Bladder_10X,9334
GEO-GSE201333,TSP2_Bladder_smartseq2,445
GEO-GSE201333,TSP2_Blood_10X,10297
GEO-GSE201333,TSP2_Blood_smartseq2,1072
GEO-GSE201333,TSP2_Bone_Marrow_10X,2698
GEO-GSE201333,TSP2_Bone_Marrow_smartseq2,712
GEO-GSE201333,TSP2_Kidney_10X,9271
GEO-GSE201333,TSP2_Kidney_smartseq2,366
GEO-GSE201333,TSP2_Large_Intestine_10X,1799
GEO-GSE201333,TSP2_Large_Intestine_smartseq2,405
GEO-GSE201333,TSP2_Lung_10X,17233
GEO-GSE201333,TSP2_Lung_smartseq2,885
GEO-GSE201333,TSP2_Lymph_Node_10X,8544
GEO-GSE201333,TSP2_Lymph_Node_smartseq2,1216
GEO-GSE201333,TSP2_Muscle_10X,14797
GEO-GSE201333,TSP2_Muscle_smartseq2,1527
GEO-GSE201333,TSP2_Small_Intestine_10X,1403
GEO-GSE201333,TSP2_Small_Intestine_smartseq2,576
GEO-GSE201333,TSP2_Spleen_10X,6698
GEO-GSE201333,TSP2_Spleen_smartseq2,964
GEO-GSE201333,TSP2_Thymus_10X,11487
GEO-GSE201333,TSP2_Thymus_smartseq2,598
GEO-GSE201333,TSP2_Trachea_10X,4285
GEO-GSE201333,TSP2_Trachea_smartseq2,119
GEO-GSE201333,TSP2_Vasculature_10X,7801
GEO-GSE201333,TSP2_Vasculature_smartseq2,838
GEO-GSE201333,TSP3_Eye_10X,2163
GEO-GSE201333,TSP3_Eye_smartseq2,269
GEO-GSE201333,TSP4_Mammary_10X,10795
GEO-GSE201333,TSP4_Mammary_smartseq2,560
GEO-GSE201333,TSP4_Muscle_smartseq2,2184
GEO-GSE201333,TSP4_Tongue_smartseq2,160
GEO-GSE201333,TSP4_Uterus_10X,6838
GEO-GSE201333,TSP4_Uterus_smartseq2,285
GEO-GSE201333,TSP5_Eye_10X,2457
GEO-GSE201333,TSP5_Eye_smartseq2,126
GEO-GSE201333,TSP6_Liver_10X,2647
GEO-GSE201333,TSP6_Liver_smartseq2,209
GEO-GSE201333,TSP6_Trachea_10X,4762
GEO-GSE201333,TSP6_Trachea_smartseq2,346
GEO-GSE201333,TSP7_Blood_10X,17032
GEO-GSE201333,TSP7_Blood_smartseq2,552
GEO-GSE201333,TSP7_Lymph_Node_10X,11919
GEO-GSE201333,TSP7_Lymph_Node_smartseq2,1154
GEO-GSE201333,TSP7_Salivary_Gland_10X,8605
GEO-GSE201333,TSP7_Salivary_Gland_smartseq2,803
GEO-GSE201333,TSP7_Spleen_10X,6193
GEO-GSE201333,TSP7_Spleen_smartseq2,1165
GEO-GSE201333,TSP7_Tongue_10X,8212
GEO-GSE201333,TSP7_Tongue_smartseq2,1172
GEO-GSE201333,TSP8_Blood_10X,1974
GEO-GSE201333,TSP8_Prostate_10X,12460
GEO-GSE201333,TSP8_Prostate_smartseq2,627
GEO-GSE201333,TSP9_Pancreas_10X,6616
GEO-GSE201333,TSP9_Pancreas_smartseq2,81
EGAS00001005376,EGAS00001005376-donor_1-3hCA-v2,1338
EGAS00001005376,EGAS00001005376-donor_1-3hPA-v2,1121
EGAS00001005376,EGAS00001005376-donor_1-24hPA-v2,1423
EGAS00001005376,EGAS00001005376-donor_1-24hCA-v2,1068
EGAS00001005376,EGAS00001005376-donor_1-UT-v2,529
EGAS00001005376,EGAS00001005376-donor_1-3hMTB-v2,487
EGAS00001005376,EGAS00001005376-donor_1-24hMTB-v2,1235
EGAS00001005376,EGAS00001005376-donor_12-3hCA-v2,725
EGAS00001005376,EGAS00001005376-donor_12-3hPA-v2,1517
EGAS00001005376,EGAS00001005376-donor_12-24hPA-v2,2113
EGAS00001005376,EGAS00001005376-donor_12-24hCA-v2,981
EGAS00001005376,EGAS00001005376-donor_12-UT-v2,1496
EGAS00001005376,EGAS00001005376-donor_12-3hMTB-v2,1209
EGAS00001005376,EGAS00001005376-donor_12-24hMTB-v2,2286
EGAS00001005376,EGAS00001005376-donor_8-3hCA-v2,573
EGAS00001005376,EGAS00001005376-donor_8-3hPA-v2,1728
EGAS00001005376,EGAS00001005376-donor_8-24hPA-v2,1107
EGAS00001005376,EGAS00001005376-donor_8-24hCA-v2,893
EGAS00001005376,EGAS00001005376-donor_8-UT-v2,921
EGAS00001005376,EGAS00001005376-donor_8-3hMTB-v2,852
EGAS00001005376,EGAS00001005376-donor_8-24hMTB-v2,865
EGAS00001005376,EGAS00001005376-donor_11-3hCA-v2,677
EGAS00001005376,EGAS00001005376-donor_11-3hPA-v2,1389
EGAS00001005376,EGAS00001005376-donor_11-24hPA-v2,1142
EGAS00001005376,EGAS00001005376-donor_11-24hCA-v2,1227
EGAS00001005376,EGAS00001005376-donor_11-UT-v2,1503
EGAS00001005376,EGAS00001005376-donor_11-3hMTB-v2,1127
EGAS00001005376,EGAS00001005376-donor_11-24hMTB-v2,1255
EGAS00001005376,EGAS00001005376-donor_4-3hCA-v2,921
EGAS00001005376,EGAS00001005376-donor_4-3hPA-v2,665
EGAS00001005376,EGAS00001005376-donor_4-24hPA-v2,939
EGAS00001005376,EGAS00001005376-donor_4-24hCA-v2,1686
EGAS00001005376,EGAS00001005376-donor_4-UT-v2,764
EGAS00001005376,EGAS00001005376-donor_4-3hMTB-v2,787
EGAS00001005376,EGAS00001005376-donor_4-24hMTB-v2,1551
EGAS00001005376,EGAS00001005376-donor_9-3hCA-v2,1041
EGAS00001005376,EGAS00001005376-donor_9-3hPA-v2,1279
EGAS00001005376,EGAS00001005376-donor_9-24hPA-v2,1348
EGAS00001005376,EGAS00001005376-donor_9-24hCA-v2,973
EGAS00001005376,EGAS00001005376-donor_9-UT-v2,1504
EGAS00001005376,EGAS00001005376-donor_9-3hMTB-v2,231
EGAS00001005376,EGAS00001005376-donor_9-24hMTB-v2,1308
EGAS00001005376,EGAS00001005376-donor_2-3hCA-v2,1517
EGAS00001005376,EGAS00001005376-donor_2-3hPA-v2,798
EGAS00001005376,EGAS00001005376-donor_2-24hPA-v2,1304
EGAS00001005376,EGAS00001005376-donor_2-24hCA-v2,1366
EGAS00001005376,EGAS00001005376-donor_2-UT-v2,827
EGAS00001005376,EGAS00001005376-donor_2-3hMTB-v2,741
EGAS00001005376,EGAS00001005376-donor_2-24hMTB-v2,1016
EGAS00001005376,EGAS00001005376-donor_3-3hCA-v2,1084
EGAS00001005376,EGAS00001005376-donor_3-3hPA-v2,6271
EGAS00001005376,EGAS00001005376-donor_3-24hPA-v2,1253
EGAS00001005376,EGAS00001005376-donor_3-24hCA-v2,1595
EGAS00001005376,EGAS00001005376-donor_3-UT-v2,1241
EGAS00001005376,EGAS00001005376-donor_3-3hMTB-v2,1440
EGAS00001005376,EGAS00001005376-donor_3-24hMTB-v2,1642
EGAS00001005376,EGAS00001005376-donor_15-3hCA-v2,2016
EGAS00001005376,EGAS00001005376-donor_15-3hPA-v2,1087
EGAS00001005376,EGAS00001005376-donor_15-24hPA-v2,808
EGAS00001005376,EGAS00001005376-donor_15-24hCA-v2,781
EGAS00001005376,EGAS00001005376-donor_15-UT-v2,1784
EGAS00001005376,EGAS00001005376-donor_15-3hMTB-v2,1029
EGAS00001005376,EGAS00001005376-donor_15-24hMTB-v2,998
EGAS00001005376,EGAS00001005376-donor_16-3hCA-v2,987
EGAS00001005376,EGAS00001005376-donor_16-3hPA-v2,1641
EGAS00001005376,EGAS00001005376-donor_16-24hPA-v2,825
EGAS00001005376,EGAS00001005376-donor_16-24hCA-v2,1595
EGAS00001005376,EGAS00001005376-donor_16-UT-v2,947
EGAS00001005376,EGAS00001005376-donor_16-3hMTB-v2,1650
EGAS00001005376,EGAS00001005376-donor_16-24hMTB-v2,1169
EGAS00001005376,EGAS00001005376-donor_13-3hCA-v2,1046
EGAS00001005376,EGAS00001005376-donor_13-3hPA-v2,1204
EGAS00001005376,EGAS00001005376-donor_13-24hPA-v2,907
EGAS00001005376,EGAS00001005376-donor_13-24hCA-v2,2193
EGAS00001005376,EGAS00001005376-donor_13-UT-v2,1127
EGAS00001005376,EGAS00001005376-donor_13-3hMTB-v2,657
EGAS00001005376,EGAS00001005376-donor_13-24hMTB-v2,891
EGAS00001005376,EGAS00001005376-donor_14-3hCA-v2,731
EGAS00001005376,EGAS00001005376-donor_14-3hPA-v2,902
EGAS00001005376,EGAS00001005376-donor_14-24hPA-v2,969
EGAS00001005376,EGAS00001005376-donor_14-24hCA-v2,1371
EGAS00001005376,EGAS00001005376-donor_14-UT-v2,826
EGAS00001005376,EGAS00001005376-donor_14-3hMTB-v2,960
EGAS00001005376,EGAS00001005376-donor_14-24hMTB-v2,868
EGAS00001005376,EGAS00001005376-donor_22-3hCA-v2,474
EGAS00001005376,EGAS00001005376-donor_22-3hPA-v2,1482
EGAS00001005376,EGAS00001005376-donor_22-24hPA-v2,1424
EGAS00001005376,EGAS00001005376-donor_22-24hCA-v2,1298
EGAS00001005376,EGAS00001005376-donor_22-UT-v2,1546
EGAS00001005376,EGAS00001005376-donor_22-3hMTB-v2,1123
EGAS00001005376,EGAS00001005376-donor_22-24hMTB-v2,1984
EGAS00001005376,EGAS00001005376-donor_17-3hCA-v2,1912
EGAS00001005376,EGAS00001005376-donor_17-3hPA-v2,1227
EGAS00001005376,EGAS00001005376-donor_17-24hPA-v2,1129
EGAS00001005376,EGAS00001005376-donor_17-24hCA-v2,831
EGAS00001005376,EGAS00001005376-donor_17-UT-v2,1159
EGAS00001005376,EGAS00001005376-donor_17-3hMTB-v2,982
EGAS00001005376,EGAS00001005376-donor_17-24hMTB-v2,940
EGAS00001005376,EGAS00001005376-donor_20-3hCA-v2,1265
EGAS00001005376,EGAS00001005376-donor_20-3hPA-v2,792
EGAS00001005376,EGAS00001005376-donor_20-24hPA-v2,1148
EGAS00001005376,EGAS00001005376-donor_20-24hCA-v2,1353
EGAS00001005376,EGAS00001005376-donor_20-UT-v2,1102
EGAS00001005376,EGAS00001005376-donor_20-3hMTB-v2,1803
EGAS00001005376,EGAS00001005376-donor_20-24hMTB-v2,1407
EGAS00001005376,EGAS00001005376-donor_21-3hCA-v2,1362
EGAS00001005376,EGAS00001005376-donor_21-3hPA-v2,2627
EGAS00001005376,EGAS00001005376-donor_21-24hPA-v2,1351
EGAS00001005376,EGAS00001005376-donor_21-24hCA-v2,1414
EGAS00001005376,EGAS00001005376-donor_21-UT-v2,1204
EGAS00001005376,EGAS00001005376-donor_21-3hMTB-v2,823
EGAS00001005376,EGAS00001005376-donor_21-24hMTB-v2,1702
EGAS00001005376,EGAS00001005376-donor_27-3hCA-v2,881
EGAS00001005376,EGAS00001005376-donor_27-3hPA-v2,1196
EGAS00001005376,EGAS00001005376-donor_27-24hPA-v2,1621
EGAS00001005376,EGAS00001005376-donor_27-24hCA-v2,1161
EGAS00001005376,EGAS00001005376-donor_27-UT-v2,1168
EGAS00001005376,EGAS00001005376-donor_27-3hMTB-v2,1272
EGAS00001005376,EGAS00001005376-donor_27-24hMTB-v2,975
EGAS00001005376,EGAS00001005376-donor_18-3hCA-v2,623
EGAS00001005376,EGAS00001005376-donor_18-3hPA-v2,1023
EGAS00001005376,EGAS00001005376-donor_18-24hPA-v2,1217
EGAS00001005376,EGAS00001005376-donor_18-24hCA-v2,740
EGAS00001005376,EGAS00001005376-donor_18-UT-v2,871
EGAS00001005376,EGAS00001005376-donor_18-3hMTB-v2,582
EGAS00001005376,EGAS00001005376-donor_18-24hMTB-v2,1205
EGAS00001005376,EGAS00001005376-donor_29-3hCA-v2,1315
EGAS00001005376,EGAS00001005376-donor_29-3hPA-v2,1237
EGAS00001005376,EGAS00001005376-donor_29-24hPA-v2,978
EGAS00001005376,EGAS00001005376-donor_29-24hCA-v2,1012
EGAS00001005376,EGAS00001005376-donor_29-UT-v2,1235
EGAS00001005376,EGAS00001005376-donor_29-3hMTB-v2,1132
EGAS00001005376,EGAS00001005376-donor_29-24hMTB-v2,1130
EGAS00001005376,EGAS00001005376-donor_23-3hCA-v2,716
EGAS00001005376,EGAS00001005376-donor_23-3hPA-v2,1360
EGAS00001005376,EGAS00001005376-donor_23-24hPA-v2,1147
EGAS00001005376,EGAS00001005376-donor_23-24hCA-v2,1460
EGAS00001005376,EGAS00001005376-donor_23-UT-v2,723
EGAS00001005376,EGAS00001005376-donor_23-3hMTB-v2,639
EGAS00001005376,EGAS00001005376-donor_23-24hMTB-v2,674
EGAS00001005376,EGAS00001005376-donor_24-3hCA-v2,811
EGAS00001005376,EGAS00001005376-donor_24-3hPA-v2,1526
EGAS00001005376,EGAS00001005376-donor_24-24hPA-v2,1406
EGAS00001005376,EGAS00001005376-donor_24-24hCA-v2,1248
EGAS00001005376,EGAS00001005376-donor_24-UT-v2,802
EGAS00001005376,EGAS00001005376-donor_24-3hMTB-v2,1048
EGAS00001005376,EGAS00001005376-donor_24-24hMTB-v2,1119
EGAS00001005376,EGAS00001005376-donor_26-3hCA-v2,376
EGAS00001005376,EGAS00001005376-donor_26-3hPA-v2,1063
EGAS00001005376,EGAS00001005376-donor_26-24hPA-v2,1094
EGAS00001005376,EGAS00001005376-donor_26-24hCA-v2,882
EGAS00001005376,EGAS00001005376-donor_26-UT-v2,1019
EGAS00001005376,EGAS00001005376-donor_26-3hMTB-v2,1170
EGAS00001005376,EGAS00001005376-donor_26-24hMTB-v2,1167
EGAS00001005376,EGAS00001005376-donor_52-3hCA-v2,899
EGAS00001005376,EGAS00001005376-donor_52-3hPA-v2,1624
EGAS00001005376,EGAS00001005376-donor_52-24hPA-v2,1941
EGAS00001005376,EGAS00001005376-donor_52-24hCA-v2,984
EGAS00001005376,EGAS00001005376-donor_52-UT-v2,1320
EGAS00001005376,EGAS00001005376-donor_52-3hMTB-v2,1322
EGAS00001005376,EGAS00001005376-donor_52-24hMTB-v2,832
EGAS00001005376,EGAS00001005376-donor_51-3hCA-v2,1259
EGAS00001005376,EGAS00001005376-donor_51-3hPA-v2,980
EGAS00001005376,EGAS00001005376-donor_51-24hPA-v2,1745
EGAS00001005376,EGAS00001005376-donor_51-24hCA-v2,1583
EGAS00001005376,EGAS00001005376-donor_51-UT-v2,1281
EGAS00001005376,EGAS00001005376-donor_51-3hMTB-v2,1595
EGAS00001005376,EGAS00001005376-donor_51-24hMTB-v2,1171
EGAS00001005376,EGAS00001005376-donor_35-3hCA-v2,1209
EGAS00001005376,EGAS00001005376-donor_35-3hPA-v2,1430
EGAS00001005376,EGAS00001005376-donor_35-24hPA-v2,1214
EGAS00001005376,EGAS00001005376-donor_35-24hCA-v2,999
EGAS00001005376,EGAS00001005376-donor_35-UT-v2,1072
EGAS00001005376,EGAS00001005376-donor_35-3hMTB-v2,1307
EGAS00001005376,EGAS00001005376-donor_35-24hMTB-v2,1017
EGAS00001005376,EGAS00001005376-donor_34-3hCA-v2,796
EGAS00001005376,EGAS00001005376-donor_34-3hPA-v2,1242
EGAS00001005376,EGAS00001005376-donor_34-24hPA-v2,1293
EGAS00001005376,EGAS00001005376-donor_34-24hCA-v2,973
EGAS00001005376,EGAS00001005376-donor_34-UT-v2,1069
EGAS00001005376,EGAS00001005376-donor_34-3hMTB-v2,1899
EGAS00001005376,EGAS00001005376-donor_34-24hMTB-v2,1155
EGAS00001005376,EGAS00001005376-donor_37-3hCA-v2,836
EGAS00001005376,EGAS00001005376-donor_37-3hPA-v2,1058
EGAS00001005376,EGAS00001005376-donor_37-24hPA-v2,1628
EGAS00001005376,EGAS00001005376-donor_37-24hCA-v2,1206
EGAS00001005376,EGAS00001005376-donor_37-UT-v2,1270
EGAS00001005376,EGAS00001005376-donor_37-3hMTB-v2,1506
EGAS00001005376,EGAS00001005376-donor_37-24hMTB-v2,871
EGAS00001005376,EGAS00001005376-donor_31-3hCA-v2,1126
EGAS00001005376,EGAS00001005376-donor_31-3hPA-v2,1111
EGAS00001005376,EGAS00001005376-donor_31-24hPA-v2,827
EGAS00001005376,EGAS00001005376-donor_31-24hCA-v2,747
EGAS00001005376,EGAS00001005376-donor_31-UT-v2,690
EGAS00001005376,EGAS00001005376-donor_31-3hMTB-v2,3177
EGAS00001005376,EGAS00001005376-donor_31-24hMTB-v2,933
EGAS00001005376,EGAS00001005376-donor_38-3hCA-v2,1642
EGAS00001005376,EGAS00001005376-donor_38-3hPA-v2,1173
EGAS00001005376,EGAS00001005376-donor_38-24hPA-v2,1462
EGAS00001005376,EGAS00001005376-donor_38-24hCA-v2,1322
EGAS00001005376,EGAS00001005376-donor_38-UT-v2,1045
EGAS00001005376,EGAS00001005376-donor_38-3hMTB-v2,1236
EGAS00001005376,EGAS00001005376-donor_38-24hMTB-v2,1256
EGAS00001005376,EGAS00001005376-donor_32-3hCA-v2,1162
EGAS00001005376,EGAS00001005376-donor_32-3hPA-v2,1045
EGAS00001005376,EGAS00001005376-donor_32-24hPA-v2,1109
EGAS00001005376,EGAS00001005376-donor_32-24hCA-v2,1053
EGAS00001005376,EGAS00001005376-donor_32-UT-v2,762
EGAS00001005376,EGAS00001005376-donor_32-3hMTB-v2,1395
EGAS00001005376,EGAS00001005376-donor_32-24hMTB-v2,1012
EGAS00001005376,EGAS00001005376-donor_36-3hCA-v2,1096
EGAS00001005376,EGAS00001005376-donor_36-3hPA-v2,1144
EGAS00001005376,EGAS00001005376-donor_36-24hPA-v2,1668
EGAS00001005376,EGAS00001005376-donor_36-24hCA-v2,1363
EGAS00001005376,EGAS00001005376-donor_36-UT-v2,1021
EGAS00001005376,EGAS00001005376-donor_36-3hMTB-v2,1399
EGAS00001005376,EGAS00001005376-donor_36-24hMTB-v2,989
EGAS00001005376,EGAS00001005376-donor_30-3hCA-v2,1159
EGAS00001005376,EGAS00001005376-donor_30-3hPA-v2,723
EGAS00001005376,EGAS00001005376-donor_30-24hPA-v2,850
EGAS00001005376,EGAS00001005376-donor_30-24hCA-v2,841
EGAS00001005376,EGAS00001005376-donor_30-UT-v2,575
EGAS00001005376,EGAS00001005376-donor_30-3hMTB-v2,480
EGAS00001005376,EGAS00001005376-donor_30-24hMTB-v2,659
EGAS00001005376,EGAS00001005376-donor_44-3hCA-v2,3218
EGAS00001005376,EGAS00001005376-donor_44-3hPA-v2,899
EGAS00001005376,EGAS00001005376-donor_44-24hPA-v2,1419
EGAS00001005376,EGAS00001005376-donor_44-24hCA-v2,961
EGAS00001005376,EGAS00001005376-donor_44-UT-v2,1493
EGAS00001005376,EGAS00001005376-donor_44-24hMTB-v2,836
EGAS00001005376,EGAS00001005376-donor_42-3hCA-v2,566
EGAS00001005376,EGAS00001005376-donor_42-3hPA-v2,1011
EGAS00001005376,EGAS00001005376-donor_42-24hPA-v2,914
EGAS00001005376,EGAS00001005376-donor_42-24hCA-v2,1015
EGAS00001005376,EGAS00001005376-donor_42-UT-v2,1429
EGAS00001005376,EGAS00001005376-donor_42-24hMTB-v2,998
EGAS00001005376,EGAS00001005376-donor_45-3hCA-v2,948
EGAS00001005376,EGAS00001005376-donor_45-3hPA-v2,1712
EGAS00001005376,EGAS00001005376-donor_45-24hPA-v2,993
EGAS00001005376,EGAS00001005376-donor_45-24hCA-v2,1156
EGAS00001005376,EGAS00001005376-donor_45-UT-v2,953
EGAS00001005376,EGAS00001005376-donor_45-24hMTB-v2,891
EGAS00001005376,EGAS00001005376-donor_40-3hCA-v2,878
EGAS00001005376,EGAS00001005376-donor_40-3hPA-v2,1166
EGAS00001005376,EGAS00001005376-donor_40-24hPA-v2,877
EGAS00001005376,EGAS00001005376-donor_40-24hCA-v2,791
EGAS00001005376,EGAS00001005376-donor_40-UT-v2,1324
EGAS00001005376,EGAS00001005376-donor_40-24hMTB-v2,1007
EGAS00001005376,EGAS00001005376-donor_41-3hCA-v2,910
EGAS00001005376,EGAS00001005376-donor_41-3hPA-v2,1031
EGAS00001005376,EGAS00001005376-donor_41-24hPA-v2,1000
EGAS00001005376,EGAS00001005376-donor_41-24hCA-v2,811
EGAS00001005376,EGAS00001005376-donor_41-UT-v2,896
EGAS00001005376,EGAS00001005376-donor_41-24hMTB-v2,917
EGAS00001005376,EGAS00001005376-donor_47-3hCA-v2,987
EGAS00001005376,EGAS00001005376-donor_47-3hPA-v2,940
EGAS00001005376,EGAS00001005376-donor_47-24hPA-v2,1076
EGAS00001005376,EGAS00001005376-donor_47-24hCA-v2,1009
EGAS00001005376,EGAS00001005376-donor_47-UT-v2,728
EGAS00001005376,EGAS00001005376-donor_47-24hMTB-v2,1869
EGAS00001005376,EGAS00001005376-donor_46-3hCA-v2,1460
EGAS00001005376,EGAS00001005376-donor_46-3hPA-v2,1090
EGAS00001005376,EGAS00001005376-donor_46-UT-v2,702
EGAS00001005376,EGAS00001005376-donor_46-24hMTB-v2,887
EGAS00001005376,EGAS00001005376-donor_39-3hCA-v2,781
EGAS00001005376,EGAS00001005376-donor_39-3hPA-v2,820
EGAS00001005376,EGAS00001005376-donor_39-24hPA-v2,992
EGAS00001005376,EGAS00001005376-donor_39-24hCA-v2,1087
EGAS00001005376,EGAS00001005376-donor_39-UT-v2,1356
EGAS00001005376,EGAS00001005376-donor_39-24hMTB-v2,634
EGAS00001005376,EGAS00001005376-donor_57-3hCA-v2,909
EGAS00001005376,EGAS00001005376-donor_57-3hPA-v2,842
EGAS00001005376,EGAS00001005376-donor_57-24hPA-v2,1224
EGAS00001005376,EGAS00001005376-donor_57-24hCA-v2,1098
EGAS00001005376,EGAS00001005376-donor_57-24hMTB-v2,730
EGAS00001005376,EGAS00001005376-donor_28-3hCA-v2,525
EGAS00001005376,EGAS00001005376-donor_28-3hPA-v2,944
EGAS00001005376,EGAS00001005376-donor_28-24hPA-v2,1317
EGAS00001005376,EGAS00001005376-donor_28-24hCA-v2,793
EGAS00001005376,EGAS00001005376-donor_28-24hMTB-v2,936
EGAS00001005376,EGAS00001005376-donor_55-3hCA-v2,1137
EGAS00001005376,EGAS00001005376-donor_55-3hPA-v2,995
EGAS00001005376,EGAS00001005376-donor_55-24hPA-v2,1256
EGAS00001005376,EGAS00001005376-donor_55-24hCA-v2,1403
EGAS00001005376,EGAS00001005376-donor_55-24hMTB-v2,1288
EGAS00001005376,EGAS00001005376-donor_50-3hCA-v2,1644
EGAS00001005376,EGAS00001005376-donor_50-3hPA-v2,1006
EGAS00001005376,EGAS00001005376-donor_50-24hPA-v2,1751
EGAS00001005376,EGAS00001005376-donor_50-24hCA-v2,1414
EGAS00001005376,EGAS00001005376-donor_50-24hMTB-v2,599
EGAS00001005376,EGAS00001005376-donor_54-3hCA-v2,1097
EGAS00001005376,EGAS00001005376-donor_54-3hPA-v2,1234
EGAS00001005376,EGAS00001005376-donor_54-24hPA-v2,1791
EGAS00001005376,EGAS00001005376-donor_54-24hCA-v2,1258
EGAS00001005376,EGAS00001005376-donor_54-24hMTB-v2,1249
EGAS00001005376,EGAS00001005376-donor_48-3hCA-v2,1170
EGAS00001005376,EGAS00001005376-donor_48-3hPA-v2,1054
EGAS00001005376,EGAS00001005376-donor_48-24hPA-v2,1234
EGAS00001005376,EGAS00001005376-donor_48-24hCA-v2,1622
EGAS00001005376,EGAS00001005376-donor_48-24hMTB-v2,825
EGAS00001005376,EGAS00001005376-donor_25-3hCA-v2,550
EGAS00001005376,EGAS00001005376-donor_25-3hPA-v2,837
EGAS00001005376,EGAS00001005376-donor_25-24hPA-v2,1653
EGAS00001005376,EGAS00001005376-donor_25-24hCA-v2,852
EGAS00001005376,EGAS00001005376-donor_25-24hMTB-v2,1434
EGAS00001005376,EGAS00001005376-donor_56-3hCA-v2,1160
EGAS00001005376,EGAS00001005376-donor_56-3hPA-v2,645
EGAS00001005376,EGAS00001005376-donor_56-24hPA-v2,1255
EGAS00001005376,EGAS00001005376-donor_56-24hCA-v2,895
EGAS00001005376,EGAS00001005376-donor_56-24hMTB-v2,1442
EGAS00001005376,EGAS00001005376-donor_61-3hCA-v2,1367
EGAS00001005376,EGAS00001005376-donor_61-3hPA-v2,1683
EGAS00001005376,EGAS00001005376-donor_61-24hPA-v2,970
EGAS00001005376,EGAS00001005376-donor_61-24hCA-v2,977
EGAS00001005376,EGAS00001005376-donor_61-UT-v2,819
EGAS00001005376,EGAS00001005376-donor_61-3hMTB-v2,1042
EGAS00001005376,EGAS00001005376-donor_61-24hMTB-v2,985
EGAS00001005376,EGAS00001005376-donor_64-3hCA-v2,1554
EGAS00001005376,EGAS00001005376-donor_64-3hPA-v2,1072
EGAS00001005376,EGAS00001005376-donor_64-24hPA-v2,1054
EGAS00001005376,EGAS00001005376-donor_64-24hCA-v2,716
EGAS00001005376,EGAS00001005376-donor_64-UT-v2,1289
EGAS00001005376,EGAS00001005376-donor_64-3hMTB-v2,1126
EGAS00001005376,EGAS00001005376-donor_64-24hMTB-v2,906
EGAS00001005376,EGAS00001005376-donor_58-3hCA-v2,1030
EGAS00001005376,EGAS00001005376-donor_58-3hPA-v2,1308
EGAS00001005376,EGAS00001005376-donor_58-24hPA-v2,727
EGAS00001005376,EGAS00001005376-donor_58-24hCA-v2,960
EGAS00001005376,EGAS00001005376-donor_58-UT-v2,1092
EGAS00001005376,EGAS00001005376-donor_58-3hMTB-v2,1181
EGAS00001005376,EGAS00001005376-donor_58-24hMTB-v2,676
EGAS00001005376,EGAS00001005376-donor_65-3hCA-v2,1218
EGAS00001005376,EGAS00001005376-donor_65-3hPA-v2,1695
EGAS00001005376,EGAS00001005376-donor_65-24hPA-v2,774
EGAS00001005376,EGAS00001005376-donor_65-24hCA-v2,1103
EGAS00001005376,EGAS00001005376-donor_65-UT-v2,850
EGAS00001005376,EGAS00001005376-donor_65-3hMTB-v2,976
EGAS00001005376,EGAS00001005376-donor_65-24hMTB-v2,847
EGAS00001005376,EGAS00001005376-donor_62-3hCA-v2,981
EGAS00001005376,EGAS00001005376-donor_62-3hPA-v2,1097
EGAS00001005376,EGAS00001005376-donor_62-24hPA-v2,1164
EGAS00001005376,EGAS00001005376-donor_62-24hCA-v2,964
EGAS00001005376,EGAS00001005376-donor_62-UT-v2,1146
EGAS00001005376,EGAS00001005376-donor_62-3hMTB-v2,687
EGAS00001005376,EGAS00001005376-donor_62-24hMTB-v2,1177
EGAS00001005376,EGAS00001005376-donor_59-3hCA-v2,953
EGAS00001005376,EGAS00001005376-donor_59-3hPA-v2,1071
EGAS00001005376,EGAS00001005376-donor_59-24hPA-v2,1050
EGAS00001005376,EGAS00001005376-donor_59-24hCA-v2,1001
EGAS00001005376,EGAS00001005376-donor_59-UT-v2,1365
EGAS00001005376,EGAS00001005376-donor_59-3hMTB-v2,1187
EGAS00001005376,EGAS00001005376-donor_59-24hMTB-v2,886
EGAS00001005376,EGAS00001005376-donor_60-3hCA-v2,1125
EGAS00001005376,EGAS00001005376-donor_60-3hPA-v2,1384
EGAS00001005376,EGAS00001005376-donor_60-24hPA-v2,1163
EGAS00001005376,EGAS00001005376-donor_60-24hCA-v2,1063
EGAS00001005376,EGAS00001005376-donor_60-UT-v2,823
EGAS00001005376,EGAS00001005376-donor_60-3hMTB-v2,845
EGAS00001005376,EGAS00001005376-donor_60-24hMTB-v2,1049
EGAS00001005376,EGAS00001005376-donor_63-3hCA-v2,1741
EGAS00001005376,EGAS00001005376-donor_63-3hPA-v2,1558
EGAS00001005376,EGAS00001005376-donor_63-24hPA-v2,856
EGAS00001005376,EGAS00001005376-donor_63-24hCA-v2,1058
EGAS00001005376,EGAS00001005376-donor_63-UT-v2,1346
EGAS00001005376,EGAS00001005376-donor_63-3hMTB-v2,1155
EGAS00001005376,EGAS00001005376-donor_63-24hMTB-v2,1086
EGAS00001005376,EGAS00001005376-donor_71-3hCA-v2,1122
EGAS00001005376,EGAS00001005376-donor_71-3hPA-v2,1358
EGAS00001005376,EGAS00001005376-donor_71-24hPA-v2,360
EGAS00001005376,EGAS00001005376-donor_71-24hCA-v2,631
EGAS00001005376,EGAS00001005376-donor_71-UT-v2,875
EGAS00001005376,EGAS00001005376-donor_71-3hMTB-v2,828
EGAS00001005376,EGAS00001005376-donor_71-24hMTB-v2,964
EGAS00001005376,EGAS00001005376-donor_72-3hCA-v2,222
EGAS00001005376,EGAS00001005376-donor_72-3hPA-v2,1262
EGAS00001005376,EGAS00001005376-donor_72-24hPA-v2,625
EGAS00001005376,EGAS00001005376-donor_72-24hCA-v2,1035
EGAS00001005376,EGAS00001005376-donor_72-UT-v2,1022
EGAS00001005376,EGAS00001005376-donor_72-3hMTB-v2,927
EGAS00001005376,EGAS00001005376-donor_72-24hMTB-v2,824
EGAS00001005376,EGAS00001005376-donor_68-3hCA-v2,818
EGAS00001005376,EGAS00001005376-donor_68-3hPA-v2,552
EGAS00001005376,EGAS00001005376-donor_68-24hPA-v2,601
EGAS00001005376,EGAS00001005376-donor_68-24hCA-v2,735
EGAS00001005376,EGAS00001005376-donor_68-UT-v2,936
EGAS00001005376,EGAS00001005376-donor_68-3hMTB-v2,1228
EGAS00001005376,EGAS00001005376-donor_68-24hMTB-v2,765
EGAS00001005376,EGAS00001005376-donor_67-3hCA-v2,858
EGAS00001005376,EGAS00001005376-donor_67-3hPA-v2,942
EGAS00001005376,EGAS00001005376-donor_67-24hPA-v2,558
EGAS00001005376,EGAS00001005376-donor_67-24hCA-v2,1157
EGAS00001005376,EGAS00001005376-donor_67-UT-v2,788
EGAS00001005376,EGAS00001005376-donor_67-3hMTB-v2,971
EGAS00001005376,EGAS00001005376-donor_67-24hMTB-v2,1367
EGAS00001005376,EGAS00001005376-donor_66-3hCA-v2,839
EGAS00001005376,EGAS00001005376-donor_66-3hPA-v2,860
EGAS00001005376,EGAS00001005376-donor_66-24hPA-v2,362
EGAS00001005376,EGAS00001005376-donor_66-24hCA-v2,857
EGAS00001005376,EGAS00001005376-donor_66-UT-v2,911
EGAS00001005376,EGAS00001005376-donor_66-3hMTB-v2,940
EGAS00001005376,EGAS00001005376-donor_66-24hMTB-v2,840
EGAS00001005376,EGAS00001005376-donor_69-3hCA-v2,894
EGAS00001005376,EGAS00001005376-donor_69-3hPA-v2,716
EGAS00001005376,EGAS00001005376-donor_69-24hPA-v2,513
EGAS00001005376,EGAS00001005376-donor_69-24hCA-v2,1254
EGAS00001005376,EGAS00001005376-donor_69-UT-v2,945
EGAS00001005376,EGAS00001005376-donor_69-3hMTB-v2,1303
EGAS00001005376,EGAS00001005376-donor_69-24hMTB-v2,873
EGAS00001005376,EGAS00001005376-donor_70-3hCA-v2,857
EGAS00001005376,EGAS00001005376-donor_70-3hPA-v2,1293
EGAS00001005376,EGAS00001005376-donor_70-24hPA-v2,624
EGAS00001005376,EGAS00001005376-donor_70-24hCA-v2,1118
EGAS00001005376,EGAS00001005376-donor_70-UT-v2,1393
EGAS00001005376,EGAS00001005376-donor_70-3hMTB-v2,1060
EGAS00001005376,EGAS00001005376-donor_70-24hMTB-v2,711
EGAS00001005376,EGAS00001005376-donor_73-3hCA-v2,969
EGAS00001005376,EGAS00001005376-donor_73-3hPA-v2,983
EGAS00001005376,EGAS00001005376-donor_73-24hPA-v2,918
EGAS00001005376,EGAS00001005376-donor_73-24hCA-v2,1260
EGAS00001005376,EGAS00001005376-donor_73-UT-v2,810
EGAS00001005376,EGAS00001005376-donor_73-3hMTB-v2,1048
EGAS00001005376,EGAS00001005376-donor_73-24hMTB-v2,968
EGAS00001005376,EGAS00001005376-donor_78-3hCA-v2,905
EGAS00001005376,EGAS00001005376-donor_78-3hPA-v2,927
EGAS00001005376,EGAS00001005376-donor_78-24hPA-v2,620
EGAS00001005376,EGAS00001005376-donor_78-24hCA-v2,963
EGAS00001005376,EGAS00001005376-donor_78-UT-v2,1006
EGAS00001005376,EGAS00001005376-donor_78-3hMTB-v2,1694
EGAS00001005376,EGAS00001005376-donor_78-24hMTB-v2,1062
EGAS00001005376,EGAS00001005376-donor_76-3hCA-v2,578
EGAS00001005376,EGAS00001005376-donor_76-3hPA-v2,1554
EGAS00001005376,EGAS00001005376-donor_76-24hPA-v2,1024
EGAS00001005376,EGAS00001005376-donor_76-24hCA-v2,761
EGAS00001005376,EGAS00001005376-donor_76-UT-v2,598
EGAS00001005376,EGAS00001005376-donor_76-3hMTB-v2,910
EGAS00001005376,EGAS00001005376-donor_76-24hMTB-v2,1137
EGAS00001005376,EGAS00001005376-donor_77-3hCA-v2,1293
EGAS00001005376,EGAS00001005376-donor_77-3hPA-v2,1406
EGAS00001005376,EGAS00001005376-donor_77-24hPA-v2,727
EGAS00001005376,EGAS00001005376-donor_77-24hCA-v2,986
EGAS00001005376,EGAS00001005376-donor_77-UT-v2,839
EGAS00001005376,EGAS00001005376-donor_77-3hMTB-v2,830
EGAS00001005376,EGAS00001005376-donor_77-24hMTB-v2,1274
EGAS00001005376,EGAS00001005376-donor_79-3hCA-v2,1128
EGAS00001005376,EGAS00001005376-donor_79-3hPA-v2,2070
EGAS00001005376,EGAS00001005376-donor_79-24hPA-v2,785
EGAS00001005376,EGAS00001005376-donor_79-24hCA-v2,1441
EGAS00001005376,EGAS00001005376-donor_79-UT-v2,1400
EGAS00001005376,EGAS00001005376-donor_79-3hMTB-v2,1304
EGAS00001005376,EGAS00001005376-donor_79-24hMTB-v2,1293
EGAS00001005376,EGAS00001005376-donor_83-3hCA-v2,719
EGAS00001005376,EGAS00001005376-donor_83-3hPA-v2,2103
EGAS00001005376,EGAS00001005376-donor_83-24hPA-v2,865
EGAS00001005376,EGAS00001005376-donor_83-24hCA-v2,1222
EGAS00001005376,EGAS00001005376-donor_83-UT-v2,1162
EGAS00001005376,EGAS00001005376-donor_83-3hMTB-v2,1049
EGAS00001005376,EGAS00001005376-donor_83-24hMTB-v2,718
EGAS00001005376,EGAS00001005376-donor_82-3hCA-v2,1236
EGAS00001005376,EGAS00001005376-donor_82-3hPA-v2,1777
EGAS00001005376,EGAS00001005376-donor_82-24hPA-v2,771
EGAS00001005376,EGAS00001005376-donor_82-24hCA-v2,1125
EGAS00001005376,EGAS00001005376-donor_82-UT-v2,952
EGAS00001005376,EGAS00001005376-donor_82-3hMTB-v2,1053
EGAS00001005376,EGAS00001005376-donor_82-24hMTB-v2,897
EGAS00001005376,EGAS00001005376-donor_84-3hCA-v2,1504
EGAS00001005376,EGAS00001005376-donor_84-3hPA-v2,325
EGAS00001005376,EGAS00001005376-donor_84-24hPA-v2,2078
EGAS00001005376,EGAS00001005376-donor_84-24hCA-v2,1349
EGAS00001005376,EGAS00001005376-donor_84-UT-v2,1149
EGAS00001005376,EGAS00001005376-donor_84-3hMTB-v2,1354
EGAS00001005376,EGAS00001005376-donor_84-24hMTB-v2,1199
EGAS00001005376,EGAS00001005376-donor_81-3hCA-v2,1745
EGAS00001005376,EGAS00001005376-donor_81-3hPA-v2,895
EGAS00001005376,EGAS00001005376-donor_81-24hPA-v2,978
EGAS00001005376,EGAS00001005376-donor_81-24hCA-v2,1279
EGAS00001005376,EGAS00001005376-donor_81-UT-v2,913
EGAS00001005376,EGAS00001005376-donor_81-3hMTB-v2,1016
EGAS00001005376,EGAS00001005376-donor_81-24hMTB-v2,1048
EGAS00001005376,EGAS00001005376-donor_87-3hCA-v2,1101
EGAS00001005376,EGAS00001005376-donor_87-3hPA-v2,1250
EGAS00001005376,EGAS00001005376-donor_87-24hPA-v2,1263
EGAS00001005376,EGAS00001005376-donor_87-24hCA-v2,1063
EGAS00001005376,EGAS00001005376-donor_87-UT-v2,1341
EGAS00001005376,EGAS00001005376-donor_87-3hMTB-v2,896
EGAS00001005376,EGAS00001005376-donor_87-24hMTB-v2,807
EGAS00001005376,EGAS00001005376-donor_90-3hCA-v2,780
EGAS00001005376,EGAS00001005376-donor_90-3hPA-v2,1248
EGAS00001005376,EGAS00001005376-donor_90-24hPA-v2,495
EGAS00001005376,EGAS00001005376-donor_90-24hCA-v2,1426
EGAS00001005376,EGAS00001005376-donor_90-UT-v2,1751
EGAS00001005376,EGAS00001005376-donor_90-3hMTB-v2,1218
EGAS00001005376,EGAS00001005376-donor_90-24hMTB-v2,1418
EGAS00001005376,EGAS00001005376-donor_88-3hCA-v2,754
EGAS00001005376,EGAS00001005376-donor_88-3hPA-v2,1335
EGAS00001005376,EGAS00001005376-donor_88-24hPA-v2,1003
EGAS00001005376,EGAS00001005376-donor_88-24hCA-v2,1054
EGAS00001005376,EGAS00001005376-donor_88-UT-v2,1184
EGAS00001005376,EGAS00001005376-donor_88-3hMTB-v2,1273
EGAS00001005376,EGAS00001005376-donor_88-24hMTB-v2,1064
EGAS00001005376,EGAS00001005376-donor_89-3hCA-v2,1890
EGAS00001005376,EGAS00001005376-donor_89-3hPA-v2,1155
EGAS00001005376,EGAS00001005376-donor_89-24hPA-v2,1359
EGAS00001005376,EGAS00001005376-donor_89-24hCA-v2,1249
EGAS00001005376,EGAS00001005376-donor_89-UT-v2,1442
EGAS00001005376,EGAS00001005376-donor_89-3hMTB-v2,2024
EGAS00001005376,EGAS00001005376-donor_89-24hMTB-v2,1474
EGAS00001005376,EGAS00001005376-donor_92-3hCA-v2,1509
EGAS00001005376,EGAS00001005376-donor_92-3hPA-v2,1076
EGAS00001005376,EGAS00001005376-donor_92-24hPA-v2,1644
EGAS00001005376,EGAS00001005376-donor_92-24hCA-v2,2358
EGAS00001005376,EGAS00001005376-donor_92-UT-v2,949
EGAS00001005376,EGAS00001005376-donor_92-3hMTB-v2,1604
EGAS00001005376,EGAS00001005376-donor_92-24hMTB-v2,2149
EGAS00001005376,EGAS00001005376-donor_86-3hCA-v2,1261
EGAS00001005376,EGAS00001005376-donor_86-3hPA-v2,1441
EGAS00001005376,EGAS00001005376-donor_86-24hPA-v2,911
EGAS00001005376,EGAS00001005376-donor_86-24hCA-v2,1089
EGAS00001005376,EGAS00001005376-donor_86-UT-v2,1074
EGAS00001005376,EGAS00001005376-donor_86-3hMTB-v2,1057
EGAS00001005376,EGAS00001005376-donor_86-24hMTB-v2,1156
EGAS00001005376,EGAS00001005376-donor_91-3hCA-v2,603
EGAS00001005376,EGAS00001005376-donor_91-3hPA-v2,890
EGAS00001005376,EGAS00001005376-donor_91-24hPA-v2,1143
EGAS00001005376,EGAS00001005376-donor_91-24hCA-v2,1575
EGAS00001005376,EGAS00001005376-donor_91-UT-v2,1300
EGAS00001005376,EGAS00001005376-donor_91-3hMTB-v2,2818
EGAS00001005376,EGAS00001005376-donor_91-24hMTB-v2,753
EGAS00001005376,EGAS00001005376-donor_85-3hCA-v2,843
EGAS00001005376,EGAS00001005376-donor_85-3hPA-v2,2137
EGAS00001005376,EGAS00001005376-donor_85-24hPA-v2,1388
EGAS00001005376,EGAS00001005376-donor_85-24hCA-v2,1436
EGAS00001005376,EGAS00001005376-donor_85-UT-v2,1173
EGAS00001005376,EGAS00001005376-donor_85-3hMTB-v2,951
EGAS00001005376,EGAS00001005376-donor_85-24hMTB-v2,855
EGAS00001005376,EGAS00001005376-donor_99-3hPA-v2,1206
EGAS00001005376,EGAS00001005376-donor_99-3hMTB-v2,1017
EGAS00001005376,EGAS00001005376-donor_101-3hPA-v2,1572
EGAS00001005376,EGAS00001005376-donor_101-3hMTB-v2,990
EGAS00001005376,EGAS00001005376-donor_98-3hPA-v2,890
EGAS00001005376,EGAS00001005376-donor_98-3hMTB-v2,1420
EGAS00001005376,EGAS00001005376-donor_100-3hPA-v2,1641
EGAS00001005376,EGAS00001005376-donor_100-3hMTB-v2,1308
EGAS00001005376,EGAS00001005376-donor_96-3hPA-v2,871
EGAS00001005376,EGAS00001005376-donor_96-3hMTB-v2,1022
EGAS00001005376,EGAS00001005376-donor_94-3hPA-v2,1392
EGAS00001005376,EGAS00001005376-donor_94-3hMTB-v2,2226
EGAS00001005376,EGAS00001005376-donor_93-3hPA-v2,1384
EGAS00001005376,EGAS00001005376-donor_93-3hMTB-v2,1115
EGAS00001005376,EGAS00001005376-donor_97-3hPA-v2,725
EGAS00001005376,EGAS00001005376-donor_97-3hMTB-v2,908
EGAS00001005376,EGAS00001005376-donor_101-UT-v3,1597
EGAS00001005376,EGAS00001005376-donor_101-3hCA-v3,1563
EGAS00001005376,EGAS00001005376-donor_101-24hCA-v3,1206
EGAS00001005376,EGAS00001005376-donor_99-UT-v3,1424
EGAS00001005376,EGAS00001005376-donor_99-3hCA-v3,2467
EGAS00001005376,EGAS00001005376-donor_99-24hCA-v3,1805
EGAS00001005376,EGAS00001005376-donor_97-UT-v3,1382
EGAS00001005376,EGAS00001005376-donor_97-3hCA-v3,1324
EGAS00001005376,EGAS00001005376-donor_97-24hCA-v3,2207
EGAS00001005376,EGAS00001005376-donor_94-UT-v3,947
EGAS00001005376,EGAS00001005376-donor_94-3hCA-v3,1538
EGAS00001005376,EGAS00001005376-donor_94-24hCA-v3,687
EGAS00001005376,EGAS00001005376-donor_98-UT-v3,1277
EGAS00001005376,EGAS00001005376-donor_98-3hCA-v3,1401
EGAS00001005376,EGAS00001005376-donor_98-24hCA-v3,1298
EGAS00001005376,EGAS00001005376-donor_100-UT-v3,1042
EGAS00001005376,EGAS00001005376-donor_100-3hCA-v3,1399
EGAS00001005376,EGAS00001005376-donor_100-24hCA-v3,1340
EGAS00001005376,EGAS00001005376-donor_96-UT-v3,856
EGAS00001005376,EGAS00001005376-donor_96-3hCA-v3,1405
EGAS00001005376,EGAS00001005376-donor_96-24hCA-v3,1006
EGAS00001005376,EGAS00001005376-donor_93-UT-v3,907
EGAS00001005376,EGAS00001005376-donor_93-3hCA-v3,801
EGAS00001005376,EGAS00001005376-donor_93-24hCA-v3,847
EGAS00001005376,EGAS00001005376-donor_109-UT-v3,1666
EGAS00001005376,EGAS00001005376-donor_109-3hCA-v3,1179
EGAS00001005376,EGAS00001005376-donor_109-24hCA-v3,1299
EGAS00001005376,EGAS00001005376-donor_109-3hPA-v3,1459
EGAS00001005376,EGAS00001005376-donor_109-24hPA-v3,1248
EGAS00001005376,EGAS00001005376-donor_109-3hMTB-v3,1351
EGAS00001005376,EGAS00001005376-donor_109-24hMTB-v3,1458
EGAS00001005376,EGAS00001005376-donor_110-UT-v3,896
EGAS00001005376,EGAS00001005376-donor_110-3hCA-v3,1893
EGAS00001005376,EGAS00001005376-donor_110-24hCA-v3,1512
EGAS00001005376,EGAS00001005376-donor_110-3hPA-v3,1613
EGAS00001005376,EGAS00001005376-donor_110-24hPA-v3,1395
EGAS00001005376,EGAS00001005376-donor_110-3hMTB-v3,852
EGAS00001005376,EGAS00001005376-donor_110-24hMTB-v3,1517
EGAS00001005376,EGAS00001005376-donor_104-UT-v3,1226
EGAS00001005376,EGAS00001005376-donor_104-3hCA-v3,1477
EGAS00001005376,EGAS00001005376-donor_104-24hCA-v3,1277
EGAS00001005376,EGAS00001005376-donor_104-3hPA-v3,1497
EGAS00001005376,EGAS00001005376-donor_104-24hPA-v3,1248
EGAS00001005376,EGAS00001005376-donor_104-3hMTB-v3,842
EGAS00001005376,EGAS00001005376-donor_104-24hMTB-v3,823
EGAS00001005376,EGAS00001005376-donor_105-UT-v3,792
EGAS00001005376,EGAS00001005376-donor_105-3hCA-v3,1089
EGAS00001005376,EGAS00001005376-donor_105-24hCA-v3,1516
EGAS00001005376,EGAS00001005376-donor_105-3hPA-v3,1400
EGAS00001005376,EGAS00001005376-donor_105-24hPA-v3,931
EGAS00001005376,EGAS00001005376-donor_105-3hMTB-v3,1077
EGAS00001005376,EGAS00001005376-donor_105-24hMTB-v3,1548
EGAS00001005376,EGAS00001005376-donor_108-UT-v3,2247
EGAS00001005376,EGAS00001005376-donor_108-3hCA-v3,1462
EGAS00001005376,EGAS00001005376-donor_108-24hCA-v3,983
EGAS00001005376,EGAS00001005376-donor_108-3hPA-v3,1002
EGAS00001005376,EGAS00001005376-donor_108-24hPA-v3,1359
EGAS00001005376,EGAS00001005376-donor_108-3hMTB-v3,1253
EGAS00001005376,EGAS00001005376-donor_108-24hMTB-v3,1313
EGAS00001005376,EGAS00001005376-donor_102-UT-v3,1154
EGAS00001005376,EGAS00001005376-donor_102-3hCA-v3,989
EGAS00001005376,EGAS00001005376-donor_102-24hCA-v3,775
EGAS00001005376,EGAS00001005376-donor_102-3hPA-v3,714
EGAS00001005376,EGAS00001005376-donor_102-24hPA-v3,827
EGAS00001005376,EGAS00001005376-donor_102-3hMTB-v3,1236
EGAS00001005376,EGAS00001005376-donor_102-24hMTB-v3,1186
EGAS00001005376,EGAS00001005376-donor_107-UT-v3,702
EGAS00001005376,EGAS00001005376-donor_107-3hCA-v3,1516
EGAS00001005376,EGAS00001005376-donor_107-24hCA-v3,1978
EGAS00001005376,EGAS00001005376-donor_107-3hPA-v3,1557
EGAS00001005376,EGAS00001005376-donor_107-24hPA-v3,1177
EGAS00001005376,EGAS00001005376-donor_107-3hMTB-v3,1741
EGAS00001005376,EGAS00001005376-donor_107-24hMTB-v3,1053
EGAS00001005376,EGAS00001005376-donor_103-UT-v3,808
EGAS00001005376,EGAS00001005376-donor_103-3hCA-v3,1153
EGAS00001005376,EGAS00001005376-donor_103-24hCA-v3,1188
EGAS00001005376,EGAS00001005376-donor_103-3hPA-v3,1329
EGAS00001005376,EGAS00001005376-donor_103-24hPA-v3,971
EGAS00001005376,EGAS00001005376-donor_103-3hMTB-v3,1320
EGAS00001005376,EGAS00001005376-donor_103-24hMTB-v3,1505
EGAS00001005376,EGAS00001005376-donor_114-3hCA-v3,1627
EGAS00001005376,EGAS00001005376-donor_114-24hCA-v3,2010
EGAS00001005376,EGAS00001005376-donor_114-3hPA-v3,2345
EGAS00001005376,EGAS00001005376-donor_114-24hPA-v3,792
EGAS00001005376,EGAS00001005376-donor_114-3hMTB-v3,2653
EGAS00001005376,EGAS00001005376-donor_114-24hMTB-v3,2315
EGAS00001005376,EGAS00001005376-donor_113-3hCA-v3,1169
EGAS00001005376,EGAS00001005376-donor_113-24hCA-v3,1246
EGAS00001005376,EGAS00001005376-donor_113-3hPA-v3,1608
EGAS00001005376,EGAS00001005376-donor_113-24hPA-v3,1112
EGAS00001005376,EGAS00001005376-donor_113-3hMTB-v3,1319
EGAS00001005376,EGAS00001005376-donor_113-24hMTB-v3,1827
EGAS00001005376,EGAS00001005376-donor_117-3hCA-v3,1110
EGAS00001005376,EGAS00001005376-donor_117-24hCA-v3,2758
EGAS00001005376,EGAS00001005376-donor_117-3hPA-v3,1145
EGAS00001005376,EGAS00001005376-donor_117-24hPA-v3,1671
EGAS00001005376,EGAS00001005376-donor_117-3hMTB-v3,1184
EGAS00001005376,EGAS00001005376-donor_117-24hMTB-v3,813
EGAS00001005376,EGAS00001005376-donor_118-3hCA-v3,1628
EGAS00001005376,EGAS00001005376-donor_118-24hCA-v3,1431
EGAS00001005376,EGAS00001005376-donor_118-3hPA-v3,1467
EGAS00001005376,EGAS00001005376-donor_118-24hPA-v3,1589
EGAS00001005376,EGAS00001005376-donor_118-3hMTB-v3,1362
EGAS00001005376,EGAS00001005376-donor_118-24hMTB-v3,1432
EGAS00001005376,EGAS00001005376-donor_115-3hCA-v3,3103
EGAS00001005376,EGAS00001005376-donor_115-24hCA-v3,1000
EGAS00001005376,EGAS00001005376-donor_115-3hPA-v3,2130
EGAS00001005376,EGAS00001005376-donor_115-24hPA-v3,1120
EGAS00001005376,EGAS00001005376-donor_115-3hMTB-v3,1528
EGAS00001005376,EGAS00001005376-donor_115-24hMTB-v3,1192
EGAS00001005376,EGAS00001005376-donor_116-3hCA-v3,1454
EGAS00001005376,EGAS00001005376-donor_116-24hCA-v3,1423
EGAS00001005376,EGAS00001005376-donor_116-3hPA-v3,2076
EGAS00001005376,EGAS00001005376-donor_116-24hPA-v3,1036
EGAS00001005376,EGAS00001005376-donor_116-3hMTB-v3,1730
EGAS00001005376,EGAS00001005376-donor_116-24hMTB-v3,1329
EGAS00001005376,EGAS00001005376-donor_111-3hCA-v3,1653
EGAS00001005376,EGAS00001005376-donor_111-24hCA-v3,783
EGAS00001005376,EGAS00001005376-donor_111-3hPA-v3,947
EGAS00001005376,EGAS00001005376-donor_111-24hPA-v3,1009
EGAS00001005376,EGAS00001005376-donor_111-3hMTB-v3,1534
EGAS00001005376,EGAS00001005376-donor_111-24hMTB-v3,1181
EGAS00001005376,EGAS00001005376-donor_112-3hCA-v3,1572
EGAS00001005376,EGAS00001005376-donor_112-24hCA-v3,1225
EGAS00001005376,EGAS00001005376-donor_112-3hPA-v3,1671
EGAS00001005376,EGAS00001005376-donor_112-24hPA-v3,1446
EGAS00001005376,EGAS00001005376-donor_112-3hMTB-v3,1283
EGAS00001005376,EGAS00001005376-donor_112-24hMTB-v3,1489
EGAS00001005376,EGAS00001005376-donor_120-UT-v3,792
EGAS00001005376,EGAS00001005376-donor_120-3hCA-v3,1286
EGAS00001005376,EGAS00001005376-donor_120-24hCA-v3,327
EGAS00001005376,EGAS00001005376-donor_120-3hPA-v3,1752
EGAS00001005376,EGAS00001005376-donor_120-24hPA-v3,1813
EGAS00001005376,EGAS00001005376-donor_120-3hMTB-v3,1250
EGAS00001005376,EGAS00001005376-donor_120-24hMTB-v3,1976
EGAS00001005376,EGAS00001005376-donor_119-UT-v3,873
EGAS00001005376,EGAS00001005376-donor_119-3hCA-v3,1042
EGAS00001005376,EGAS00001005376-donor_119-24hCA-v3,718
EGAS00001005376,EGAS00001005376-donor_119-3hPA-v3,868
EGAS00001005376,EGAS00001005376-donor_119-24hPA-v3,755
EGAS00001005376,EGAS00001005376-donor_119-3hMTB-v3,788
EGAS00001005376,EGAS00001005376-donor_119-24hMTB-v3,1197
EGAS00001005376,EGAS00001005376-donor_123-UT-v3,952
EGAS00001005376,EGAS00001005376-donor_123-3hCA-v3,624
EGAS00001005376,EGAS00001005376-donor_123-24hCA-v3,396
EGAS00001005376,EGAS00001005376-donor_123-3hPA-v3,1488
EGAS00001005376,EGAS00001005376-donor_123-24hPA-v3,1087
EGAS00001005376,EGAS00001005376-donor_123-3hMTB-v3,746
EGAS00001005376,EGAS00001005376-donor_123-24hMTB-v3,1377
EGAS00001005376,EGAS00001005376-donor_124-UT-v3,950
EGAS00001005376,EGAS00001005376-donor_124-3hCA-v3,850
EGAS00001005376,EGAS00001005376-donor_124-24hCA-v3,1845
EGAS00001005376,EGAS00001005376-donor_124-3hPA-v3,615
EGAS00001005376,EGAS00001005376-donor_124-24hPA-v3,921
EGAS00001005376,EGAS00001005376-donor_124-3hMTB-v3,1072
EGAS00001005376,EGAS00001005376-donor_124-24hMTB-v3,480
EGAS00001005376,EGAS00001005376-donor_121-UT-v3,809
EGAS00001005376,EGAS00001005376-donor_121-3hCA-v3,822
EGAS00001005376,EGAS00001005376-donor_121-24hCA-v3,1083
EGAS00001005376,EGAS00001005376-donor_121-3hPA-v3,1118
EGAS00001005376,EGAS00001005376-donor_121-24hPA-v3,741
EGAS00001005376,EGAS00001005376-donor_121-3hMTB-v3,1984
EGAS00001005376,EGAS00001005376-donor_121-24hMTB-v3,507
EGAS00001005376,EGAS00001005376-donor_125-UT-v3,1087
EGAS00001005376,EGAS00001005376-donor_125-3hCA-v3,1379
EGAS00001005376,EGAS00001005376-donor_125-24hCA-v3,524
EGAS00001005376,EGAS00001005376-donor_125-3hPA-v3,723
EGAS00001005376,EGAS00001005376-donor_125-24hPA-v3,1303
EGAS00001005376,EGAS00001005376-donor_125-3hMTB-v3,1121
EGAS00001005376,EGAS00001005376-donor_125-24hMTB-v3,1302
EGAS00001005376,EGAS00001005376-donor_126-UT-v3,1231
EGAS00001005376,EGAS00001005376-donor_126-3hCA-v3,1225
EGAS00001005376,EGAS00001005376-donor_126-24hCA-v3,1209
EGAS00001005376,EGAS00001005376-donor_126-3hPA-v3,1011
EGAS00001005376,EGAS00001005376-donor_126-24hPA-v3,1103
EGAS00001005376,EGAS00001005376-donor_126-3hMTB-v3,1028
EGAS00001005376,EGAS00001005376-donor_126-24hMTB-v3,460
EGAS00001005376,EGAS00001005376-donor_122-UT-v3,1327
EGAS00001005376,EGAS00001005376-donor_122-3hCA-v3,1028
EGAS00001005376,EGAS00001005376-donor_122-24hCA-v3,1244
EGAS00001005376,EGAS00001005376-donor_122-3hPA-v3,839
EGAS00001005376,EGAS00001005376-donor_122-24hPA-v3,703
EGAS00001005376,EGAS00001005376-donor_122-3hMTB-v3,1335
EGAS00001005376,EGAS00001005376-donor_122-24hMTB-v3,567
EGAS00001005376,EGAS00001005376-donor_7-UT-v3,1206
EGAS00001005376,EGAS00001005376-donor_7-3hCA-v3,848
EGAS00001005376,EGAS00001005376-donor_7-24hCA-v3,1303
EGAS00001005376,EGAS00001005376-donor_7-3hPA-v3,726
EGAS00001005376,EGAS00001005376-donor_7-24hPA-v3,1356
EGAS00001005376,EGAS00001005376-donor_7-3hMTB-v3,1003
EGAS00001005376,EGAS00001005376-donor_7-24hMTB-v3,999
EGAS00001005376,EGAS00001005376-donor_43-UT-v3,1764
EGAS00001005376,EGAS00001005376-donor_43-3hCA-v3,2054
EGAS00001005376,EGAS00001005376-donor_43-24hCA-v3,1743
EGAS00001005376,EGAS00001005376-donor_43-3hPA-v3,1447
EGAS00001005376,EGAS00001005376-donor_43-24hPA-v3,1386
EGAS00001005376,EGAS00001005376-donor_43-3hMTB-v3,2188
EGAS00001005376,EGAS00001005376-donor_43-24hMTB-v3,1244
EGAS00001005376,EGAS00001005376-donor_10-UT-v3,1486
EGAS00001005376,EGAS00001005376-donor_10-3hCA-v3,1063
EGAS00001005376,EGAS00001005376-donor_10-24hCA-v3,924
EGAS00001005376,EGAS00001005376-donor_10-3hPA-v3,1269
EGAS00001005376,EGAS00001005376-donor_10-24hPA-v3,756
EGAS00001005376,EGAS00001005376-donor_10-3hMTB-v3,757
EGAS00001005376,EGAS00001005376-donor_10-24hMTB-v3,900
EGAS00001005376,EGAS00001005376-donor_74-UT-v3,1168
EGAS00001005376,EGAS00001005376-donor_74-3hCA-v3,1446
EGAS00001005376,EGAS00001005376-donor_74-24hCA-v3,1055
EGAS00001005376,EGAS00001005376-donor_74-3hPA-v3,1207
EGAS00001005376,EGAS00001005376-donor_74-24hPA-v3,868
EGAS00001005376,EGAS00001005376-donor_74-3hMTB-v3,1097
EGAS00001005376,EGAS00001005376-donor_74-24hMTB-v3,821
EGAS00001005376,EGAS00001005376-donor_49-UT-v3,1381
EGAS00001005376,EGAS00001005376-donor_49-3hCA-v3,3795
EGAS00001005376,EGAS00001005376-donor_49-24hCA-v3,1520
EGAS00001005376,EGAS00001005376-donor_49-3hPA-v3,1091
EGAS00001005376,EGAS00001005376-donor_49-24hPA-v3,1209
EGAS00001005376,EGAS00001005376-donor_49-3hMTB-v3,1567
EGAS00001005376,EGAS00001005376-donor_49-24hMTB-v3,987
EGAS00001005376,EGAS00001005376-donor_19-UT-v3,1239
EGAS00001005376,EGAS00001005376-donor_19-3hCA-v3,1566
EGAS00001005376,EGAS00001005376-donor_19-24hCA-v3,1280
EGAS00001005376,EGAS00001005376-donor_19-3hPA-v3,1665
EGAS00001005376,EGAS00001005376-donor_19-24hPA-v3,716
EGAS00001005376,EGAS00001005376-donor_19-3hMTB-v3,774
EGAS00001005376,EGAS00001005376-donor_19-24hMTB-v3,1320
EGAS00001005376,EGAS00001005376-donor_6-UT-v3,805
EGAS00001005376,EGAS00001005376-donor_6-3hCA-v3,801
EGAS00001005376,EGAS00001005376-donor_6-24hCA-v3,1339
EGAS00001005376,EGAS00001005376-donor_6-3hPA-v3,522
EGAS00001005376,EGAS00001005376-donor_6-24hPA-v3,1132
EGAS00001005376,EGAS00001005376-donor_6-3hMTB-v3,625
EGAS00001005376,EGAS00001005376-donor_6-24hMTB-v3,834
EGAS00001005376,EGAS00001005376-donor_95-UT-v3,1192
EGAS00001005376,EGAS00001005376-donor_95-3hCA-v3,1349
EGAS00001005376,EGAS00001005376-donor_95-24hCA-v3,1798
EGAS00001005376,EGAS00001005376-donor_95-3hPA-v3,1244
EGAS00001005376,EGAS00001005376-donor_95-24hPA-v3,1474
EGAS00001005376,EGAS00001005376-donor_95-3hMTB-v3,1377
EGAS00001005376,EGAS00001005376-donor_95-24hMTB-v3,1410
SCP1479,SCP1479-GTEX-1HSMQ-5011-SM-GKSJH,10872
SCP1479,SCP1479-GTEX-1HSMQ-5021-SM-HD2MA,13974
SCP1479,SCP1479-GTEX-1HSMQ-5005-SM-GKSJF,14403
SCP1479,SCP1479-GTEX-1HSMQ-5014-SM-GKSJI,10347
SCP1479,SCP1479-GTEX-1HSMQ-5007-SM-GKSJG,4961
SCP1479,SCP1479-GTEX-15RIE-5021-SM-H8L6Y,7498
SCP1479,SCP1479-GTEX-15RIE-5015-SM-H8L6X,12066
SCP1479,SCP1479-GTEX-145ME-5018-SM-G8XQB,12505
SCP1479,SCP1479-GTEX-145ME-5005-SM-H8L6T,6158
SCP1479,SCP1479-GTEX-1R9PN-5002-SM-HD2MC,5990
SCP1479,SCP1479-GTEX-1CAMS-5015-SM-HPJ3C,2324
SCP1479,SCP1479-GTEX-1MCC2-5013-SM-HPJ3D,1456
SCP1479,SCP1479-GTEX-16BQI-5013-SM-H8SUW,11508
SCP1479,SCP1479-GTEX-15SB6-5008-SM-H8L72,8391
SCP1479,SCP1479-GTEX-1ICG6-5014-SM-GHS9D,9284
SCP1479,SCP1479-GTEX-1ICG6-5003-SM-GHS9A,11673
SCP1479,SCP1479-GTEX-144GM-5010-SM-HD2M8,10914
SCP1479,SCP1479-GTEX-13N11-5002-SM-H5JDV,12833
SCP1479,SCP1479-GTEX-13N11-5030-SM-H5JDW,13260
SCP1479,SCP1479-GTEX-15CHR-5005-SM-H5JDT,7620
SCP1479,SCP1479-GTEX-15CHR-5014-SM-H5JDU,1502
SCP1479,SCP1479-GTEX-1I1GU-5006-SM-G8XQC,12926
SCP1479,SCP1479-GTEX-12BJ1-5007-SM-H8L6U,6285
SCP1479,SCP1479-GTEX-1CAMR-5015-SM-HPJ3B,40
SCP1479,SCP1479-GTEX-15EOM-5003-SM-G64IH,325
AE-E-MTAB-11536,AE-E-MTAB-11536-donor_A29-organ_ILE,346
AE-E-MTAB-11536,AE-E-MTAB-11536-donor_A31-organ_ILE,33
AE-E-MTAB-11536,AE-E-MTAB-11536-donor_A36-organ_ILE,44
AE-E-MTAB-11536,AE-E-MTAB-11536-donor_A35-organ_ILE,110
AE-E-MTAB-11536,AE-E-MTAB-11536-donor_A37-organ_ILE,357
AE-E-MTAB-11536,AE-E-MTAB-11536-donor_A29-organ_LNG,3201
AE-E-MTAB-11536,AE-E-MTAB-11536-donor_A31-organ_LNG,1257
AE-E-MTAB-11536,AE-E-MTAB-11536-donor_A36-organ_LNG,2428
AE-E-MTAB-11536,AE-E-MTAB-11536-donor_A35-organ_LNG,51
AE-E-MTAB-11536,AE-E-MTAB-11536-donor_A37-organ_LNG,170
AE-E-MTAB-11536,AE-E-MTAB-11536-donor_A52-organ_LNG,663
AE-E-MTAB-11536,AE-E-MTAB-11536-donor_637C-organ_LNG,82
AE-E-MTAB-11536,AE-E-MTAB-11536-donor_640C-organ_LNG,197
AE-E-MTAB-11536,AE-E-MTAB-11536-donor_D503-organ_LNG,8978
AE-E-MTAB-11536,AE-E-MTAB-11536-donor_D496-organ_LNG,18392
AE-E-MTAB-11536,AE-E-MTAB-11536-donor_A29-organ_LLN,4570
AE-E-MTAB-11536,AE-E-MTAB-11536-donor_A31-organ_LLN,3003
AE-E-MTAB-11536,AE-E-MTAB-11536-donor_A36-organ_LLN,4979
AE-E-MTAB-11536,AE-E-MTAB-11536-donor_A35-organ_LLN,2448
AE-E-MTAB-11536,AE-E-MTAB-11536-donor_A37-organ_LLN,4339
AE-E-MTAB-11536,AE-E-MTAB-11536-donor_A52-organ_LLN,232
AE-E-MTAB-11536,AE-E-MTAB-11536-donor_582C-organ_LLN,3748
AE-E-MTAB-11536,AE-E-MTAB-11536-donor_621B-organ_LLN,3089
AE-E-MTAB-11536,AE-E-MTAB-11536-donor_637C-organ_LLN,6877
AE-E-MTAB-11536,AE-E-MTAB-11536-donor_640C-organ_LLN,4781
AE-E-MTAB-11536,AE-E-MTAB-11536-donor_D503-organ_LLN,8450
AE-E-MTAB-11536,AE-E-MTAB-11536-donor_D496-organ_LLN,16131
AE-E-MTAB-11536,AE-E-MTAB-11536-donor_A29-organ_MLN,2838
AE-E-MTAB-11536,AE-E-MTAB-11536-donor_A31-organ_MLN,2371
AE-E-MTAB-11536,AE-E-MTAB-11536-donor_A36-organ_MLN,1437
AE-E-MTAB-11536,AE-E-MTAB-11536-donor_A35-organ_MLN,1918
AE-E-MTAB-11536,AE-E-MTAB-11536-donor_A37-organ_MLN,341
AE-E-MTAB-11536,AE-E-MTAB-11536-donor_582C-organ_MLN,440
AE-E-MTAB-11536,AE-E-MTAB-11536-donor_621B-organ_MLN,2153
AE-E-MTAB-11536,AE-E-MTAB-11536-donor_637C-organ_MLN,6345
AE-E-MTAB-11536,AE-E-MTAB-11536-donor_640C-organ_MLN,5354
AE-E-MTAB-11536,AE-E-MTAB-11536-donor_A29-organ_BMA,1410
AE-E-MTAB-11536,AE-E-MTAB-11536-donor_A31-organ_BMA,363
AE-E-MTAB-11536,AE-E-MTAB-11536-donor_A36-organ_BMA,1333
AE-E-MTAB-11536,AE-E-MTAB-11536-donor_A35-organ_BMA,1399
AE-E-MTAB-11536,AE-E-MTAB-11536-donor_A37-organ_BMA,821
AE-E-MTAB-11536,AE-E-MTAB-11536-donor_621B-organ_BMA,711
AE-E-MTAB-11536,AE-E-MTAB-11536-donor_637C-organ_BMA,1616
AE-E-MTAB-11536,AE-E-MTAB-11536-donor_640C-organ_BMA,2048
AE-E-MTAB-11536,AE-E-MTAB-11536-donor_D503-organ_BMA,17621
AE-E-MTAB-11536,AE-E-MTAB-11536-donor_D496-organ_BMA,13185
AE-E-MTAB-11536,AE-E-MTAB-11536-donor_A29-organ_SKM,16
AE-E-MTAB-11536,AE-E-MTAB-11536-donor_A31-organ_SKM,2
AE-E-MTAB-11536,AE-E-MTAB-11536-donor_A36-organ_SKM,2
AE-E-MTAB-11536,AE-E-MTAB-11536-donor_A35-organ_SKM,795
AE-E-MTAB-11536,AE-E-MTAB-11536-donor_A37-organ_SKM,20
AE-E-MTAB-11536,AE-E-MTAB-11536-donor_A29-organ_LIV,660
AE-E-MTAB-11536,AE-E-MTAB-11536-donor_A31-organ_LIV,2056
AE-E-MTAB-11536,AE-E-MTAB-11536-donor_A36-organ_LIV,1892
AE-E-MTAB-11536,AE-E-MTAB-11536-donor_A35-organ_LIV,244
AE-E-MTAB-11536,AE-E-MTAB-11536-donor_A52-organ_LIV,1816
AE-E-MTAB-11536,AE-E-MTAB-11536-donor_637C-organ_LIV,2867
AE-E-MTAB-11536,AE-E-MTAB-11536-donor_640C-organ_LIV,3833
AE-E-MTAB-11536,AE-E-MTAB-11536-donor_A29-organ_SPL,3623
AE-E-MTAB-11536,AE-E-MTAB-11536-donor_A31-organ_SPL,2171
AE-E-MTAB-11536,AE-E-MTAB-11536-donor_A36-organ_SPL,8468
AE-E-MTAB-11536,AE-E-MTAB-11536-donor_A35-organ_SPL,2550
AE-E-MTAB-11536,AE-E-MTAB-11536-donor_A37-organ_SPL,3409
AE-E-MTAB-11536,AE-E-MTAB-11536-donor_A52-organ_SPL,1609
AE-E-MTAB-11536,AE-E-MTAB-11536-donor_582C-organ_SPL,6525
AE-E-MTAB-11536,AE-E-MTAB-11536-donor_621B-organ_SPL,4574
AE-E-MTAB-11536,AE-E-MTAB-11536-donor_637C-organ_SPL,5313
AE-E-MTAB-11536,AE-E-MTAB-11536-donor_640C-organ_SPL,4741
AE-E-MTAB-11536,AE-E-MTAB-11536-donor_D503-organ_SPL,11994
AE-E-MTAB-11536,AE-E-MTAB-11536-donor_D496-organ_SPL,16985
AE-E-MTAB-11536,AE-E-MTAB-11536-donor_A31-organ_OME,30
AE-E-MTAB-11536,AE-E-MTAB-11536-donor_A36-organ_OME,152
AE-E-MTAB-11536,AE-E-MTAB-11536-donor_A35-organ_OME,91
AE-E-MTAB-11536,AE-E-MTAB-11536-donor_A37-organ_OME,324
AE-E-MTAB-11536,AE-E-MTAB-11536-donor_A29-organ_CAE,268
AE-E-MTAB-11536,AE-E-MTAB-11536-donor_A31-organ_CAE,71
AE-E-MTAB-11536,AE-E-MTAB-11536-donor_A36-organ_CAE,10
AE-E-MTAB-11536,AE-E-MTAB-11536-donor_A35-organ_CAE,84
AE-E-MTAB-11536,AE-E-MTAB-11536-donor_A31-organ_THY,354
AE-E-MTAB-11536,AE-E-MTAB-11536-donor_A31-organ_DUO,735
AE-E-MTAB-11536,AE-E-MTAB-11536-donor_A35-organ_DUO,4
AE-E-MTAB-11536,AE-E-MTAB-11536-donor_A37-organ_DUO,25
AE-E-MTAB-11536,AE-E-MTAB-11536-donor_A36-organ_BLD,3360
AE-E-MTAB-11536,AE-E-MTAB-11536-donor_A35-organ_BLD,1411
AE-E-MTAB-11536,AE-E-MTAB-11536-donor_621B-organ_BLD,105
AE-E-MTAB-11536,AE-E-MTAB-11536-donor_637C-organ_BLD,779
AE-E-MTAB-11536,AE-E-MTAB-11536-donor_D503-organ_BLD,12775
AE-E-MTAB-11536,AE-E-MTAB-11536-donor_D496-organ_BLD,9190
AE-E-MTAB-11536,AE-E-MTAB-11536-donor_A29-organ_TCL,262
AE-E-MTAB-11536,AE-E-MTAB-11536-donor_A29-organ_SCL,133
AE-E-MTAB-11536,AE-E-MTAB-11536-donor_582C-organ_JEJLP,409
AE-E-MTAB-11536,AE-E-MTAB-11536-donor_637C-organ_JEJLP,47
AE-E-MTAB-11536,AE-E-MTAB-11536-donor_640C-organ_JEJLP,6289
AE-E-MTAB-11536,AE-E-MTAB-11536-donor_D503-organ_JEJLP,9969
AE-E-MTAB-11536,AE-E-MTAB-11536-donor_D496-organ_JEJLP,6973
AE-E-MTAB-11536,AE-E-MTAB-11536-donor_582C-organ_JEJEPI,468
AE-E-MTAB-11536,AE-E-MTAB-11536-donor_637C-organ_JEJEPI,1917
AE-E-MTAB-11536,AE-E-MTAB-11536-donor_640C-organ_JEJEPI,8284
AE-E-MTAB-11536,AE-E-MTAB-11536-donor_D503-organ_JEJEPI,9217
AE-E-MTAB-11536,AE-E-MTAB-11536-donor_D496-organ_JEJEPI,7201
fetal_immune,fetal_immune-F45_SK_CD45P_FCAImmP7579224,1984
fetal_immune,fetal_immune-F51_SP_CD45N_FCAImmP7803039,7627
fetal_immune,fetal_immune-F37_YS_TOT_FCAImmP7504909,2962
fetal_immune,fetal_immune-F23_LI_CD45P_FCAImmP7198630,3733
fetal_immune,fetal_immune-F30_TH_CD45P_FCAImmP7277564,4597
fetal_immune,fetal_immune-F38_SP_CD45P_FCAImmP7528279,2886
fetal_immune,fetal_immune-F41_LI_CD45N_FCAImmP7555857,4934
fetal_immune,fetal_immune-F73_GU_CD45P_CD45N_Human_colon_16S8159187,11141
fetal_immune,fetal_immune-F78_GU_CD45P_CD45N_FCA_gut8015060,1918
fetal_immune,fetal_immune-F45_SK_CD45P_FCAImmP7579212,2232
fetal_immune,fetal_immune-F66_GU_TOT_Human_colon_16S7985391,3973
fetal_immune,fetal_immune-F45_SK_CD45N_FCAImmP7579213,3867
fetal_immune,fetal_immune-F29_BM_CD45N_FCAImmP7277559,5694
fetal_immune,fetal_immune-F69_SP_CD45N_FCAImmP7964500,712
fetal_immune,fetal_immune-F33_SK_CD45N_FCAImmP7316888,6102
fetal_immune,fetal_immune-F61_LI_CD45P_FCAImmP7862084,8451
fetal_immune,fetal_immune-F61_YS_CD45P_FCAImmP7862088,5574
fetal_immune,fetal_immune-F29_LI_CD45P_FCAImmP7277552,3176
fetal_immune,fetal_immune-F61_YS_CD45N_FCAImmP7862093,9113
fetal_immune,fetal_immune-F41_KI_CD45P_FCAImmP7555859,2887
fetal_immune,fetal_immune-F41_BM_CD45N_FCAImmP7555854,2167
fetal_immune,fetal_immune-F33_SK_CD45P_FCAImmP7316886,4634
fetal_immune,fetal_immune-F22_YS_TOT_FCAImmP7198435,42
fetal_immune,fetal_immune-F22_TH_TOT_FCAImmP7198432,143
fetal_immune,fetal_immune-F71_SK_CD45P_FCAImmP7964507,2952
fetal_immune,fetal_immune-F45_BM_CD45N_FCAImmP7579221,2055
fetal_immune,fetal_immune-F30_SP_TOT_FCAImmP7292033,4677
fetal_immune,fetal_immune-F34_LI_CD45N_FCAImmP7352195,5093
fetal_immune,fetal_immune-F35_KI_CD45P_FCAImmP7462242,1791
fetal_immune,fetal_immune-F19_LI_CD45P_FCAImmP7241242,21
fetal_immune,fetal_immune-F78_GU_CD45P_CD45N_FCA_gut8015059,1552
fetal_immune,fetal_immune-F30_LI_CD45N_FCAImmP7277561,5697
fetal_immune,fetal_immune-F72_GU_CD45P_CD45N_Human_colon_16S8159185,378
fetal_immune,fetal_immune-F67_GU_TOT_Human_colon_16S7985393,4013
fetal_immune,fetal_immune-F38_LI_CD45P_FCAImmP7528287,2301
fetal_immune,fetal_immune-F22_SP_TOT_FCAImmP7198433,397
fetal_immune,fetal_immune-F30_LI_TOT_FCAImmP7292032,6944
fetal_immune,fetal_immune-F51_SP_CD45N_FCAImmP7803041,3276
fetal_immune,fetal_immune-F34_SK_CD45P_FCAImmP7352189,2619
fetal_immune,fetal_immune-F61_LI_CD45P_FCAImmP7862085,7773
fetal_immune,fetal_immune-F38_LI_CD45P_FCAImmP7528295,3014
fetal_immune,fetal_immune-F50_SP_CD45N_FCAImmP7803023,4614
fetal_immune,fetal_immune-F51_SK_CD45N_FCAImmP7803043,6494
fetal_immune,fetal_immune-F66_GU_TOT_Human_colon_16S7985389,4330
fetal_immune,fetal_immune-F38_SK_CD45P_FCAImmP7528296,3345
fetal_immune,fetal_immune-F61_YS_CD45P_FCAImmP7862090,3187
fetal_immune,fetal_immune-F72_GU_CD45P_CD45N_Human_colon_16S8159183,5647
fetal_immune,fetal_immune-F69_SK_CD45P_FCAImmP7964502,889
fetal_immune,fetal_immune-F45_SP_CD45N_FCAImmP7579229,5118
fetal_immune,fetal_immune-F51_SP_CD45P_FCAImmP7803038,7617
fetal_immune,fetal_immune-F51_BM_CD45P_FCAImmP7803029,4596
fetal_immune,fetal_immune-F21_TH_CD45P_FCAImmP7179369,4088
fetal_immune,fetal_immune-F38_LI_CD45N_FCAImmP7528289,3349
fetal_immune,fetal_immune-F50_SK_CD45N_FCAImmP7803026,6127
fetal_immune,fetal_immune-F66_GU_TOT_Human_colon_16S7985390,2902
fetal_immune,fetal_immune-F41_KI_CD45N_FCAImmP7555850,2049
fetal_immune,fetal_immune-F41_TH_CD45N_FCAImmP7555852,3158
fetal_immune,fetal_immune-F32_TH_CD45P_FCAImmP7316898,2566
fetal_immune,fetal_immune-F50_SK_CD45P_FCAImmP7803025,4504
fetal_immune,fetal_immune-F50_SK_CD45P_FCAImmP7803024,3429
fetal_immune,fetal_immune-F67_TH_CD137_FCAImmP7851896,3227
fetal_immune,fetal_immune-F33_LI_CD45P_FCAImmP7316890,5177
fetal_immune,fetal_immune-F34_SK_CD45N_FCAImmP7352190,6275
fetal_immune,fetal_immune-F37_YS_TOT_FCAImmP7504911,3069
fetal_immune,fetal_immune-F69_SP_CD45P_FCAImmP7964499,416
fetal_immune,fetal_immune-F78_GU_CD45P_CD45N_FCA_gut8015058,1854
fetal_immune,fetal_immune-F38_TH_CD45P_FCAImmP7528283,2491
fetal_immune,fetal_immune-F41_TH_CD45P_FCAImmP7555860,1279
fetal_immune,fetal_immune-F34_LI_CD45P_FCAImmP7352193,5770
fetal_immune,fetal_immune-F71_SK_CD45N_FCAImmP7964508,7458
fetal_immune,fetal_immune-F41_BM_CD45N_FCAImmP7555855,2260
fetal_immune,fetal_immune-F41_SK_CD45P_FCAImmP7555858,506
fetal_immune,fetal_immune-F67_TH_MAIT_FCAImmP7851897,2577
fetal_immune,fetal_immune-F41_LI_CD45N_FCAImmP7555847,5476
fetal_immune,fetal_immune-F29_LI_CD45N_FCAImmP7277553,4740
fetal_immune,fetal_immune-F50_BM_CD45P_FCAImmP7803016,3669
fetal_immune,fetal_immune-F32_SK_CD45P_FCAImmP7316896,3101
fetal_immune,fetal_immune-F45_TH_CD45N_FCAImmP7579231,7250
fetal_immune,fetal_immune-F32_LI_CD45P_FCAImmP7316894,4399
fetal_immune,fetal_immune-F37_YS_TOT_FCAImmP7504913,2684
fetal_immune,fetal_immune-F29_SP_CD45P_FCAImmP7277554,3723
fetal_immune,fetal_immune-F38_BM_CD45P_FCAImmP7528281,1806
fetal_immune,fetal_immune-F51_SK_CD45P_FCAImmP7803034,6900
fetal_immune,fetal_immune-F61_YS_CD45N_FCAImmP7862091,8936
fetal_immune,fetal_immune-F45_LI_CD45N_FCAImmP7579227,2569
fetal_immune,fetal_immune-F32_LI_CD45N_FCAImmP7316895,4575
fetal_immune,fetal_immune-F19_SK_CD45P_FCAImmP7241240,374
fetal_immune,fetal_immune-F30_SP_CD45P_FCAImmP7277562,4328
fetal_immune,fetal_immune-F73_GU_CD45P_CD45N_Human_colon_16S8159189,3563
fetal_immune,fetal_immune-F32_TH_CD45N_FCAImmP7316899,2289
fetal_immune,fetal_immune-F64_TH_TOT_FCAImmP7851890,3815
fetal_immune,fetal_immune-F45_BM_CD45P_FCAImmP7579232,4142
fetal_immune,fetal_immune-F50_BM_CD45N_FCAImmP7803019,2596
fetal_immune,fetal_immune-F21_LI_CD45P_FCAImmP7179363,3859
fetal_immune,fetal_immune-F61_YS_CD45N_FCAImmP7862092,8733
fetal_immune,fetal_immune-F61_LI_CD45N_FCAImmP7862086,8192
fetal_immune,fetal_immune-F73_GU_CD45P_CD45N_Human_colon_16S8159188,9447
fetal_immune,fetal_immune-F51_SP_CD45N_FCAImmP7803040,8726
fetal_immune,fetal_immune-F72_MLN_CD45P_CD45N_Human_colon_16S8159186,2979
fetal_immune,fetal_immune-F38_SK_CD45N_FCAImmP7528291,4831
fetal_immune,fetal_immune-F22_LI_CD45N_FCAImmP7198629,4871
fetal_immune,fetal_immune-F33_LI_CD45P_FCAImmP7316891,5048
fetal_immune,fetal_immune-F38_TH_CD45N_FCAImmP7528284,1586
fetal_immune,fetal_immune-F51_BM_CD45P_FCAImmP7803030,4575
fetal_immune,fetal_immune-F41_KI_CD45P_FCAImmP7555849,3410
fetal_immune,fetal_immune-F69_SK_CD45N_FCAImmP7964504,6457
fetal_immune,fetal_immune-F78_MLN_CD45P_CD45N_FCA_gut8015061,3513
fetal_immune,fetal_immune-F41_BM_CD45P_FCAImmP7555853,3726
fetal_immune,fetal_immune-F67_TH_TOT_FCAImmP7851893,3312
fetal_immune,fetal_immune-F71_SK_CD45EN_FCAImmP7964510,6235
fetal_immune,fetal_immune-F30_LI_CD45P_FCAImmP7277560,6537
fetal_immune,fetal_immune-F38_SP_CD45N_FCAImmP7528280,4113
fetal_immune,fetal_immune-F29_SP_CD45N_FCAImmP7277555,2191
fetal_immune,fetal_immune-F33_LI_CD45P_FCAImmP7316889,4808
fetal_immune,fetal_immune-F64_TH_TOT_FCAImmP7851891,3865
fetal_immune,fetal_immune-F38_LI_CD45P_FCAImmP7528286,2556
fetal_immune,fetal_immune-F19_LI_CD45N_FCAImmP7241243,130
fetal_immune,fetal_immune-F29_LI_TOT_FCAImmP7292028,2728
fetal_immune,fetal_immune-F41_TH_CD45N_FCAImmP7555861,2074
fetal_immune,fetal_immune-F78_GU_CD45P_CD45N_FCA_gut8015057,777
fetal_immune,fetal_immune-F35_SK_CD45N_FCAImmP7462241,4881
fetal_immune,fetal_immune-F21_SP_CD45N_FCAImmP7179366,4226
fetal_immune,fetal_immune-F67_TH_TOT_FCAImmP7851894,3823
fetal_immune,fetal_immune-F29_SP_TOT_FCAImmP7292029,5184
fetal_immune,fetal_immune-F38_SK_CD45P_FCAImmP7528290,3366
fetal_immune,fetal_immune-F29_TH_CD45P_FCAImmP7277556,5834
fetal_immune,fetal_immune-F51_SP_CD45P_FCAImmP7803037,7677
fetal_immune,fetal_immune-F41_BM_CD45P_FCAImmP7555862,4181
fetal_immune,fetal_immune-F45_KI_CD45N_FCAImmP7579225,1419
fetal_immune,fetal_immune-F21_BM_CD45P_FCAImmP7179367,3778
fetal_immune,fetal_immune-F73_GU_CD45P_CD45N_Human_colon_16S8159190,5698
fetal_immune,fetal_immune-F72_GU_CD45P_CD45N_Human_colon_16S8159182,8348
fetal_immune,fetal_immune-F19_SK_CD45N_FCAImmP7241241,5076
fetal_immune,fetal_immune-F23_SP_CD45P_FCAImmP7198632,5016
fetal_immune,fetal_immune-F34_LI_CD45P_FCAImmP7352192,5365
fetal_immune,fetal_immune-F45_LI_CD45N_FCAImmP7579223,3003
fetal_immune,fetal_immune-F21_LI_CD45N_FCAImmP7179364,5913
fetal_immune,fetal_immune-F30_TH_TOT_FCAImmP7292034,5200
fetal_immune,fetal_immune-F45_TH_CD45P_FCAImmP7579218,1975
fetal_immune,fetal_immune-F69_SK_CD45EN_FCAImmP7964505,3207
fetal_immune,fetal_immune-F35_LI_CD45N_FCAImmP7462239,4309
fetal_immune,fetal_immune-F35_KI_CD45N_FCAImmP7462243,4608
fetal_immune,fetal_immune-F50_SK_CD45N_FCAImmP7803027,5772
fetal_immune,fetal_immune-F38_TH_CD45P_FCAImmP7528294,3036
fetal_immune,fetal_immune-F23_TH_CD45N_FCAImmP7198635,3049
fetal_immune,fetal_immune-F61_LI_TOT_FCAImmP7862087,7784
fetal_immune,fetal_immune-F32_YS_TOT_FCAImmP7316900,720
fetal_immune,fetal_immune-F51_BM_CD45N_FCAImmP7803032,2440
fetal_immune,fetal_immune-F30_BM_TOT_FCAImmP7292035,1903
fetal_immune,fetal_immune-F51_BM_CD45N_FCAImmP7803033,2568
fetal_immune,fetal_immune-F45_KI_CD45N_FCAImmP7579215,2675
fetal_immune,fetal_immune-F23_TH_CD45P_FCAImmP7198634,2646
fetal_immune,fetal_immune-F45_SP_CD45N_FCAImmP7579217,3685
fetal_immune,fetal_immune-F51_BM_CD45P_FCAImmP7803028,4909
fetal_immune,fetal_immune-F23_SP_CD45N_FCAImmP7198633,4916
fetal_immune,fetal_immune-F41_LI_CD45P_FCAImmP7555846,4523
fetal_immune,fetal_immune-F67_GU_TOT_Human_colon_16S7985394,3846
fetal_immune,fetal_immune-F45_KI_CD45P_FCAImmP7579214,2062
fetal_immune,fetal_immune-F35_YS_TOT_FCAImmP7462244,1524
fetal_immune,fetal_immune-F45_SP_CD45P_FCAImmP7579228,5458
fetal_immune,fetal_immune-F37_YS_TOT_FCAImmP7504910,2523
fetal_immune,fetal_immune-F33_LI_CD45N_FCAImmP7316892,5191
fetal_immune,fetal_immune-F22_LI_TOT_FCAImmP7198434,7577
fetal_immune,fetal_immune-F35_SK_CD45P_FCAImmP7462240,3350
fetal_immune,fetal_immune-F29_BM_CD45P_FCAImmP7277558,2364
fetal_immune,fetal_immune-F21_SP_CD45P_FCAImmP7179365,5438
fetal_immune,fetal_immune-F38_BM_CD45N_FCAImmP7528282,1392
fetal_immune,fetal_immune-F38_TH_CD45N_FCAImmP7528285,1850
fetal_immune,fetal_immune-F45_BM_CD45P_FCAImmP7579220,3163
fetal_immune,fetal_immune-F67_TH_TOT_FCAImmP7851892,3406
fetal_immune,fetal_immune-F50_BM_CD45N_FCAImmP7803018,2478
fetal_immune,fetal_immune-F29_BM_TOT_FCAImmP7292031,7079
fetal_immune,fetal_immune-F38_KI_CD45N_FCAImmP7528293,3705
fetal_immune,fetal_immune-F45_LI_CD45P_FCAImmP7579222,3612
fetal_immune,fetal_immune-F34_SK_CD45N_FCAImmP7352191,6534
fetal_immune,fetal_immune-F21_BM_CD45N_FCAImmP7179368,2383
fetal_immune,fetal_immune-F50_SP_CD45N_FCAImmP7803022,4431
fetal_immune,fetal_immune-F71_SK_CD45P_FCAImmP7964506,3557
fetal_immune,fetal_immune-F51_SK_CD45P_FCAImmP7803035,6204
fetal_immune,fetal_immune-F21_TH_CD45N_FCAImmP7179370,4395
fetal_immune,fetal_immune-F33_SK_CD45P_FCAImmP7316887,4481
fetal_immune,fetal_immune-F66_GU_TOT_Human_colon_16S7985392,3914
fetal_immune,fetal_immune-F30_BM_CD45P_FCAImmP7277566,6397
fetal_immune,fetal_immune-F23_LI_CD45N_FCAImmP7198631,4060
fetal_immune,fetal_immune-F72_GU_CD45P_CD45N_Human_colon_16S8159184,6924
fetal_immune,fetal_immune-F34_LI_CD45P_FCAImmP7352196,5145
fetal_immune,fetal_immune-F38_LI_CD45N_FCAImmP7528288,3478
fetal_immune,fetal_immune-F51_BM_CD45N_FCAImmP7803031,2653
fetal_immune,fetal_immune-F69_SP_CD45N_FCAImmP7964501,934
fetal_immune,fetal_immune-F41_LI_CD45P_FCAImmP7555856,4205
fetal_immune,fetal_immune-F32_LI_CD45P_FCAImmP7316901,4060
fetal_immune,fetal_immune-F33_LI_CD45N_FCAImmP7316893,5167
fetal_immune,fetal_immune-F30_BM_CD45N_FCAImmP7277567,3960
fetal_immune,fetal_immune-F45_TH_CD45N_FCAImmP7579219,8484
fetal_immune,fetal_immune-F41_TH_CD45P_FCAImmP7555851,3025
fetal_immune,fetal_immune-F34_LI_CD45N_FCAImmP7352194,4907
fetal_immune,fetal_immune-F30_SP_CD45N_FCAImmP7277563,3110
fetal_immune,fetal_immune-F51_SP_CD45P_FCAImmP7803036,4806
fetal_immune,fetal_immune-F45_SP_CD45P_FCAImmP7579216,5281
fetal_immune,fetal_immune-F67_TH_TOT_FCAImmP7851895,3080
fetal_immune,fetal_immune-F67_GU_TOT_Human_colon_16S7985395,1848
fetal_immune,fetal_immune-F29_TH_TOT_FCAImmP7292030,5131
fetal_immune,fetal_immune-F37_YS_TOT_FCAImmP7504912,2801
fetal_immune,fetal_immune-F50_BM_CD45P_FCAImmP7803017,3741
fetal_immune,fetal_immune-F61_SK_CD45P_FCAImmP7862094,2665
fetal_immune,fetal_immune-F38_KI_CD45P_FCAImmP7528292,2166
fetal_immune,fetal_immune-F35_LI_CD45P_FCAImmP7462238,3090
fetal_immune,fetal_immune-F45_TH_CD45P_FCAImmP7579230,2442
fetal_immune,fetal_immune-F45_LI_CD45P_FCAImmP7579226,8941
fetal_immune,fetal_immune-F45_BM_CD45N_FCAImmP7579233,2391
fetal_immune,fetal_immune-F69_SK_CD45N_FCAImmP7964503,7033
fetal_immune,fetal_immune-F50_SP_CD45P_FCAImmP7803021,5880
fetal_immune,fetal_immune-F22_LI_CD45P_FCAImmP7198628,3050
fetal_immune,fetal_immune-F61_YS_CD45P_FCAImmP7862089,4965
fetal_immune,fetal_immune-F32_SK_CD45N_FCAImmP7316897,7970
fetal_immune,fetal_immune-F50_SP_CD45P_FCAImmP7803020,5632
fetal_immune,fetal_immune-F71_SK_CD45N_FCAImmP7964509,7259
fetal_immune,fetal_immune-F41_SK_CD45N_FCAImmP7555848,3306
fetal_immune,fetal_immune-F61_SK_CD45N_FCAImmP7862096,7389
fetal_immune,fetal_immune-F30_TH_CD45N_FCAImmP7277565,2922
fetal_immune,fetal_immune-F51_SK_CD45N_FCAImmP7803042,7566
fetal_immune,fetal_immune-ATO_6180STDY9448808,1910
fetal_immune,fetal_immune-ATO_6180STDY9448811,1840
fetal_immune,fetal_immune-ATO_6180STDY9448813,6709
GEO-GSE130076,GEO-GSM3731532,24871
GEO-GSE150068,GEO-GSM4522986,11407
GEO-GSE150068,GEO-GSM4522987,9928
GEO-GSE150068,GEO-GSM4522988,8148
GEO-GSE150068,GEO-GSM4522989,16589
GEO-GSE150068,GEO-GSM4522990,1831
GEO-GSE150068,GEO-GSM4522991,2461
GEO-GSE150247,GEO-GSM4544005,5489
GEO-GSE150247,GEO-GSM4544006,8526
GEO-GSE150247,GEO-GSM4544007,8412
GEO-GSE162936,GEO-GSM4968655,10225
GEO-GSE162936,GEO-GSM4968656,10220
GEO-GSE168775,GEO-GSM5169175,5324
GEO-GSE168775,GEO-GSM5169176,2351
GEO-GSE168775,GEO-GSM5169177,2943
GEO-GSE168775,GEO-GSM5169178,3831
GEO-GSE168775,GEO-GSM5169179,3225
GEO-GSE168775,GEO-GSM5169180,6759
GEO-GSE168775,GEO-GSM5169181,2469
GEO-GSE168775,GEO-GSM5169182,3841
GEO-GSE143706,GEO-GSM4272915,2247
GEO-GSE143706,GEO-GSM4272916,6256
GEO-GSE143706,GEO-GSM4272917,1582
GEO-GSE143706,GEO-GSM4272918,2805
GEO-GSE143706,GEO-GSM4272919,1387
GEO-GSE143706,GEO-GSM4272920,2310
GEO-GSE143706,GEO-GSM4272921,2452
GEO-GSE143706,GEO-GSM4272922,3516
GEO-GSE143706,GEO-GSM4272923,4175
GEO-GSE143706,GEO-GSM4272924,5191
GEO-GSE143706,GEO-GSM4272925,1469
GEO-GSE143706,GEO-GSM4272926,4748
GEO-GSE143706,GEO-GSM4272927,1488
GEO-GSE156310,GEO-GSM4728858,3934
GEO-GSE156310,GEO-GSM4728859,4597
GEO-GSE161934,GEO-GSM4923494,4983
GEO-GSE167295,GEO-GSM5100998,5670
GEO-GSE167295,GEO-GSM5100999,3376
GEO-GSE167295,GEO-GSM5101000,3253
GEO-GSE137912,GEO-GSM4094251,1117
GEO-GSE137912,GEO-GSM4094252,1254
GEO-GSE137912,GEO-GSM4094253,894
GEO-GSE137912,GEO-GSM4094254,961
GEO-GSE137912,GEO-GSM4094255,501
GEO-GSE137912,GEO-GSM4094256,569
GEO-GSE137912,GEO-GSM4094257,338
GEO-GSE137912,GEO-GSM4094258,958
GEO-GSE137912,GEO-GSM4094259,1053
GEO-GSE137912,GEO-GSM4094260,1616
GEO-GSE137912,GEO-GSM4094261,203
GEO-GSE137912,GEO-GSM4094262,1536
GEO-GSE145926,GEO-GSM4339769,4224
GEO-GSE145926,GEO-GSM4339770,4544
GEO-GSE145926,GEO-GSM4339771,20265
GEO-GSE145926,GEO-GSM4339772,898
GEO-GSE145926,GEO-GSM4339773,17384
GEO-GSE145926,GEO-GSM4339774,3362
GEO-GSE145926,GEO-GSM4475048,11112
GEO-GSE145926,GEO-GSM4475049,10359
GEO-GSE145926,GEO-GSM4475050,6563
GEO-GSE145926,GEO-GSM4475051,2393
GEO-GSE145926,GEO-GSM4475052,2480
GEO-GSE145926,GEO-GSM4475053,6928
GEO-GSE146981,GEO-GSM4411701,2637
GEO-GSE146981,GEO-GSM4411702,1173
GEO-GSE146981,GEO-GSM4411703,288
GEO-GSE146981,GEO-GSM4411704,3959
GEO-GSE146981,GEO-GSM4411705,1839
GEO-GSE146981,GEO-GSM4411706,1719
GEO-GSE146981,GEO-GSM4411707,1450
GEO-GSE146981,GEO-GSM4411708,1311
GEO-GSE146981,GEO-GSM4411709,1582
GEO-GSE146981,GEO-GSM4411710,2214
GEO-GSE146981,GEO-GSM4411711,1968
GEO-GSE146981,GEO-GSM4411712,507
GEO-GSE146981,GEO-GSM4411713,233
GEO-GSE146981,GEO-GSM4411714,997
GEO-GSE146981,GEO-GSM4411715,1506
GEO-GSE146981,GEO-GSM4411716,3048
GEO-GSE146981,GEO-GSM4411717,1932
GEO-GSE146981,GEO-GSM4411718,2452
GEO-GSE146981,GEO-GSM4411719,3516
GEO-GSE146981,GEO-GSM4411720,4175
GEO-GSE146981,GEO-GSM4411721,8177
GEO-GSE146981,GEO-GSM4411722,5191
GEO-GSE146981,GEO-GSM4411723,3200
GEO-GSE146981,GEO-GSM4411724,1469
GEO-GSE146981,GEO-GSM4411725,2839
GEO-GSE146981,GEO-GSM4411726,4748
GEO-GSE146981,GEO-GSM4411727,1902
GEO-GSE146981,GEO-GSM4411728,1488
GEO-GSE134355,GEO-GSM3943045,3227
GEO-GSE134355,GEO-GSM3943046,7041
GEO-GSE134355,GEO-GSM3943047,19994
GEO-GSE134355,GEO-GSM3980123,9794
GEO-GSE134355,GEO-GSM3980124,9994
GEO-GSE134355,GEO-GSM3980126,3802
GEO-GSE134355,GEO-GSM3980127,5925
GEO-GSE134355,GEO-GSM3980128,8353
GEO-GSE134355,GEO-GSM3980129,9851
GEO-GSE134355,GEO-GSM3980130,9964
GEO-GSE134355,GEO-GSM3980132,7787
GEO-GSE134355,GEO-GSM3980133,4497
GEO-GSE134355,GEO-GSM3980134,9879
GEO-GSE134355,GEO-GSM3980135,8783
GEO-GSE134355,GEO-GSM3980136,9797
GEO-GSE134355,GEO-GSM3980137,9474
GEO-GSE134355,GEO-GSM3980138,4913
GEO-GSE134355,GEO-GSM3980139,5615
GEO-GSE134355,GEO-GSM4008619,9943
GEO-GSE134355,GEO-GSM4008620,9988
GEO-GSE134355,GEO-GSM4008621,2989
GEO-GSE134355,GEO-GSM4008622,3564
GEO-GSE134355,GEO-GSM4008623,2251
GEO-GSE134355,GEO-GSM4008624,3342
GEO-GSE134355,GEO-GSM4008625,8644
GEO-GSE134355,GEO-GSM4008626,5624
GEO-GSE134355,GEO-GSM4008627,4422
GEO-GSE134355,GEO-GSM4008628,9933
GEO-GSE134355,GEO-GSM4008629,9735
GEO-GSE134355,GEO-GSM4008630,3911
GEO-GSE134355,GEO-GSM4008631,4426
GEO-GSE134355,GEO-GSM4008632,4160
GEO-GSE134355,GEO-GSM4008633,4188
GEO-GSE134355,GEO-GSM4008634,9977
GEO-GSE134355,GEO-GSM4008635,9998
GEO-GSE134355,GEO-GSM4008636,3538
GEO-GSE134355,GEO-GSM4008637,9049
GEO-GSE134355,GEO-GSM4008638,4114
GEO-GSE134355,GEO-GSM4008639,8922
GEO-GSE134355,GEO-GSM4008640,3059
GEO-GSE134355,GEO-GSM4008641,3317
GEO-GSE134355,GEO-GSM4008642,4310
GEO-GSE134355,GEO-GSM4008643,7525
GEO-GSE134355,GEO-GSM4008644,6017
GEO-GSE134355,GEO-GSM4008645,10000
GEO-GSE134355,GEO-GSM4008646,4788
GEO-GSE134355,GEO-GSM4008649,7512
GEO-GSE134355,GEO-GSM4008650,8995
GEO-GSE134355,GEO-GSM4008656,8894
GEO-GSE134355,GEO-GSM4008657,8084
GEO-GSE134355,GEO-GSM4008658,9945
GEO-GSE134355,GEO-GSM4008659,8550
GEO-GSE134355,GEO-GSM4008660,9300
GEO-GSE134355,GEO-GSM4008661,9998
GEO-GSE134355,GEO-GSM4008665,2944
GEO-GSE134355,GEO-GSM4008666,9932
GEO-GSE134355,GEO-GSM4008667,9997
GEO-GSE134355,GEO-GSM4008668,5877
GEO-GSE134355,GEO-GSM4008669,4582
GEO-GSE134355,GEO-GSM4008670,5962
GEO-GSE134355,GEO-GSM4008671,9628
GEO-GSE134355,GEO-GSM4008672,9845
GEO-GSE134355,GEO-GSM4008673,7919
GEO-GSE134355,GEO-GSM4008674,9992
GEO-GSE134355,GEO-GSM4008675,9907
GEO-GSE134355,GEO-GSM4008676,4415
GEO-GSE134355,GEO-GSM4008677,6698
GEO-GSE134355,GEO-GSM4008678,7697
GEO-GSE134355,GEO-GSM4008679,9577
GEO-GSE134355,GEO-GSM4008680,9596
GEO-GSE134355,GEO-GSM4008681,5049
GEO-GSE134355,GEO-GSM4008682,9860
GEO-GSE134355,GEO-GSM4008683,5145
GEO-GSE134355,GEO-GSM4008684,4393
GEO-GSE134355,GEO-GSM4008685,8783
GEO-GSE134355,GEO-GSM4008686,9645
GEO-GSE134355,GEO-GSM4008687,4566
GEO-GSE134355,GEO-GSM4008693,9091
GEO-GSE134355,GEO-GSM4008694,9392
GEO-GSE134355,GEO-GSM4008695,9986
GEO-GSE134355,GEO-GSM4008696,8443
GEO-GSE134355,GEO-GSM4008697,9176
GEO-GSE134355,GEO-GSM4008698,8489
GEO-GSE134355,GEO-GSM4008699,8360
GEO-GSE134355,GEO-GSM4008700,9182
GEO-GSE134355,GEO-GSM4008701,9320
GEO-GSE134355,GEO-GSM4008702,10000
GEO-GSE134355,GEO-GSM4008703,19775
GEO-GSE134355,GEO-GSM4008704,9961
GEO-GSE134355,GEO-GSM4008705,9990
GEO-GSE134355,GEO-GSM4008706,5977
GEO-GSE134355,GEO-GSM4008707,3780
GEO-GSE134355,GEO-GSM4008708,8351
GEO-GSE134355,GEO-GSM4008709,9874
GEO-GSE134355,GEO-GSM4008710,4191
GEO-GSE134355,GEO-GSM4008711,7725
GEO-GSE134355,GEO-GSM4008714,5095
GEO-GSE134355,GEO-GSM4008715,4837
GEO-GSE134355,GEO-GSM4008716,18456
GEO-GSE134355,GEO-GSM4008717,9999
GEO-GSE134355,GEO-GSM4008718,9998
GEO-GSE134355,GEO-GSM4008719,24876
GEO-GSE134355,GEO-GSM4008720,6051
GEO-GSE134355,GEO-GSM4008721,4298
GEO-GSE134355,GEO-GSM4008722,9886
GEO-GSE134355,GEO-GSM4008723,9918
GEO-GSE137026,GEO-GSM4321402,5304
GEO-GSE137026,GEO-GSM4321403,4613
GEO-GSE137026,GEO-GSM4321404,7672
GEO-GSE137026,GEO-GSM4321405,2904
GEO-GSE137026,GEO-GSM4321406,5261
GEO-GSE137026,GEO-GSM4321407,4734
GEO-GSE137026,GEO-GSM4321408,5881
GEO-GSE137026,GEO-GSM4321409,5172
GEO-GSE106850,GEO-GSM2855474,1888
GEO-GSE106850,GEO-GSM2855475,1993
GEO-GSE106850,GEO-GSM2855476,1835
GEO-GSE106850,GEO-GSM2855477,1994
GEO-GSE106850,GEO-GSM2855478,1196
GEO-GSE106850,GEO-GSM2855479,1161
GEO-GSE106850,GEO-GSM2855480,1230
GEO-GSE106850,GEO-GSM2855481,1277
GEO-GSE106850,GEO-GSM2855482,826
GEO-GSE106850,GEO-GSM2855483,768
GEO-GSE106850,GEO-GSM2855484,535
GEO-GSE106850,GEO-GSM2855485,2781
GEO-GSE160903,GEO-GSM4885721,84
GEO-GSE160903,GEO-GSM4885722,267
GEO-GSE160903,GEO-GSM4885723,89
GEO-GSE160903,GEO-GSM4885724,146
GEO-GSE160903,GEO-GSM4885725,242
GEO-GSE160903,GEO-GSM4885726,182
GEO-GSE160903,GEO-GSM4885727,99
GEO-GSE160903,GEO-GSM4885728,175
GEO-GSE160903,GEO-GSM4885729,235
GEO-GSE160903,GEO-GSM4885730,99
GEO-GSE160903,GEO-GSM4885731,68
GEO-GSE160903,GEO-GSM4885732,262
GEO-GSE160903,GEO-GSM4885733,154
GEO-GSE160903,GEO-GSM4885734,175
GEO-GSE160903,GEO-GSM4885735,207
GEO-GSE160903,GEO-GSM4885736,44
GEO-GSE160903,GEO-GSM4885737,140
GEO-GSE160903,GEO-GSM4885738,26
GEO-GSE160903,GEO-GSM4885739,227
GEO-GSE160903,GEO-GSM4885740,191
GEO-GSE160903,GEO-GSM4885741,202
GEO-GSE160903,GEO-GSM4885742,294
GEO-GSE160903,GEO-GSM4885743,273
GEO-GSE160903,GEO-GSM4885744,166
GEO-GSE160903,GEO-GSM4885745,151
GEO-GSE160903,GEO-GSM4885746,267
GEO-GSE160903,GEO-GSM4885747,259
GEO-GSE160903,GEO-GSM4885748,273
GEO-GSE160903,GEO-GSM4885749,277
GEO-GSE160903,GEO-GSM4885750,187
GEO-GSE160903,GEO-GSM4885751,176
GEO-GSE160903,GEO-GSM4885752,166
GEO-GSE160903,GEO-GSM4885753,315
GEO-GSE160903,GEO-GSM4885754,114
GEO-GSE160903,GEO-GSM4885755,240
GEO-GSE160903,GEO-GSM4885756,98
GEO-GSE160903,GEO-GSM4885757,45
GEO-GSE160903,GEO-GSM4885758,159
GEO-GSE160903,GEO-GSM4885759,346
GEO-GSE160903,GEO-GSM4885760,360
GEO-GSE160903,GEO-GSM4885761,371
GEO-GSE160903,GEO-GSM4885762,343
GEO-GSE160903,GEO-GSM4885763,337
GEO-GSE160903,GEO-GSM4885764,360
GEO-GSE160903,GEO-GSM4885765,363
GEO-GSE160903,GEO-GSM4885766,196
GEO-GSE160903,GEO-GSM4885767,257
GEO-GSE160903,GEO-GSM4885768,227
GEO-GSE160903,GEO-GSM4885769,300
GEO-GSE160903,GEO-GSM4885770,282
GEO-GSE160903,GEO-GSM4885771,49
GEO-GSE160903,GEO-GSM4885772,348
GEO-GSE160903,GEO-GSM4885773,304
GEO-GSE160903,GEO-GSM4885774,160
GEO-GSE160903,GEO-GSM4885775,223
GEO-GSE160903,GEO-GSM4885776,295
GEO-GSE160903,GEO-GSM4885777,255
GEO-GSE160903,GEO-GSM4885778,209
GEO-GSE160903,GEO-GSM4885779,8
GEO-GSE160903,GEO-GSM4885780,89
GEO-GSE160903,GEO-GSM4885781,163
GEO-GSE160903,GEO-GSM4885782,53
GEO-GSE160903,GEO-GSM4885783,230
GEO-GSE160903,GEO-GSM4885784,19
GEO-GSE160903,GEO-GSM4885785,163
GEO-GSE160903,GEO-GSM4885786,121
GEO-GSE160903,GEO-GSM4885787,129
GEO-GSE160903,GEO-GSM4885788,132
GEO-GSE160903,GEO-GSM4885789,141
GEO-GSE160903,GEO-GSM4885790,58
GEO-GSE160903,GEO-GSM4885791,129
GEO-GSE160903,GEO-GSM4885792,23
GEO-GSE160903,GEO-GSM4885793,115
GEO-GSE160903,GEO-GSM4885794,3
GEO-GSE160903,GEO-GSM4885795,139
GEO-GSE160903,GEO-GSM5765662,291
GEO-GSE160903,GEO-GSM5765663,283
GEO-GSE160903,GEO-GSM5765664,165
GEO-GSE160903,GEO-GSM5765665,229
GEO-GSE160903,GEO-GSM5765666,320
GEO-GSE160903,GEO-GSM5765667,305
GEO-GSE160903,GEO-GSM5765668,178
GEO-GSE160903,GEO-GSM5765669,282
GEO-GSE160903,GEO-GSM5765670,216
GEO-GSE160903,GEO-GSM5765671,237
GEO-GSE160903,GEO-GSM5765672,335
GEO-GSE160903,GEO-GSM5765673,64
GEO-GSE160903,GEO-GSM5765674,178
GEO-GSE160903,GEO-GSM5765675,325
GEO-GSE160903,GEO-GSM5765676,288
GEO-GSE160903,GEO-GSM5765677,304
GEO-GSE160903,GEO-GSM5765678,299
GEO-GSE160903,GEO-GSM5765679,231
GEO-GSE160903,GEO-GSM5765680,226
GEO-GSE160903,GEO-GSM5765681,149
GEO-GSE149563,GEO-GSM4504966,8483
GEO-GSE149563,GEO-GSM4504967,8149
GEO-GSE150708,GEO-GSM4557108,5679
GEO-GSE150708,GEO-GSM4557109,6783
GEO-GSE150708,GEO-GSM4557110,6803
GEO-GSE150708,GEO-GSM4557111,5917
GEO-GSE150708,GEO-GSM4557112,7389
GEO-GSE169471,GEO-GSM5206779,3255
GEO-GSE169471,GEO-GSM5206780,6278
GEO-GSE169471,GEO-GSM5206781,5428
GEO-GSE169471,GEO-GSM5206782,938
GEO-GSE169471,GEO-GSM5206783,1198
GEO-GSE169471,GEO-GSM5206784,1341
GEO-GSE169471,GEO-GSM5206785,3922
GEO-GSE169471,GEO-GSM5206786,5105
GEO-GSE169471,GEO-GSM5206787,3552
GEO-GSE169471,GEO-GSM5206788,5083
GEO-GSE169471,GEO-GSM5206789,8004
GEO-GSE136246,GEO-GSM4043237,2912
GEO-GSE136246,GEO-GSM4043238,3115
GEO-GSE136246,GEO-GSM4043239,1466
GEO-GSE136246,GEO-GSM4043240,1735
GEO-GSE136246,GEO-GSM4043241,332
GEO-GSE136246,GEO-GSM4043242,297
GEO-GSE136246,GEO-GSM4043243,6860
GEO-GSE136246,GEO-GSM4043244,6711
GEO-GSE136246,GEO-GSM4043245,1709
GEO-GSE136246,GEO-GSM4043246,1635
GEO-GSE136246,GEO-GSM4043247,2060
GEO-GSE136246,GEO-GSM4043248,3733
GEO-GSE136246,GEO-GSM4043249,3896
GEO-GSE136246,GEO-GSM4043250,4345
GEO-GSE136246,GEO-GSM4043251,2424
GEO-GSE136246,GEO-GSM4043252,2982
GEO-GSE136246,GEO-GSM4043253,3338
GEO-GSE136246,GEO-GSM4043254,3051
GEO-GSE136246,GEO-GSM4043255,3624
GEO-GSE136246,GEO-GSM4043256,3285
GEO-GSE136246,GEO-GSM4043257,2749
GEO-GSE136246,GEO-GSM4043258,1664
GEO-GSE136246,GEO-GSM4043259,2446
GEO-GSE136246,GEO-GSM4043260,1974
GEO-GSE166037,GEO-GSM5060554,3171
GEO-GSE166037,GEO-GSM5060555,2391
GEO-GSE162996,GEO-GSM4969889,5679
GEO-GSE162996,GEO-GSM4969890,6783
GEO-GSE162996,GEO-GSM4969891,5917
GEO-GSE128033,GEO-GSM3660641,943
GEO-GSE128033,GEO-GSM3660642,1205
GEO-GSE128033,GEO-GSM3660643,1324
GEO-GSE128033,GEO-GSM3660644,3768
GEO-GSE128033,GEO-GSM3660645,4974
GEO-GSE128033,GEO-GSM3660646,3542
GEO-GSE128033,GEO-GSM3660647,5037
GEO-GSE128033,GEO-GSM3660648,7885
GEO-GSE128033,GEO-GSM3660649,1188
GEO-GSE128033,GEO-GSM3660650,4972
GEO-GSE128033,GEO-GSM3660651,6327
GEO-GSE128033,GEO-GSM3660652,5675
GEO-GSE128033,GEO-GSM3660653,6039
GEO-GSE128033,GEO-GSM3660654,4148
GEO-GSE128033,GEO-GSM3660655,2646
GEO-GSE128033,GEO-GSM3660656,3457
GEO-GSE128033,GEO-GSM3660657,4401
GEO-GSE128033,GEO-GSM3660658,4597
GEO-GSE132914,GEO-GSM3896324,1502
GEO-GSE132914,GEO-GSM3896325,2637
GEO-GSE132914,GEO-GSM3896326,1173
GEO-GSE132914,GEO-GSM3896327,1902
GEO-GSE132914,GEO-GSM3896328,1488
GEO-GSE132914,GEO-GSM3896329,1585
GEO-GSE148113,GEO-GSM4964849,5679
GEO-GSE148113,GEO-GSM4964850,9123
GEO-GSE134837,GEO-GSM4474236,2759
GEO-GSE134837,GEO-GSM4474237,2450
GEO-GSE136719,GEO-GSM4080376,4724
GEO-GSE136719,GEO-GSM4080377,13891
GEO-GSE136719,GEO-GSM4080380,10435
GEO-GSE136719,GEO-GSM4080381,19874
GEO-GSE136719,GEO-GSM4080382,4845
GEO-GSE136719,GEO-GSM4080384,7023
GEO-GSE136719,GEO-GSM4080387,8099
GEO-GSE136719,GEO-GSM4080388,8099
GEO-GSE136719,GEO-GSM4080392,19115
GEO-GSE136719,GEO-GSM4080395,16944
GEO-GSE136719,GEO-GSM4080397,16611
GEO-GSE136719,GEO-GSM4080398,17176
GEO-GSE136719,GEO-GSM4080401,8161
GEO-GSE136719,GEO-GSM4080405,18057
GEO-GSE136719,GEO-GSM4080407,24016
GEO-GSE136719,GEO-GSM4080411,20053
GEO-GSE136719,GEO-GSM4080416,21805
GEO-GSE136719,GEO-GSM4080419,10914
GEO-GSE136719,GEO-GSM4080422,25155
GEO-GSE136719,GEO-GSM4080423,24361
GEO-GSE136719,GEO-GSM4080426,13957
GEO-GSE136719,GEO-GSM4080428,12154
GEO-GSE136719,GEO-GSM4080430,11713
GEO-GSE136719,GEO-GSM4080437,11599
GEO-GSE136719,GEO-GSM4080438,12600
GEO-GSE136719,GEO-GSM4080443,11227
GEO-GSE136719,GEO-GSM4080445,16707
GEO-GSE136719,GEO-GSM4080447,17405
GEO-GSE136719,GEO-GSM4080453,12192
GEO-GSE136719,GEO-GSM4080378,7507
GEO-GSE136719,GEO-GSM4080379,4615
GEO-GSE136719,GEO-GSM4080386,9069
GEO-GSE136719,GEO-GSM4080394,15948
GEO-GSE136719,GEO-GSM4080396,11309
GEO-GSE136719,GEO-GSM4080402,7498
GEO-GSE136719,GEO-GSM4080408,12900
GEO-GSE136719,GEO-GSM4080409,19504
GEO-GSE136719,GEO-GSM4080414,21340
GEO-GSE136719,GEO-GSM4080415,22801
GEO-GSE136719,GEO-GSM4080418,21431
GEO-GSE136719,GEO-GSM4080421,10910
GEO-GSE136719,GEO-GSM4080432,10004
GEO-GSE136719,GEO-GSM4080435,9727
GEO-GSE136719,GEO-GSM4080436,12026
GEO-GSE136719,GEO-GSM4080442,11799
GEO-GSE136719,GEO-GSM4080448,11355
GEO-GSE136719,GEO-GSM4080383,11229
GEO-GSE136719,GEO-GSM4080385,18683
GEO-GSE136719,GEO-GSM4080389,8026
GEO-GSE136719,GEO-GSM4080390,17761
GEO-GSE136719,GEO-GSM4080391,16004
GEO-GSE136719,GEO-GSM4080393,15725
GEO-GSE136719,GEO-GSM4080399,9657
GEO-GSE136719,GEO-GSM4080400,20095
GEO-GSE136719,GEO-GSM4080403,7045
GEO-GSE136719,GEO-GSM4080404,12339
GEO-GSE136719,GEO-GSM4080406,10824
GEO-GSE136719,GEO-GSM4080410,19721
GEO-GSE136719,GEO-GSM4080412,21794
GEO-GSE136719,GEO-GSM4080413,24671
GEO-GSE136719,GEO-GSM4080417,21491
GEO-GSE136719,GEO-GSM4080420,8986
GEO-GSE136719,GEO-GSM4080424,23105
GEO-GSE136719,GEO-GSM4080425,11116
GEO-GSE136719,GEO-GSM4080427,10146
GEO-GSE136719,GEO-GSM4080429,8493
GEO-GSE136719,GEO-GSM4080431,12567
GEO-GSE136719,GEO-GSM4080433,8552
GEO-GSE136719,GEO-GSM4080434,8525
GEO-GSE136719,GEO-GSM4080439,11253
GEO-GSE136719,GEO-GSM4080440,11253
GEO-GSE136719,GEO-GSM4080441,12454
GEO-GSE136719,GEO-GSM4080444,20426
GEO-GSE136719,GEO-GSM4080446,17405
GEO-GSE136719,GEO-GSM4080449,12089
GEO-GSE136719,GEO-GSM4080450,24874
GEO-GSE136719,GEO-GSM4080451,25275
GEO-GSE136719,GEO-GSM4080452,9799
GEO-GSE148822,GEO-GSM4483350,18644
GEO-GSE148822,GEO-GSM4483351,16313
GEO-GSE148822,GEO-GSM4483354,32738
GEO-GSE148822,GEO-GSM4483355,21210
GEO-GSE148822,GEO-GSM4483356,18473
GEO-GSE148822,GEO-GSM4483357,14337
GEO-GSE148822,GEO-GSM4483358,15472
GEO-GSE148822,GEO-GSM4483359,15535
GEO-GSE148822,GEO-GSM4483360,17084
GEO-GSE148822,GEO-GSM4483361,17455
GEO-GSE148822,GEO-GSM4483362,16942
GEO-GSE148822,GEO-GSM4483364,18114
GEO-GSE148822,GEO-GSM4483365,21672
GEO-GSE148822,GEO-GSM4483366,21071
GEO-GSE148822,GEO-GSM4483368,15979
GEO-GSE148822,GEO-GSM4483339,12555
GEO-GSE148822,GEO-GSM4483342,15125
GEO-GSE148822,GEO-GSM4483343,13492
GEO-GSE148822,GEO-GSM4483347,7337
GEO-GSE148822,GEO-GSM4483348,13484
GEO-GSE148822,GEO-GSM4483349,17262
GEO-GSE148822,GEO-GSM4483352,18517
GEO-GSE148822,GEO-GSM4483367,18237
GEO-GSE148822,GEO-GSM4483371,13093
GEO-GSE148822,GEO-GSM4483340,13383
GEO-GSE148822,GEO-GSM4483341,11051
GEO-GSE148822,GEO-GSM4483344,6499
GEO-GSE148822,GEO-GSM4483345,14153
GEO-GSE148822,GEO-GSM4483346,10543
GEO-GSE148822,GEO-GSM4483353,73028
GEO-GSE148822,GEO-GSM4483363,17126
GEO-GSE148822,GEO-GSM4483369,19444
GEO-GSE148822,GEO-GSM4483370,25013
GEO-GSE148822,GEO-GSM4483372,15449
GEO-GSE148822,GEO-GSM4483373,15819
GEO-GSE148822,GEO-GSM4483374,21528
GEO-GSE162528,GEO-GSM4953913,6683
GEO-GSE162528,GEO-GSM4953915,54637
GEO-GSE162528,GEO-GSM4953917,76013
GEO-GSE162528,GEO-GSM4953918,79552
GEO-GSE162528,GEO-GSM4953919,77632
GEO-GSE162528,GEO-GSM4953921,71285
GEO-GSE162528,GEO-GSM4953914,67104
GEO-GSE162528,GEO-GSM4953922,9758
GEO-GSE162528,GEO-GSM4953923,30873
GEO-GSE162528,GEO-GSM4953916,71005
GEO-GSE162528,GEO-GSM4953920,73467
GEO-GSE171555,GEO-GSM5227110,15950
GEO-GSE171555,GEO-GSM5227111,6599
GEO-GSE171555,GEO-GSM5227121,9539
GEO-GSE171555,GEO-GSM5227124,14446
GEO-GSE171555,GEO-GSM5227130,13332
GEO-GSE171555,GEO-GSM5227131,10013
GEO-GSE171555,GEO-GSM5227132,11974
GEO-GSE171555,GEO-GSM5227134,11976
GEO-GSE171555,GEO-GSM5227135,13087
GEO-GSE171555,GEO-GSM5227139,13040
GEO-GSE171555,GEO-GSM5227140,12166
GEO-GSE171555,GEO-GSM5227141,17911
GEO-GSE171555,GEO-GSM5227144,10483
GEO-GSE171555,GEO-GSM5227145,11006
GEO-GSE171555,GEO-GSM5227146,11385
GEO-GSE171555,GEO-GSM5227150,12960
GEO-GSE171555,GEO-GSM5227151,15056
GEO-GSE171555,GEO-GSM5227153,12188
GEO-GSE171555,GEO-GSM5227154,1926
GEO-GSE171555,GEO-GSM5227112,10883
GEO-GSE171555,GEO-GSM5227114,7423
GEO-GSE171555,GEO-GSM5227118,7782
GEO-GSE171555,GEO-GSM5227119,10529
GEO-GSE171555,GEO-GSM5227120,13557
GEO-GSE171555,GEO-GSM5227122,8180
GEO-GSE171555,GEO-GSM5227123,11175
GEO-GSE171555,GEO-GSM5227125,6095
GEO-GSE171555,GEO-GSM5227127,7608
GEO-GSE171555,GEO-GSM5227133,11152
GEO-GSE171555,GEO-GSM5227136,9782
GEO-GSE171555,GEO-GSM5227138,6338
GEO-GSE171555,GEO-GSM5227142,12795
GEO-GSE171555,GEO-GSM5227149,12224
GEO-GSE171555,GEO-GSM5227107,1341
GEO-GSE171555,GEO-GSM5227108,11715
GEO-GSE171555,GEO-GSM5227109,13118
GEO-GSE171555,GEO-GSM5227113,12056
GEO-GSE171555,GEO-GSM5227115,10846
GEO-GSE171555,GEO-GSM5227116,12942
GEO-GSE171555,GEO-GSM5227117,15129
GEO-GSE171555,GEO-GSM5227126,6896
GEO-GSE171555,GEO-GSM5227128,8543
GEO-GSE171555,GEO-GSM5227129,7399
GEO-GSE171555,GEO-GSM5227137,12376
GEO-GSE171555,GEO-GSM5227143,12068
GEO-GSE171555,GEO-GSM5227147,13168
GEO-GSE171555,GEO-GSM5227148,20070
GEO-GSE171555,GEO-GSM5227152,7642
GEO-GSE121600,GEO-GSM3439913,1612
GEO-GSE121600,GEO-GSM3439916,1925
GEO-GSE121600,GEO-GSM3439920,9706
GEO-GSE121600,GEO-GSM3439923,8095
GEO-GSE121600,GEO-GSM3439925,9658
GEO-GSE121600,GEO-GSM3439927,6506
GEO-GSE121600,GEO-GSM4080085,69017
GEO-GSE121600,GEO-GSM4080086,67375
GEO-GSE121600,GEO-GSM4080089,4979
GEO-GSE121600,GEO-GSM4080090,2852
GEO-GSE121600,GEO-GSM3439914,2186
GEO-GSE121600,GEO-GSM3439915,1701
GEO-GSE121600,GEO-GSM3439918,2902
GEO-GSE121600,GEO-GSM3439921,61753
GEO-GSE121600,GEO-GSM3439926,6515
GEO-GSE121600,GEO-GSM3439917,2742
GEO-GSE121600,GEO-GSM3439919,1193
GEO-GSE121600,GEO-GSM3439922,57004
GEO-GSE121600,GEO-GSM4080087,5439
GEO-GSE121600,GEO-GSM4080088,2150
GEO-GSE165087,GEO-GSM5025861,5254
GEO-GSE165087,GEO-GSM5025863,1851
GEO-GSE165087,GEO-GSM5025866,4592
GEO-GSE165087,GEO-GSM5025868,13134
GEO-GSE165087,GEO-GSM5025869,19931
GEO-GSE165087,GEO-GSM5025870,13540
GEO-GSE165087,GEO-GSM5025871,43384
GEO-GSE165087,GEO-GSM5025874,40592
GEO-GSE165087,GEO-GSM5025876,10893
GEO-GSE165087,GEO-GSM5025879,5836
GEO-GSE165087,GEO-GSM5025882,1522
GEO-GSE165087,GEO-GSM5025883,9969
GEO-GSE165087,GEO-GSM5025884,34914
GEO-GSE165087,GEO-GSM5025862,1934
GEO-GSE165087,GEO-GSM5025875,9975
GEO-GSE165087,GEO-GSM5025877,11250
GEO-GSE165087,GEO-GSM5025880,7744
GEO-GSE165087,GEO-GSM5025885,14105
GEO-GSE165087,GEO-GSM5025886,5291
GEO-GSE165087,GEO-GSM5025864,4148
GEO-GSE165087,GEO-GSM5025865,3475
GEO-GSE165087,GEO-GSM5025867,14124
GEO-GSE165087,GEO-GSM5025872,27054
GEO-GSE165087,GEO-GSM5025873,45553
GEO-GSE165087,GEO-GSM5025878,10605
GEO-GSE165087,GEO-GSM5025881,31519
GEO-GSE165087,GEO-GSM5025887,16435
GEO-GSE164378,GEO-GSM5008737,161764
GEO-GSE164378,GEO-GSM5008740,49147
GEO-GSE183684,GEO-GSM5567525,5189
GEO-GSE183684,GEO-GSM5567527,11059
GEO-GSE183684,GEO-GSM5567530,5016
GEO-GSE183684,GEO-GSM5567531,9895
GEO-GSE183684,GEO-GSM5567534,12293
GEO-GSE183684,GEO-GSM5567554,9853
GEO-GSE183684,GEO-GSM5567558,12733
GEO-GSE183684,GEO-GSM5567559,7327
GEO-GSE183684,GEO-GSM5567564,10613
GEO-GSE183684,GEO-GSM5567526,8079
GEO-GSE183684,GEO-GSM5567528,8681
GEO-GSE183684,GEO-GSM5567543,16780
GEO-GSE183684,GEO-GSM5567544,13783
GEO-GSE183684,GEO-GSM5567546,14174
GEO-GSE183684,GEO-GSM5567549,13270
GEO-GSE183684,GEO-GSM5567550,7478
GEO-GSE183684,GEO-GSM5567553,10826
GEO-GSE183684,GEO-GSM5567555,13347
GEO-GSE183684,GEO-GSM5567556,10686
GEO-GSE183684,GEO-GSM5567529,4362
GEO-GSE183684,GEO-GSM5567532,10995
GEO-GSE183684,GEO-GSM5567545,12171
GEO-GSE183684,GEO-GSM5567547,9619
GEO-GSE183684,GEO-GSM5567548,7411
GEO-GSE183684,GEO-GSM5567551,4451
GEO-GSE183684,GEO-GSM5567552,6124
GEO-GSE183684,GEO-GSM5567557,12278
GEO-GSE183684,GEO-GSM5567560,9783
GEO-GSE183684,GEO-GSM5567561,7268
GEO-GSE183684,GEO-GSM5567562,9050
GEO-GSE183684,GEO-GSM5567563,2247
GEO-GSE156753,GEO-GSM4743488,71059
GEO-GSE156753,GEO-GSM4743491,5026
GEO-GSE156753,GEO-GSM4743492,4963
GEO-GSE156753,GEO-GSM4743489,68011
GEO-GSE156753,GEO-GSM4743490,6294
GEO-GSE156753,GEO-GSM4743493,4133
GEO-GSE156753,GEO-GSM4743494,4418
GEO-GSE156753,GEO-GSM4743495,58488
GEO-GSE156753,GEO-GSM4743496,67717
GEO-GSE173205,GEO-GSM5261806,13875
GEO-GSE173205,GEO-GSM5261808,15353
GEO-GSE173205,GEO-GSM5534579,7218
GEO-GSE173205,GEO-GSM5534583,3707
GEO-GSE173205,GEO-GSM5534584,12297
GEO-GSE173205,GEO-GSM5534587,1475
GEO-GSE173205,GEO-GSM5534589,10177
GEO-GSE173205,GEO-GSM5261803,2603
GEO-GSE173205,GEO-GSM5261804,8648
GEO-GSE173205,GEO-GSM5261805,14700
GEO-GSE173205,GEO-GSM5261807,15258
GEO-GSE173205,GEO-GSM5261810,8678
GEO-GSE173205,GEO-GSM5261812,16565
GEO-GSE173205,GEO-GSM5534578,6788
GEO-GSE173205,GEO-GSM5534580,15709
GEO-GSE173205,GEO-GSM5534581,12369
GEO-GSE173205,GEO-GSM5534582,23048
GEO-GSE173205,GEO-GSM5534585,16053
GEO-GSE173205,GEO-GSM5534586,9057
GEO-GSE173205,GEO-GSM5534593,5336
GEO-GSE173205,GEO-GSM5261809,3615
GEO-GSE173205,GEO-GSM5261811,11724
GEO-GSE173205,GEO-GSM5261813,14769
GEO-GSE173205,GEO-GSM5534588,20506
GEO-GSE173205,GEO-GSM5534590,6330
GEO-GSE173205,GEO-GSM5534591,8670
GEO-GSE173205,GEO-GSM5534592,4348
GEO-GSE182109,GEO-GSM5518597,11676
GEO-GSE182109,GEO-GSM5518598,5949
GEO-GSE182109,GEO-GSM5518604,632
GEO-GSE182109,GEO-GSM5518605,475
GEO-GSE182109,GEO-GSM5518610,6472
GEO-GSE182109,GEO-GSM5518611,8709
GEO-GSE182109,GEO-GSM5518612,2607
GEO-GSE182109,GEO-GSM5518616,4263
GEO-GSE182109,GEO-GSM5518617,1951
GEO-GSE182109,GEO-GSM5518623,3999
GEO-GSE182109,GEO-GSM5518626,5249
GEO-GSE182109,GEO-GSM5518629,11190
GEO-GSE182109,GEO-GSM5518634,8221
GEO-GSE182109,GEO-GSM5518636,10296
GEO-GSE182109,GEO-GSM5518637,6121
GEO-GSE182109,GEO-GSM5518638,8794
GEO-GSE182109,GEO-GSM5518599,6375
GEO-GSE182109,GEO-GSM5518600,5001
GEO-GSE182109,GEO-GSM5518602,9337
GEO-GSE182109,GEO-GSM5518603,5772
GEO-GSE182109,GEO-GSM5518607,1471
GEO-GSE182109,GEO-GSM5518608,8936
GEO-GSE182109,GEO-GSM5518613,10842
GEO-GSE182109,GEO-GSM5518615,11755
GEO-GSE182109,GEO-GSM5518622,7295
GEO-GSE182109,GEO-GSM5518624,3043
GEO-GSE182109,GEO-GSM5518630,6825
GEO-GSE182109,GEO-GSM5518631,3003
GEO-GSE182109,GEO-GSM5518635,3883
GEO-GSE182109,GEO-GSM5518596,4554
GEO-GSE182109,GEO-GSM5518601,10340
GEO-GSE182109,GEO-GSM5518606,2891
GEO-GSE182109,GEO-GSM5518609,6824
GEO-GSE182109,GEO-GSM5518614,1102
GEO-GSE182109,GEO-GSM5518618,4695
GEO-GSE182109,GEO-GSM5518619,6849
GEO-GSE182109,GEO-GSM5518620,7079
GEO-GSE182109,GEO-GSM5518621,8235
GEO-GSE182109,GEO-GSM5518625,3541
GEO-GSE182109,GEO-GSM5518627,3442
GEO-GSE182109,GEO-GSM5518628,2129
GEO-GSE182109,GEO-GSM5518632,7120
GEO-GSE182109,GEO-GSM5518633,8550
GEO-GSE182109,GEO-GSM5518639,5731
GEO-GSE200815,GEO-GSM6044092,13013
GEO-GSE200815,GEO-GSM6044095,17660
GEO-GSE200815,GEO-GSM6044087,49676
GEO-GSE200815,GEO-GSM6044090,62268
GEO-GSE200815,GEO-GSM6044091,47236
GEO-GSE200815,GEO-GSM6044088,1203
GEO-GSE200815,GEO-GSM6044089,24118
GEO-GSE200815,GEO-GSM6044093,3634
GEO-GSE200815,GEO-GSM6044094,19215
GEO-GSE174691,GEO-GSM5322569,44366
GEO-GSE174691,GEO-GSM5322573,8604
GEO-GSE174691,GEO-GSM5322575,26600
GEO-GSE174691,GEO-GSM5322568,7129
GEO-GSE174691,GEO-GSM5322571,9898
GEO-GSE174691,GEO-GSM5322574,9142
GEO-GSE174691,GEO-GSM5322576,64105
GEO-GSE174691,GEO-GSM5322570,30828
GEO-GSE174691,GEO-GSM5322572,3378
GEO-GSE178756,GEO-GSM5396976,15613
GEO-GSE178756,GEO-GSM5396980,8960
GEO-GSE178756,GEO-GSM5396982,8054
GEO-GSE178756,GEO-GSM5396984,12828
GEO-GSE178756,GEO-GSM5396985,10064
GEO-GSE178756,GEO-GSM5396988,7569
GEO-GSE178756,GEO-GSM5396974,7629
GEO-GSE178756,GEO-GSM5396975,11013
GEO-GSE178756,GEO-GSM5396978,12544
GEO-GSE178756,GEO-GSM5396986,12227
GEO-GSE178756,GEO-GSM5396987,11294
GEO-GSE178756,GEO-GSM5396989,13956
GEO-GSE178756,GEO-GSM5396973,10010
GEO-GSE178756,GEO-GSM5396977,13165
GEO-GSE178756,GEO-GSM5396979,10385
GEO-GSE178756,GEO-GSM5396981,14421
GEO-GSE178756,GEO-GSM5396983,9252
GEO-GSE178756,GEO-GSM5396990,10199
GEO-GSE178756,GEO-GSM5396991,8374
GEO-GSE178756,GEO-GSM5396992,9284
GEO-GSE178756,GEO-GSM5396993,11156
GEO-GSE192391,GEO-GSM5746260,6008
GEO-GSE192391,GEO-GSM5746261,4311
GEO-GSE192391,GEO-GSM5746262,8620
GEO-GSE192391,GEO-GSM5746266,8111
GEO-GSE192391,GEO-GSM5746270,8960
GEO-GSE192391,GEO-GSM5746273,9971
GEO-GSE192391,GEO-GSM5746279,10123
GEO-GSE192391,GEO-GSM5746282,5743
GEO-GSE192391,GEO-GSM5746259,7505
GEO-GSE192391,GEO-GSM5746263,2361
GEO-GSE192391,GEO-GSM5746264,9364
GEO-GSE192391,GEO-GSM5746267,9667
GEO-GSE192391,GEO-GSM5746271,10850
GEO-GSE192391,GEO-GSM5746272,8408
GEO-GSE192391,GEO-GSM5746276,8032
GEO-GSE192391,GEO-GSM5746277,5972
GEO-GSE192391,GEO-GSM5746278,6644
GEO-GSE192391,GEO-GSM5746281,1234
GEO-GSE192391,GEO-GSM5746285,8774
GEO-GSE192391,GEO-GSM5746286,9537
GEO-GSE192391,GEO-GSM5746288,5408
GEO-GSE192391,GEO-GSM5746265,2719
GEO-GSE192391,GEO-GSM5746268,9830
GEO-GSE192391,GEO-GSM5746269,8423
GEO-GSE192391,GEO-GSM5746274,8678
GEO-GSE192391,GEO-GSM5746275,9817
GEO-GSE192391,GEO-GSM5746280,1665
GEO-GSE192391,GEO-GSM5746283,7631
GEO-GSE192391,GEO-GSM5746284,10101
GEO-GSE192391,GEO-GSM5746287,9158
GEO-GSE133344,GEO-GSM3906020,17271
GEO-GSE133344,GEO-GSM3906021,15419
GEO-GSE133344,GEO-GSM3906022,15723
GEO-GSE133344,GEO-GSM3906023,14277
GEO-GSE133344,GEO-GSM3906024,14859
GEO-GSE133344,GEO-GSM3906025,15459
GEO-GSE133344,GEO-GSM3906026,15884
GEO-GSE133344,GEO-GSM3906027,16189
GEO-GSE152058,GEO-GSM4601660,16587
GEO-GSE152058,GEO-GSM4601661,70796
GEO-GSE152058,GEO-GSM4601662,8662
GEO-GSE152058,GEO-GSM4601663,7874
GEO-GSE152058,GEO-GSM4601664,4275
GEO-GSE152058,GEO-GSM4601665,8649
GEO-GSE152058,GEO-GSM4601666,10996
GEO-GSE152058,GEO-GSM4601667,78999
GEO-GSE152058,GEO-GSM4601668,10067
GEO-GSE152058,GEO-GSM4601669,5863
GEO-GSE152058,GEO-GSM4601670,2165
GEO-GSE152058,GEO-GSM4601671,3452
GEO-GSE152058,GEO-GSM4601672,84166
GEO-GSE152058,GEO-GSM4601673,5714
GEO-GSE152058,GEO-GSM4601674,8899
GEO-GSE152058,GEO-GSM4601675,8507
GEO-GSE152058,GEO-GSM4601676,5157
GEO-GSE152058,GEO-GSM4601677,7773
GEO-GSE152058,GEO-GSM4601678,9618
GEO-GSE152058,GEO-GSM4601679,20172
GEO-GSE152058,GEO-GSM4601680,7954
GEO-GSE152058,GEO-GSM4601681,8526
GEO-GSE152058,GEO-GSM4601682,6762
GEO-GSE152058,GEO-GSM4601683,7816
GEO-GSE152058,GEO-GSM4601684,8090
GEO-GSE152058,GEO-GSM4601685,7643
GEO-GSE152058,GEO-GSM4601686,8591
GEO-GSE152058,GEO-GSM4601687,9350
GEO-GSE161918,GEO-GSM4929081,12771
GEO-GSE161918,GEO-GSM4929082,14091
GEO-GSE161918,GEO-GSM4929083,15893
GEO-GSE161918,GEO-GSM4929084,15675
GEO-GSE161918,GEO-GSM4929085,16758
GEO-GSE161918,GEO-GSM4929086,15781
GEO-GSE161918,GEO-GSM4929087,14200
GEO-GSE161918,GEO-GSM4929088,16404
GEO-GSE161918,GEO-GSM4929137,20715
GEO-GSE161918,GEO-GSM4929138,28033
GEO-GSE161918,GEO-GSM4929139,22835
GEO-GSE161918,GEO-GSM4929140,27462
GEO-GSE161918,GEO-GSM4929141,27052
GEO-GSE161918,GEO-GSM4929142,29681
GEO-GSE161918,GEO-GSM4929143,22311
GEO-GSE161918,GEO-GSM4929144,25380
GEO-GSE161918,GEO-GSM4929145,19130
GEO-GSE161918,GEO-GSM4929146,21788
GEO-GSE161918,GEO-GSM4929147,21509
GEO-GSE161918,GEO-GSM4929148,22118
GEO-GSE161918,GEO-GSM4929149,22279
GEO-GSE161918,GEO-GSM4929150,28669
GEO-GSE161918,GEO-GSM4929151,21403
GEO-GSE161918,GEO-GSM4929152,20424
GEO-GSE161918,GEO-GSM4929153,15217
GEO-GSE161918,GEO-GSM4929154,16313
GEO-GSE161918,GEO-GSM4929155,17303
GEO-GSE161918,GEO-GSM4929156,18152
GEO-GSE161918,GEO-GSM4929157,16476
GEO-GSE161918,GEO-GSM4929158,17772
GEO-GSE161918,GEO-GSM4929159,17565
GEO-GSE161918,GEO-GSM4929160,15328
GEO-GSE161918,GEO-GSM4929209,18270
GEO-GSE161918,GEO-GSM4929210,18468
GEO-GSE161918,GEO-GSM4929211,17635
GEO-GSE161918,GEO-GSM4929212,20357
GEO-GSE161918,GEO-GSM4929213,21174
GEO-GSE161918,GEO-GSM4929214,25914
GEO-GSE161918,GEO-GSM4929215,19982
GEO-GSE161918,GEO-GSM4929216,15977
GEO-GSE161918,GEO-GSM4929217,17524
GEO-GSE161918,GEO-GSM4929218,19746
GEO-GSE161918,GEO-GSM4929219,19103
GEO-GSE161918,GEO-GSM4929220,20869
GEO-GSE161918,GEO-GSM4929221,17792
GEO-GSE161918,GEO-GSM4929222,17902
GEO-GSE161918,GEO-GSM4929223,18851
GEO-GSE161918,GEO-GSM4929224,15605
GEO-GSE161918,GEO-GSM4929225,18689
GEO-GSE161918,GEO-GSM4929226,26046
GEO-GSE161918,GEO-GSM4929227,22911
GEO-GSE161918,GEO-GSM4929228,18888
GEO-GSE161918,GEO-GSM4929229,19404
GEO-GSE161918,GEO-GSM4929230,24053
GEO-GSE161918,GEO-GSM4929231,16423
GEO-GSE161918,GEO-GSM4929232,19458
GEO-GSE169446,GEO-GSM5203285,7635
GEO-GSE169446,GEO-GSM5203286,4086
GEO-GSE190487,GEO-GSM5724573,6565
GEO-GSE122960,GEO-GSM3489182,7143
GEO-GSE122960,GEO-GSM3489183,5107
GEO-GSE122960,GEO-GSM3489184,4068
GEO-GSE122960,GEO-GSM3489185,6745
GEO-GSE122960,GEO-GSM3489186,2814
GEO-GSE122960,GEO-GSM3489187,6918
GEO-GSE122960,GEO-GSM3489188,11203
GEO-GSE122960,GEO-GSM3489189,9061
GEO-GSE122960,GEO-GSM3489190,5861
GEO-GSE122960,GEO-GSM3489191,9972
GEO-GSE122960,GEO-GSM3489192,6165
GEO-GSE122960,GEO-GSM3489193,8879
GEO-GSE122960,GEO-GSM3489194,8172
GEO-GSE122960,GEO-GSM3489195,13935
GEO-GSE122960,GEO-GSM3489196,11022
GEO-GSE122960,GEO-GSM3489197,26434
GEO-GSE122960,GEO-GSM3489198,11466
GEO-GSE152805,GEO-GSM4626765,1674
GEO-GSE152805,GEO-GSM4626766,6200
GEO-GSE152805,GEO-GSM4626768,4640
GEO-GSE152805,GEO-GSM4626771,4876
GEO-GSE152805,GEO-GSM4626767,3785
GEO-GSE152805,GEO-GSM4626763,5100
GEO-GSE152805,GEO-GSM4626764,3883
GEO-GSE152805,GEO-GSM4626769,3180
GEO-GSE152805,GEO-GSM4626770,3547
GEO-GSE159117,GEO-GSM4819747,10483
GEO-GSE160097,GEO-GSM4859835,2942
GEO-GSE160097,GEO-GSM4859836,2368
GEO-GSE160097,GEO-GSM4859837,1770
GEO-GSE160097,GEO-GSM4859838,2726
GEO-GSE160097,GEO-GSM4859839,3132
GEO-GSE160097,GEO-GSM4859840,4461
GEO-GSE160097,GEO-GSM4859841,2757
GEO-GSE160097,GEO-GSM4859842,2961
GEO-GSE160097,GEO-GSM4859843,2611
GEO-GSE160097,GEO-GSM4859844,2323
GEO-GSE160097,GEO-GSM4859845,3863
GEO-GSE160097,GEO-GSM4859846,4315
GEO-GSE160097,GEO-GSM4859847,3209
GEO-GSE160097,GEO-GSM4859848,1819
GEO-GSE160097,GEO-GSM4859849,2776
GEO-GSE160097,GEO-GSM4859850,1657
GEO-GSE160097,GEO-GSM4859851,2870
GEO-GSE160097,GEO-GSM4859852,29
GEO-GSE160097,GEO-GSM4859853,1995
GEO-GSE160097,GEO-GSM4859854,2880
GEO-GSE160097,GEO-GSM4859855,2467
GEO-GSE160097,GEO-GSM4859856,1299
GEO-GSE160097,GEO-GSM4859857,1662
GEO-GSE160097,GEO-GSM4859858,2391
GEO-GSE160097,GEO-GSM4859859,4197
GEO-GSE160097,GEO-GSM4859860,2287
GEO-GSE160097,GEO-GSM4859861,356
GEO-GSE160097,GEO-GSM4859862,2863
GEO-GSE160097,GEO-GSM4859863,2608
GEO-GSE160097,GEO-GSM4859864,2557
GEO-GSE160097,GEO-GSM4859865,2516
GEO-GSE160097,GEO-GSM4859866,2938
GEO-GSE160097,GEO-GSM4859867,3551
GEO-GSE160097,GEO-GSM4859868,2895
GEO-GSE160097,GEO-GSM4859869,2680
GEO-GSE160097,GEO-GSM4859870,1829
GEO-GSE160097,GEO-GSM4859871,2802
GEO-GSE160097,GEO-GSM4859872,3195
GEO-GSE160097,GEO-GSM4859873,3362
GEO-GSE160097,GEO-GSM4859874,3088
GEO-GSE168710,GEO-GSM5159500,20451
GEO-GSE168710,GEO-GSM5159501,23523
GEO-GSE168710,GEO-GSM5159502,18465
GEO-GSE168710,GEO-GSM5159503,17856
GEO-GSE176308,GEO-GSM5362559,1435
GEO-GSE176308,GEO-GSM5362560,1666
GEO-GSE176308,GEO-GSM5362561,1120
GEO-GSE181082,GEO-GSM5484337,4339
GEO-GSE181082,GEO-GSM5484338,5536
GEO-GSE196150,GEO-GSM5861295,2170
GEO-GSE196150,GEO-GSM5861296,1446
GEO-GSE196150,GEO-GSM5861297,1959
GEO-GSE196150,GEO-GSM5861298,1012
GEO-GSE196150,GEO-GSM5861299,1741
GEO-GSE167029,GEO-GSM5091043,32166
GEO-GSE167029,GEO-GSM5091045,5836
GEO-GSE167029,GEO-GSM5091050,6907
GEO-GSE167029,GEO-GSM5091052,10518
GEO-GSE167029,GEO-GSM5091054,7696
GEO-GSE167029,GEO-GSM5091057,8118
GEO-GSE167029,GEO-GSM5091058,8064
GEO-GSE167029,GEO-GSM5091059,8553
GEO-GSE167029,GEO-GSM5091060,10226
GEO-GSE167029,GEO-GSM5091035,8542
GEO-GSE167029,GEO-GSM5091037,9550
GEO-GSE167029,GEO-GSM5091040,15008
GEO-GSE167029,GEO-GSM5091042,8657
GEO-GSE167029,GEO-GSM5091048,6605
GEO-GSE167029,GEO-GSM5091051,7614
GEO-GSE167029,GEO-GSM5091053,8204
GEO-GSE167029,GEO-GSM5091055,6685
GEO-GSE167029,GEO-GSM5091056,6281
GEO-GSE167029,GEO-GSM5091036,11859
GEO-GSE167029,GEO-GSM5091038,15089
GEO-GSE167029,GEO-GSM5091039,13998
GEO-GSE167029,GEO-GSM5091041,8707
GEO-GSE167029,GEO-GSM5091044,8975
GEO-GSE167029,GEO-GSM5091046,3235
GEO-GSE167029,GEO-GSM5091047,7596
GEO-GSE167029,GEO-GSM5091049,5225
GEO-GSE167029,GEO-GSM5091061,9375
GEO-GSE186344,GEO-GSM5645890,3886
GEO-GSE186344,GEO-GSM5645891,6798
GEO-GSE186344,GEO-GSM5645892,11963
GEO-GSE186344,GEO-GSM5645894,9985
GEO-GSE186344,GEO-GSM5645898,7591
GEO-GSE186344,GEO-GSM5645900,2483
GEO-GSE186344,GEO-GSM5645889,9800
GEO-GSE186344,GEO-GSM5645893,11656
GEO-GSE186344,GEO-GSM5645895,3845
GEO-GSE186344,GEO-GSM5645896,7247
GEO-GSE186344,GEO-GSM5645904,6973
GEO-GSE186344,GEO-GSM5645906,6417
GEO-GSE186344,GEO-GSM5645908,6828
GEO-GSE186344,GEO-GSM5645888,2228
GEO-GSE186344,GEO-GSM5645897,5675
GEO-GSE186344,GEO-GSM5645902,1539
GEO-GSE186344,GEO-GSM5645909,4282
GEO-GSE150660,GEO-GSM4555891,5415
GEO-GSE150660,GEO-GSM4555887,4190
GEO-GSE150660,GEO-GSM4555888,3766
GEO-GSE150660,GEO-GSM4555889,2871
GEO-GSE150660,GEO-GSM4555890,2131
GEO-GSE162234,GEO-GSM4947354,4601
GEO-GSE162234,GEO-GSM4947350,6745
GEO-GSE162234,GEO-GSM4947352,3749
GEO-GSE162234,GEO-GSM4947355,3625
GEO-GSE162234,GEO-GSM4947351,3642
GEO-GSE162234,GEO-GSM4947353,5815
GEO-GSE158013,GEO-GSM5123951,7735
GEO-GSE158013,GEO-GSM5123952,8207
GEO-GSE158013,GEO-GSM5123953,8207
GEO-GSE158013,GEO-GSM5123955,7629
GEO-GSE158013,GEO-GSM4949911,8180
GEO-GSE158013,GEO-GSM5123949,7623
GEO-GSE158013,GEO-GSM5123950,8598
GEO-GSE158013,GEO-GSM5123954,8648
GEO-GSE161529,GEO-GSM4909253,4948
GEO-GSE161529,GEO-GSM4909259,3084
GEO-GSE161529,GEO-GSM4909260,5176
GEO-GSE161529,GEO-GSM4909264,2149
GEO-GSE161529,GEO-GSM4909269,7783
GEO-GSE161529,GEO-GSM4909270,10088
GEO-GSE161529,GEO-GSM4909273,6347
GEO-GSE161529,GEO-GSM4909274,1793
GEO-GSE161529,GEO-GSM4909275,11974
GEO-GSE161529,GEO-GSM4909277,7793
GEO-GSE161529,GEO-GSM4909279,5894
GEO-GSE161529,GEO-GSM4909284,1827
GEO-GSE161529,GEO-GSM4909286,6298
GEO-GSE161529,GEO-GSM4909290,11848
GEO-GSE161529,GEO-GSM4909292,600
GEO-GSE161529,GEO-GSM4909294,18937
GEO-GSE161529,GEO-GSM4909295,3331
GEO-GSE161529,GEO-GSM4909298,6641
GEO-GSE161529,GEO-GSM4909300,1435
GEO-GSE161529,GEO-GSM4909301,5420
GEO-GSE161529,GEO-GSM4909304,7315
GEO-GSE161529,GEO-GSM4909306,7975
GEO-GSE161529,GEO-GSM4909308,6190
GEO-GSE161529,GEO-GSM4909310,886
GEO-GSE161529,GEO-GSM4909317,9759
GEO-GSE161529,GEO-GSM4909318,3694
GEO-GSE161529,GEO-GSM4909319,12484
GEO-GSE161529,GEO-GSM4909321,4849
GEO-GSE161529,GEO-GSM4909254,6853
GEO-GSE161529,GEO-GSM4909256,9322
GEO-GSE161529,GEO-GSM4909265,5574
GEO-GSE161529,GEO-GSM4909267,3029
GEO-GSE161529,GEO-GSM4909268,7337
GEO-GSE161529,GEO-GSM4909271,2253
GEO-GSE161529,GEO-GSM4909272,2463
GEO-GSE161529,GEO-GSM4909278,6825
GEO-GSE161529,GEO-GSM4909281,3631
GEO-GSE161529,GEO-GSM4909291,4670
GEO-GSE161529,GEO-GSM4909296,7356
GEO-GSE161529,GEO-GSM4909297,7268
GEO-GSE161529,GEO-GSM4909299,8814
GEO-GSE161529,GEO-GSM4909303,3276
GEO-GSE161529,GEO-GSM4909305,3390
GEO-GSE161529,GEO-GSM4909309,5556
GEO-GSE161529,GEO-GSM4909311,4056
GEO-GSE161529,GEO-GSM4909312,7234
GEO-GSE161529,GEO-GSM4909313,4036
GEO-GSE161529,GEO-GSM4909314,2408
GEO-GSE161529,GEO-GSM4909315,13708
GEO-GSE161529,GEO-GSM4909320,935
GEO-GSE161529,GEO-GSM4909255,1195
GEO-GSE161529,GEO-GSM4909257,6404
GEO-GSE161529,GEO-GSM4909258,3011
GEO-GSE161529,GEO-GSM4909261,3416
GEO-GSE161529,GEO-GSM4909262,4784
GEO-GSE161529,GEO-GSM4909263,1672
GEO-GSE161529,GEO-GSM4909266,4584
GEO-GSE161529,GEO-GSM4909276,4296
GEO-GSE161529,GEO-GSM4909280,5533
GEO-GSE161529,GEO-GSM4909282,15835
GEO-GSE161529,GEO-GSM4909283,1016
GEO-GSE161529,GEO-GSM4909285,5529
GEO-GSE161529,GEO-GSM4909287,9465
GEO-GSE161529,GEO-GSM4909288,20864
GEO-GSE161529,GEO-GSM4909289,4714
GEO-GSE161529,GEO-GSM4909293,6546
GEO-GSE161529,GEO-GSM4909302,10569
GEO-GSE161529,GEO-GSM4909307,6367
GEO-GSE161529,GEO-GSM4909316,8044
GEO-GSE147821,GEO-GSM4446535,7746
GEO-GSE147821,GEO-GSM4446537,14320
GEO-GSE147821,GEO-GSM4446539,13701
GEO-GSE147821,GEO-GSM4446541,8089
GEO-GSE147821,GEO-GSM4446543,31279
GEO-GSE147821,GEO-GSM4734602,10192
GEO-GSE147821,GEO-GSM4734604,6906
GEO-GSE147821,GEO-GSM4446536,13562
GEO-GSE147821,GEO-GSM4446538,6678
GEO-GSE147821,GEO-GSM4734601,5661
GEO-GSE147821,GEO-GSM4734603,10077
GEO-GSE147821,GEO-GSM4446540,10298
GEO-GSE147821,GEO-GSM4446542,11347
GEO-GSE168453,GEO-GSM5140589,21063
GEO-GSE168453,GEO-GSM5140592,22362
GEO-GSE168453,GEO-GSM5140593,22453
GEO-GSE168453,GEO-GSM5140595,22444
GEO-GSE168453,GEO-GSM5140599,21347
GEO-GSE168453,GEO-GSM5140602,14366
GEO-GSE168453,GEO-GSM5140605,12613
GEO-GSE168453,GEO-GSM5140611,15912
GEO-GSE168453,GEO-GSM5140613,15118
GEO-GSE168453,GEO-GSM5140618,15666
GEO-GSE168453,GEO-GSM5140619,15480
GEO-GSE168453,GEO-GSM5140625,22443
GEO-GSE168453,GEO-GSM5140626,23204
GEO-GSE168453,GEO-GSM5140630,16903
GEO-GSE168453,GEO-GSM5140632,17921
GEO-GSE168453,GEO-GSM5140633,18463
GEO-GSE168453,GEO-GSM5140636,15690
GEO-GSE168453,GEO-GSM5140637,15590
GEO-GSE168453,GEO-GSM5140596,20736
GEO-GSE168453,GEO-GSM5140597,19868
GEO-GSE168453,GEO-GSM5140600,22181
GEO-GSE168453,GEO-GSM5140601,13529
GEO-GSE168453,GEO-GSM5140607,18906
GEO-GSE168453,GEO-GSM5140610,13804
GEO-GSE168453,GEO-GSM5140612,14953
GEO-GSE168453,GEO-GSM5140617,15441
GEO-GSE168453,GEO-GSM5140620,16296
GEO-GSE168453,GEO-GSM5140621,17389
GEO-GSE168453,GEO-GSM5140623,22477
GEO-GSE168453,GEO-GSM5140628,23988
GEO-GSE168453,GEO-GSM5140629,17580
GEO-GSE168453,GEO-GSM5140634,16878
GEO-GSE168453,GEO-GSM5140635,16545
GEO-GSE168453,GEO-GSM5140590,20710
GEO-GSE168453,GEO-GSM5140591,21326
GEO-GSE168453,GEO-GSM5140594,22110
GEO-GSE168453,GEO-GSM5140598,23242
GEO-GSE168453,GEO-GSM5140603,11820
GEO-GSE168453,GEO-GSM5140604,12569
GEO-GSE168453,GEO-GSM5140606,11547
GEO-GSE168453,GEO-GSM5140608,17845
GEO-GSE168453,GEO-GSM5140609,11387
GEO-GSE168453,GEO-GSM5140614,16760
GEO-GSE168453,GEO-GSM5140615,14926
GEO-GSE168453,GEO-GSM5140616,16092
GEO-GSE168453,GEO-GSM5140622,18676
GEO-GSE168453,GEO-GSM5140624,21564
GEO-GSE168453,GEO-GSM5140627,23570
GEO-GSE168453,GEO-GSM5140631,15708
GEO-GSE168453,GEO-GSM5140638,17775
GEO-GSE180544,GEO-GSM5464616,9147
GEO-GSE180544,GEO-GSM5464618,6590
GEO-GSE180544,GEO-GSM5464615,7220
GEO-GSE180544,GEO-GSM5464617,4543
GEO-GSE181862,GEO-GSM5513394,7410
GEO-GSE181862,GEO-GSM5513395,9278
GEO-GSE181862,GEO-GSM5513396,9265
GEO-GSE181862,GEO-GSM5513397,13854
GEO-GSE181862,GEO-GSM5513398,18122
GEO-GSE181862,GEO-GSM5513399,26334
GEO-GSE181862,GEO-GSM5513400,32599
GEO-GSE181862,GEO-GSM5513401,37167
GEO-GSE182694,GEO-GSM5534766,4194
GEO-GSE182694,GEO-GSM5534767,3416
GEO-GSE182694,GEO-GSM5534768,4266
GEO-GSE182694,GEO-GSM5534769,2339
GEO-GSE182694,GEO-GSM5534770,2681
GEO-GSE182694,GEO-GSM5534771,5211
GEO-GSE182694,GEO-GSM5534772,971
GEO-GSE182694,GEO-GSM5534773,1356
GEO-GSE182694,GEO-GSM5534774,4521
GEO-GSE182694,GEO-GSM5534775,1509
GEO-GSE182694,GEO-GSM5534776,4836
GEO-GSE182694,GEO-GSM5534777,2069
GEO-GSE182694,GEO-GSM5534778,1949
GEO-GSE182694,GEO-GSM5534779,518
GEO-GSE182694,GEO-GSM5534780,1460
GEO-GSE182694,GEO-GSM5534781,1441
GEO-GSE182694,GEO-GSM5534782,5529
GEO-GSE193102,GEO-GSM5773278,5558
GEO-GSE193102,GEO-GSM5773279,5934
GEO-GSE193102,GEO-GSM5773280,5884
GEO-GSE193102,GEO-GSM5773281,7272
GEO-GSE193102,GEO-GSM5773282,6972
GEO-GSE193102,GEO-GSM5773283,7309
GEO-GSE193102,GEO-GSM5773284,6258
GEO-GSE193102,GEO-GSM5773285,7106
GEO-GSE193102,GEO-GSM5773286,6243
GEO-GSE193102,GEO-GSM5773287,7376
GEO-GSE193102,GEO-GSM5773288,6968
GEO-GSE193102,GEO-GSM5773289,9605
GEO-GSE195709,GEO-GSM5848673,11180
GEO-GSE195709,GEO-GSM5848674,3400
GEO-GSE195709,GEO-GSM5848675,17509
GEO-GSE195709,GEO-GSM5848676,10870
GEO-GSE195709,GEO-GSM5848677,2607
GEO-GSE195709,GEO-GSM5848678,10032
GEO-GSE195709,GEO-GSM5848679,6340
GEO-GSE195709,GEO-GSM5848680,5579
GEO-GSE195709,GEO-GSM5848681,5449
GEO-GSE164690,GEO-GSM5017021,1924
GEO-GSE164690,GEO-GSM5017023,5402
GEO-GSE164690,GEO-GSM5017029,1870
GEO-GSE164690,GEO-GSM5017031,3156
GEO-GSE164690,GEO-GSM5017034,2541
GEO-GSE164690,GEO-GSM5017035,982
GEO-GSE164690,GEO-GSM5017036,1977
GEO-GSE164690,GEO-GSM5017040,2179
GEO-GSE164690,GEO-GSM5017041,1467
GEO-GSE164690,GEO-GSM5017043,2302
GEO-GSE164690,GEO-GSM5017051,2575
GEO-GSE164690,GEO-GSM5017052,4098
GEO-GSE164690,GEO-GSM5017054,1802
GEO-GSE164690,GEO-GSM5017055,4617
GEO-GSE164690,GEO-GSM5017056,3892
GEO-GSE164690,GEO-GSM5017059,1465
GEO-GSE164690,GEO-GSM5017068,7657
GEO-GSE164690,GEO-GSM5017069,4282
GEO-GSE164690,GEO-GSM5017070,3756
GEO-GSE164690,GEO-GSM5017024,1306
GEO-GSE164690,GEO-GSM5017025,1214
GEO-GSE164690,GEO-GSM5017026,1730
GEO-GSE164690,GEO-GSM5017028,1796
GEO-GSE164690,GEO-GSM5017030,1926
GEO-GSE164690,GEO-GSM5017037,1976
GEO-GSE164690,GEO-GSM5017038,4693
GEO-GSE164690,GEO-GSM5017046,3748
GEO-GSE164690,GEO-GSM5017047,1822
GEO-GSE164690,GEO-GSM5017058,4376
GEO-GSE164690,GEO-GSM5017061,3525
GEO-GSE164690,GEO-GSM5017063,1948
GEO-GSE164690,GEO-GSM5017066,3918
GEO-GSE164690,GEO-GSM5017071,809
GEO-GSE164690,GEO-GSM5017022,2656
GEO-GSE164690,GEO-GSM5017027,5804
GEO-GSE164690,GEO-GSM5017032,3180
GEO-GSE164690,GEO-GSM5017033,1743
GEO-GSE164690,GEO-GSM5017039,1634
GEO-GSE164690,GEO-GSM5017042,2057
GEO-GSE164690,GEO-GSM5017044,4339
GEO-GSE164690,GEO-GSM5017048,1802
GEO-GSE164690,GEO-GSM5017049,3794
GEO-GSE164690,GEO-GSM5017050,2564
GEO-GSE164690,GEO-GSM5017053,2141
GEO-GSE164690,GEO-GSM5017057,1751
GEO-GSE164690,GEO-GSM5017060,1820
GEO-GSE164690,GEO-GSM5017062,1254
GEO-GSE164690,GEO-GSM5017064,4316
GEO-GSE164690,GEO-GSM5017065,3177
GEO-GSE164690,GEO-GSM5017067,7802
GEO-GSE174376,GEO-GSM5390456,3809
GEO-GSE174376,GEO-GSM5390457,9356
GEO-GSE174376,GEO-GSM5390458,7324
GEO-GSE174376,GEO-GSM5390459,6929
GEO-GSE174376,GEO-GSM5390463,7736
GEO-GSE174376,GEO-GSM5390464,6356
GEO-GSE174376,GEO-GSM5390470,8801
GEO-GSE174376,GEO-GSM5390471,6456
GEO-GSE174376,GEO-GSM5390472,9759
GEO-GSE174376,GEO-GSM5293229,4712
GEO-GSE174376,GEO-GSM5390460,3898
GEO-GSE174376,GEO-GSM5390465,5848
GEO-GSE174376,GEO-GSM5390466,9124
GEO-GSE174376,GEO-GSM5390467,9388
GEO-GSE174376,GEO-GSM5390469,6966
GEO-GSE174376,GEO-GSM5390461,7571
GEO-GSE174376,GEO-GSM5390462,4737
GEO-GSE174376,GEO-GSM5390468,6645
GEO-GSE174376,GEO-GSM5390473,6651
GEO-GSE174376,GEO-GSM5390474,6943
GEO-GSE167825,GEO-GSM5113796,5548
GEO-GSE167825,GEO-GSM5113797,5008
GEO-GSE167825,GEO-GSM5113798,4261
GEO-GSE167825,GEO-GSM5113810,4783
GEO-GSE167825,GEO-GSM5113816,5637
GEO-GSE167825,GEO-GSM5113817,7754
GEO-GSE167825,GEO-GSM5113832,2111
GEO-GSE167825,GEO-GSM5113800,6112
GEO-GSE167825,GEO-GSM5113801,5928
GEO-GSE167825,GEO-GSM5113802,5001
GEO-GSE167825,GEO-GSM5113803,4184
GEO-GSE167825,GEO-GSM5113807,6013
GEO-GSE167825,GEO-GSM5113809,4973
GEO-GSE167825,GEO-GSM5113811,6434
GEO-GSE167825,GEO-GSM5113812,6162
GEO-GSE167825,GEO-GSM5113814,5709
GEO-GSE167825,GEO-GSM5113818,5221
GEO-GSE167825,GEO-GSM5113833,165
GEO-GSE167825,GEO-GSM5113799,6116
GEO-GSE167825,GEO-GSM5113804,6410
GEO-GSE167825,GEO-GSM5113805,6094
GEO-GSE167825,GEO-GSM5113806,5688
GEO-GSE167825,GEO-GSM5113808,6192
GEO-GSE167825,GEO-GSM5113813,5654
GEO-GSE167825,GEO-GSM5113815,5677
GEO-GSE167825,GEO-GSM5113819,5383
GEO-GSE167825,GEO-GSM5113834,49
GEO-GSE181764,GEO-GSM5511025,70467
GEO-GSE181764,GEO-GSM5511027,6685
GEO-GSE181764,GEO-GSM5511028,4412
GEO-GSE181764,GEO-GSM5511031,10608
GEO-GSE181764,GEO-GSM5511024,8690
GEO-GSE181764,GEO-GSM5511026,3836
GEO-GSE181764,GEO-GSM5511029,11312
GEO-GSE181764,GEO-GSM5511023,1679
GEO-GSE181764,GEO-GSM5511030,12446
GEO-GSE200972,GEO-GSM6047623,8486
GEO-GSE200972,GEO-GSM6047630,9475
GEO-GSE200972,GEO-GSM6047631,9365
GEO-GSE200972,GEO-GSM6047633,9701
GEO-GSE200972,GEO-GSM6047634,8840
GEO-GSE200972,GEO-GSM6047624,7737
GEO-GSE200972,GEO-GSM6047626,8884
GEO-GSE200972,GEO-GSM6047632,6437
GEO-GSE200972,GEO-GSM6047625,9259
GEO-GSE200972,GEO-GSM6047627,10426
GEO-GSE200972,GEO-GSM6047628,9477
GEO-GSE200972,GEO-GSM6047629,9831
GEO-GSE200972,GEO-GSM6047635,11252
GEO-GSE200972,GEO-GSM6047636,12788
GEO-GSE200107,GEO-GSM6008809,12162
GEO-GSE200107,GEO-GSM6008813,13220
GEO-GSE200107,GEO-GSM6008815,8949
GEO-GSE200107,GEO-GSM6008817,7965
GEO-GSE200107,GEO-GSM6008821,11276
GEO-GSE200107,GEO-GSM6008822,6638
GEO-GSE200107,GEO-GSM6008812,3815
GEO-GSE200107,GEO-GSM6008816,9596
GEO-GSE200107,GEO-GSM6008818,8166
GEO-GSE200107,GEO-GSM6008820,9683
GEO-GSE200107,GEO-GSM6008810,9509
GEO-GSE200107,GEO-GSM6008811,6101
GEO-GSE200107,GEO-GSM6008814,10319
GEO-GSE200107,GEO-GSM6008819,6326
GEO-GSE200107,GEO-GSM6008823,5138
GEO-GSE198840,GEO-GSM5957793,66967
GEO-GSE198840,GEO-GSM5957794,59566
GEO-GSE159812,GEO-GSM4848442,6685
GEO-GSE159812,GEO-GSM4848443,2440
GEO-GSE159812,GEO-GSM4848446,2833
GEO-GSE159812,GEO-GSM4848455,4458
GEO-GSE159812,GEO-GSM4848458,3004
GEO-GSE159812,GEO-GSM4848459,3577
GEO-GSE159812,GEO-GSM4848460,4635
GEO-GSE159812,GEO-GSM5171530,4239
GEO-GSE159812,GEO-GSM5171532,1779
GEO-GSE159812,GEO-GSM5171534,4395
GEO-GSE159812,GEO-GSM4848448,4885
GEO-GSE159812,GEO-GSM4848452,2130
GEO-GSE159812,GEO-GSM4848453,5027
GEO-GSE159812,GEO-GSM4848454,5960
GEO-GSE159812,GEO-GSM4848456,2998
GEO-GSE159812,GEO-GSM5171528,3908
GEO-GSE159812,GEO-GSM5171529,6806
GEO-GSE159812,GEO-GSM5171531,6825
GEO-GSE159812,GEO-GSM5171535,1073
GEO-GSE159812,GEO-GSM4848444,5886
GEO-GSE159812,GEO-GSM4848445,4580
GEO-GSE159812,GEO-GSM4848447,2530
GEO-GSE159812,GEO-GSM4848449,2341
GEO-GSE159812,GEO-GSM4848450,2817
GEO-GSE159812,GEO-GSM4848451,3771
GEO-GSE159812,GEO-GSM4848457,4176
GEO-GSE159812,GEO-GSM4848461,4301
GEO-GSE159812,GEO-GSM5171533,6012
GEO-GSE159812,GEO-GSM5171536,3124
GEO-GSE159812,GEO-GSM5171537,3681
GEO-GSE189357,GEO-GSM5699779,12573
GEO-GSE189357,GEO-GSM5699784,15335
GEO-GSE189357,GEO-GSM5699785,17435
GEO-GSE189357,GEO-GSM5699777,14821
GEO-GSE189357,GEO-GSM5699778,17801
GEO-GSE189357,GEO-GSM5699780,11673
GEO-GSE189357,GEO-GSM5699781,18869
GEO-GSE189357,GEO-GSM5699782,8917
GEO-GSE189357,GEO-GSM5699783,3488
GEO-GSE132771,GEO-GSM3891622,4671
GEO-GSE132771,GEO-GSM3891623,4072
GEO-GSE132771,GEO-GSM3891625,4320
GEO-GSE132771,GEO-GSM3891626,4391
GEO-GSE132771,GEO-GSM3891628,5945
GEO-GSE132771,GEO-GSM3891631,8311
GEO-GSE132771,GEO-GSM3891634,2420
GEO-GSE132771,GEO-GSM3891635,4897
GEO-GSE132771,GEO-GSM3891620,9219
GEO-GSE132771,GEO-GSM3891621,3669
GEO-GSE132771,GEO-GSM3891627,1583
GEO-GSE132771,GEO-GSM3891630,12886
GEO-GSE132771,GEO-GSM3891632,8706
GEO-GSE132771,GEO-GSM3891624,2386
GEO-GSE132771,GEO-GSM3891629,3465
GEO-GSE132771,GEO-GSM3891633,2650
GEO-GSE153358,GEO-GSM4642793,21982
GEO-GSE153358,GEO-GSM4642795,20368
GEO-GSE153358,GEO-GSM4642794,14047
GEO-GSE153358,GEO-GSM4642796,16879
GEO-GSE146194,GEO-GSM4367989,204514
GEO-GSE184362,GEO-GSM5585103,8970
GEO-GSE184362,GEO-GSM5585105,7704
GEO-GSE184362,GEO-GSM5585108,9694
GEO-GSE184362,GEO-GSM5585111,3034
GEO-GSE184362,GEO-GSM5585124,7056
GEO-GSE184362,GEO-GSM5585102,5917
GEO-GSE184362,GEO-GSM5585104,5100
GEO-GSE184362,GEO-GSM5585107,7434
GEO-GSE184362,GEO-GSM5585109,10922
GEO-GSE184362,GEO-GSM5585112,4475
GEO-GSE184362,GEO-GSM5585113,2754
GEO-GSE184362,GEO-GSM5585115,6545
GEO-GSE184362,GEO-GSM5585116,8728
GEO-GSE184362,GEO-GSM5585118,14440
GEO-GSE184362,GEO-GSM5585119,10069
GEO-GSE184362,GEO-GSM5585120,7155
GEO-GSE184362,GEO-GSM5585121,22379
GEO-GSE184362,GEO-GSM5585106,10413
GEO-GSE184362,GEO-GSM5585110,11667
GEO-GSE184362,GEO-GSM5585114,6257
GEO-GSE184362,GEO-GSM5585117,10521
GEO-GSE184362,GEO-GSM5585122,9116
GEO-GSE184362,GEO-GSM5585123,7046
GEO-GSE145154,GEO-GSM4307517,6286
GEO-GSE145154,GEO-GSM4307522,4420
GEO-GSE145154,GEO-GSM4307526,4322
GEO-GSE145154,GEO-GSM4307528,3196
GEO-GSE145154,GEO-GSM4307530,5365
GEO-GSE145154,GEO-GSM4307532,4894
GEO-GSE145154,GEO-GSM4307533,666
GEO-GSE145154,GEO-GSM4307534,5553
GEO-GSE145154,GEO-GSM4307536,2672
GEO-GSE145154,GEO-GSM4307537,4272
GEO-GSE145154,GEO-GSM4307538,3343
GEO-GSE145154,GEO-GSM4307545,8816
GEO-GSE145154,GEO-GSM4307549,4497
GEO-GSE145154,GEO-GSM4307550,6746
GEO-GSE145154,GEO-GSM4307519,2175
GEO-GSE145154,GEO-GSM4307523,2545
GEO-GSE145154,GEO-GSM4307524,7192
GEO-GSE145154,GEO-GSM4307527,7009
GEO-GSE145154,GEO-GSM4307531,2791
GEO-GSE145154,GEO-GSM4307539,5491
GEO-GSE145154,GEO-GSM4307541,4478
GEO-GSE145154,GEO-GSM4307542,4799
GEO-GSE145154,GEO-GSM4307515,7830
GEO-GSE145154,GEO-GSM4307516,7115
GEO-GSE145154,GEO-GSM4307518,3914
GEO-GSE145154,GEO-GSM4307520,6335
GEO-GSE145154,GEO-GSM4307521,3017
GEO-GSE145154,GEO-GSM4307525,7451
GEO-GSE145154,GEO-GSM4307529,8233
GEO-GSE145154,GEO-GSM4307535,5316
GEO-GSE145154,GEO-GSM4307540,6126
GEO-GSE145154,GEO-GSM4307543,2159
GEO-GSE145154,GEO-GSM4307544,8009
GEO-GSE145154,GEO-GSM4307546,10531
GEO-GSE145154,GEO-GSM4307551,6558
GEO-GSE145154,GEO-GSM4307552,6950
GEO-GSE154386,GEO-GSM4670196,6794
GEO-GSE154386,GEO-GSM4670201,6686
GEO-GSE154386,GEO-GSM4670204,6839
GEO-GSE154386,GEO-GSM4670207,13252
GEO-GSE154386,GEO-GSM4670208,3871
GEO-GSE154386,GEO-GSM4670215,4219
GEO-GSE154386,GEO-GSM4670216,2155
GEO-GSE154386,GEO-GSM4670217,3944
GEO-GSE154386,GEO-GSM4670219,3650
GEO-GSE154386,GEO-GSM4670221,6423
GEO-GSE154386,GEO-GSM4670194,6998
GEO-GSE154386,GEO-GSM4670195,6379
GEO-GSE154386,GEO-GSM4670200,8625
GEO-GSE154386,GEO-GSM4670202,7331
GEO-GSE154386,GEO-GSM4670203,9978
GEO-GSE154386,GEO-GSM4670209,6095
GEO-GSE154386,GEO-GSM4670210,4563
GEO-GSE154386,GEO-GSM4670213,6725
GEO-GSE154386,GEO-GSM4670192,5421
GEO-GSE154386,GEO-GSM4670193,4191
GEO-GSE154386,GEO-GSM4670197,5213
GEO-GSE154386,GEO-GSM4670198,5173
GEO-GSE154386,GEO-GSM4670199,7485
GEO-GSE154386,GEO-GSM4670205,8892
GEO-GSE154386,GEO-GSM4670206,8793
GEO-GSE154386,GEO-GSM4670211,4337
GEO-GSE154386,GEO-GSM4670212,3722
GEO-GSE154386,GEO-GSM4670214,5548
GEO-GSE154386,GEO-GSM4670218,5511
GEO-GSE154386,GEO-GSM4670220,3322
GEO-GSE163633,GEO-GSM4983137,1601
GEO-GSE163633,GEO-GSM4983138,1846
GEO-GSE163633,GEO-GSM4983142,1230
GEO-GSE163633,GEO-GSM4983145,4201
GEO-GSE163633,GEO-GSM4983146,11324
GEO-GSE163633,GEO-GSM4983147,13189
GEO-GSE163633,GEO-GSM4983150,10906
GEO-GSE163633,GEO-GSM4983151,11257
GEO-GSE163633,GEO-GSM4983154,6282
GEO-GSE163633,GEO-GSM4983155,11156
GEO-GSE163633,GEO-GSM4983158,4848
GEO-GSE163633,GEO-GSM4983129,4284
GEO-GSE163633,GEO-GSM4983130,4919
GEO-GSE163633,GEO-GSM4983131,5557
GEO-GSE163633,GEO-GSM4983132,5782
GEO-GSE163633,GEO-GSM4983136,3152
GEO-GSE163633,GEO-GSM4983140,1519
GEO-GSE163633,GEO-GSM4983141,1750
GEO-GSE163633,GEO-GSM4983143,3859
GEO-GSE163633,GEO-GSM4983149,6845
GEO-GSE163633,GEO-GSM4983152,601
GEO-GSE163633,GEO-GSM4983153,5634
GEO-GSE163633,GEO-GSM4983156,6497
GEO-GSE163633,GEO-GSM4983159,11257
GEO-GSE163633,GEO-GSM4983128,2549
GEO-GSE163633,GEO-GSM4983133,1975
GEO-GSE163633,GEO-GSM4983134,8196
GEO-GSE163633,GEO-GSM4983135,7659
GEO-GSE163633,GEO-GSM4983139,3522
GEO-GSE163633,GEO-GSM4983144,3216
GEO-GSE163633,GEO-GSM4983148,6719
GEO-GSE163633,GEO-GSM4983157,4315
GEO-GSE157827,GEO-GSM4775561,6243
GEO-GSE157827,GEO-GSM4775564,12362
GEO-GSE157827,GEO-GSM4775567,10228
GEO-GSE157827,GEO-GSM4775570,3794
GEO-GSE157827,GEO-GSM4775574,6483
GEO-GSE157827,GEO-GSM4775578,8416
GEO-GSE157827,GEO-GSM4775581,11616
GEO-GSE157827,GEO-GSM4775565,2656
GEO-GSE157827,GEO-GSM4775568,16156
GEO-GSE157827,GEO-GSM4775569,1829
GEO-GSE157827,GEO-GSM4775571,9208
GEO-GSE157827,GEO-GSM4775573,6327
GEO-GSE157827,GEO-GSM4775575,3561
GEO-GSE157827,GEO-GSM4775576,15691
GEO-GSE157827,GEO-GSM4775562,15357
GEO-GSE157827,GEO-GSM4775563,6165
GEO-GSE157827,GEO-GSM4775566,2654
GEO-GSE157827,GEO-GSM4775572,8470
GEO-GSE157827,GEO-GSM4775577,10981
GEO-GSE157827,GEO-GSM4775579,6249
GEO-GSE157827,GEO-GSM4775580,14489
GEO-GSE162117,GEO-GSM4933442,14388
GEO-GSE162117,GEO-GSM4933445,13415
GEO-GSE162117,GEO-GSM4933444,15082
GEO-GSE162117,GEO-GSM4933448,20741
GEO-GSE162117,GEO-GSM4933449,21541
GEO-GSE162117,GEO-GSM4933450,22384
GEO-GSE162117,GEO-GSM4933441,16589
GEO-GSE162117,GEO-GSM4933443,16784
GEO-GSE162117,GEO-GSM4933446,11513
GEO-GSE162117,GEO-GSM4933447,23026
GEO-GSE138720,GEO-GSM4116694,4642
GEO-GSE138720,GEO-GSM4116695,3909
GEO-GSE138720,GEO-GSM4116701,15337
GEO-GSE138720,GEO-GSM4116706,9030
GEO-GSE138720,GEO-GSM4116700,20924
GEO-GSE138720,GEO-GSM4116702,12054
GEO-GSE138720,GEO-GSM4116704,12854
GEO-GSE138720,GEO-GSM4116705,8206
GEO-GSE138720,GEO-GSM4116707,13050
GEO-GSE138720,GEO-GSM4116708,13973
GEO-GSE138720,GEO-GSM4116696,5667
GEO-GSE138720,GEO-GSM4116697,7730
GEO-GSE138720,GEO-GSM4116698,8059
GEO-GSE138720,GEO-GSM4116699,11936
GEO-GSE138720,GEO-GSM4116703,11638
GEO-GSE138720,GEO-GSM4116709,13699
GEO-GSE190666,GEO-GSM5728576,20882
GEO-GSE190666,GEO-GSM5728580,19046
GEO-GSE190666,GEO-GSM5728581,20206
GEO-GSE190666,GEO-GSM5728579,32594
GEO-GSE190666,GEO-GSM5728582,16504
GEO-GSE190666,GEO-GSM5728577,18296
GEO-GSE190666,GEO-GSM5728578,27642
GEO-GSE171263,GEO-GSM5221533,95655
GEO-GSE171263,GEO-GSM5221534,54581
GEO-GSE168620,GEO-GSM5151372,75004
GEO-GSE168620,GEO-GSM5151373,5665
GEO-GSE168620,GEO-GSM5151371,74425
DISCO-GSE143381,DISCO-GSM4257562,3325
DISCO-GSE143381,DISCO-GSM4257563,4861
DISCO-GSE143381,DISCO-GSM4257564,7034
DISCO-GSE143381,DISCO-GSM4257566,3940
DISCO-GSE143381,DISCO-GSM4257567,4584
DISCO-GSE143381,DISCO-GSM4257926,9407
DISCO-GSE143381,DISCO-GSM4257927,4393
DISCO-GSE143381,DISCO-GSM4257928,4380
DISCO-GSE143381,DISCO-GSM4257929,3642
DISCO-GSE143381,DISCO-GSM4257930,5151
DISCO-GSE143381,DISCO-GSM4485991,7706
DISCO-GSE171890,DISCO-GSM5236518,5885
DISCO-GSE171890,DISCO-GSM5236519,5744
DISCO-GSE171890,DISCO-GSM5236520,7464
DISCO-GSE171890,DISCO-GSM5236521,4179
DISCO-GSE171890,DISCO-GSM5236522,6334
DISCO-GSE171890,DISCO-GSM5236523,7148
DISCO-GSE171890,DISCO-GSM5236524,12115
DISCO-GSE171890,DISCO-GSM5236525,12201
DISCO-GSE171890,DISCO-GSM5236526,7834
DISCO-GSE171890,DISCO-GSM5236527,7903
DISCO-GSE171890,DISCO-GSM5236528,8541
DISCO-GSE171890,DISCO-GSM5236529,7998
DISCO-GSE136394,DISCO-GSM4047944,6223
DISCO-GSE136394,DISCO-GSM4047945,4079
DISCO-GSE136394,DISCO-GSM4047946,4271
DISCO-GSE136394,DISCO-GSM4047947,4003
DISCO-GSE136394,DISCO-GSM4047948,2702
DISCO-GSE136394,DISCO-GSM4047949,3379
DISCO-GSE136394,DISCO-GSM4047950,3726
DISCO-GSE136394,DISCO-GSM4047951,3225
DISCO-GSE136394,DISCO-GSM4047952,3844
DISCO-GSE136394,DISCO-GSM4047953,4455
DISCO-GSE136394,DISCO-GSM4047954,4018
DISCO-GSE136394,DISCO-GSM4047955,5177
DISCO-GSE136394,DISCO-GSM4047956,4928
DISCO-GSE136394,DISCO-GSM4047957,5091
DISCO-GSE136394,DISCO-GSM4047958,3491
DISCO-GSE136394,DISCO-GSM4047959,3268
DISCO-E-MTAB-8221,DISCO-ERX4029225,3923
DISCO-E-MTAB-8221,DISCO-ERX4029226,5949
DISCO-E-MTAB-8221,DISCO-ERX4029230,5879
DISCO-E-MTAB-8221,DISCO-ERX4029231,8961
DISCO-E-MTAB-8221,DISCO-ERX4029232,4957
DISCO-E-MTAB-8221,DISCO-ERX4029233,23361
DISCO-E-MTAB-8221,DISCO-ERX4029234,5042
DISCO-E-MTAB-8221,DISCO-ERX4029235,4906
DISCO-GSE175499,DISCO-GSM5335490,2495
DISCO-GSE175499,DISCO-GSM5335491,4572
DISCO-GSE175499,DISCO-GSM5335492,5171
DISCO-GSE175499,DISCO-GSM5335493,6850
DISCO-GSE175499,DISCO-GSM5335494,4909
DISCO-GSE175499,DISCO-GSM5335495,4012
DISCO-GSE175499,DISCO-GSM5335496,6158
DISCO-GSE175499,DISCO-GSM5335497,5420
DISCO-GSE175499,DISCO-GSM5335498,5533
DISCO-GSE175499,DISCO-GSM5335499,6154
DISCO-GSE175499,DISCO-GSM5335500,5726
DISCO-GSE175499,DISCO-GSM5335501,5258
DISCO-GSE175499,DISCO-GSM5335502,5252
DISCO-GSE175499,DISCO-GSM5335503,5312
DISCO-GSE175499,DISCO-GSM5335504,4804
DISCO-GSE175499,DISCO-GSM5335505,3249
DISCO-GSE175499,DISCO-GSM5335506,4228
DISCO-GSE175499,DISCO-GSM5335507,5541
DISCO-GSE175499,DISCO-GSM5335508,3617
DISCO-GSE175499,DISCO-GSM5335509,5663
DISCO-GSE175499,DISCO-GSM5335510,3999
DISCO-GSE175499,DISCO-GSM5335511,6048
DISCO-GSE175499,DISCO-GSM5335512,3179
DISCO-GSE175499,DISCO-GSM5335513,5666
DISCO-GSE175499,DISCO-GSM5335514,5684
DISCO-GSE175499,DISCO-GSM5335515,3246
DISCO-GSE175499,DISCO-GSM5335516,3629
DISCO-GSE145370,DISCO-GSM4317409,9931
DISCO-GSE145370,DISCO-GSM4317410,6146
DISCO-GSE145370,DISCO-GSM4317411,7925
DISCO-GSE145370,DISCO-GSM4317412,9141
DISCO-GSE145370,DISCO-GSM4317413,12880
DISCO-GSE145370,DISCO-GSM4317414,3607
DISCO-GSE145370,DISCO-GSM4317415,5894
DISCO-GSE145370,DISCO-GSM4317416,4727
DISCO-GSE145370,DISCO-GSM4317417,4367
DISCO-GSE145370,DISCO-GSM4317418,9331
DISCO-GSE145370,DISCO-GSM4317419,3656
DISCO-GSE145370,DISCO-GSM4317420,2789
DISCO-GSE145370,DISCO-GSM4317421,5629
DISCO-GSE145370,DISCO-GSM4317422,7202
DISCO-GSE162631,DISCO-GSM4955731,22730
DISCO-GSE162631,DISCO-GSM4955732,9358
DISCO-GSE162631,DISCO-GSM4955733,11853
DISCO-GSE162631,DISCO-GSM4955734,10443
DISCO-GSE162631,DISCO-GSM4955735,11592
DISCO-GSE162631,DISCO-GSM4955736,13520
DISCO-GSE162631,DISCO-GSM4955737,17458
DISCO-GSE162631,DISCO-GSM4955738,36288
DISCO-GSE186596,DISCO-GSM5657287,4251
DISCO-GSE186596,DISCO-GSM5657288,6293
DISCO-GSE186596,DISCO-GSM5657289,5392
DISCO-GSE186596,DISCO-GSM5657290,8428
DISCO-GSE186596,DISCO-GSM5657291,4506
DISCO-GSE186596,DISCO-GSM5657292,6135
DISCO-GSE186596,DISCO-GSM5657293,4971
DISCO-GSE186596,DISCO-GSM5657294,3561
DISCO-GSE186596,DISCO-GSM5657295,5050
DISCO-GSE186596,DISCO-GSM5657296,4999
DISCO-GSE205095,DISCO-GSM6205130,2437
DISCO-GSE205095,DISCO-GSM6205131,1629
DISCO-GSE205095,DISCO-GSM6205132,2975
DISCO-GSE205095,DISCO-GSM6205133,1712
DISCO-GSE205095,DISCO-GSM6205134,2109
DISCO-GSE205095,DISCO-GSM6205135,2261
DISCO-GSE205095,DISCO-GSM6205136,1926
DISCO-GSE205095,DISCO-GSM6205137,2790
DISCO-GSE205095,DISCO-GSM6205138,2788
DISCO-GSE205095,DISCO-GSM6205139,3365
DISCO-GSE205095,DISCO-GSM6205140,2626
DISCO-GSE205095,DISCO-GSM6205141,2877
DISCO-GSE205095,DISCO-GSM6205142,2507
DISCO-GSE205095,DISCO-GSM6205143,4484
DISCO-GSE205095,DISCO-GSM6205144,3205
DISCO-GSE205095,DISCO-GSM6205145,4759
DISCO-GSE155288,DISCO-GSM4698512,2460
DISCO-GSE155288,DISCO-GSM4698513,6643
DISCO-GSE155288,DISCO-GSM4698514,2648
DISCO-GSE155288,DISCO-GSM4698515,6566
DISCO-GSE155288,DISCO-GSM4698516,2833
DISCO-GSE155288,DISCO-GSM4698517,5884
DISCO-GSE155288,DISCO-GSM4698518,2824
DISCO-GSE155288,DISCO-GSM4698519,5255
DISCO-GSE163715,DISCO-GSM4984317,4245
DISCO-GSE163715,DISCO-GSM4984318,7543
DISCO-GSE163715,DISCO-GSM4984319,3936
DISCO-GSE163715,DISCO-GSM4984320,7056
DISCO-GSE163715,DISCO-GSM4984321,5973
DISCO-GSE163715,DISCO-GSM4984322,7933
DISCO-GSE157278,DISCO-GSM4760620,4343
DISCO-GSE157278,DISCO-GSM4760621,5534
DISCO-GSE157278,DISCO-GSM4760622,5475
DISCO-GSE157278,DISCO-GSM4760623,6311
DISCO-GSE157278,DISCO-GSM4760624,3028
DISCO-GSE157278,DISCO-GSM4760625,8172
DISCO-GSE157278,DISCO-GSM4760626,4253
DISCO-GSE157278,DISCO-GSM4760627,4186
DISCO-GSE157278,DISCO-GSM4760628,4054
DISCO-GSE157278,DISCO-GSM4760629,6779
DISCO-GSE130157,DISCO-GSM3733098,1492
DISCO-GSE130157,DISCO-GSM3733099,1710
DISCO-GSE130157,DISCO-GSM3733100,976
DISCO-GSE130157,DISCO-GSM3733101,1949
DISCO-GSE130157,DISCO-GSM3733102,1786
DISCO-GSE130157,DISCO-GSM3733103,2194
DISCO-GSE130157,DISCO-GSM3733104,1831
DISCO-GSE130157,DISCO-GSM3733105,1324
DISCO-GSE130157,DISCO-GSM3733106,472
DISCO-GSE130157,DISCO-GSM3733107,2028
DISCO-GSE130157,DISCO-GSM3733108,2257
DISCO-GSE130157,DISCO-GSM3733109,2140
DISCO-GSE130157,DISCO-GSM3733110,1820
DISCO-GSE130157,DISCO-GSM3733111,1953
DISCO-GSE130157,DISCO-GSM3733112,1540
DISCO-GSE130157,DISCO-GSM3733113,2242
DISCO-GSE130157,DISCO-GSM3733114,1237
DISCO-GSE130157,DISCO-GSM3733115,1223
DISCO-GSE130157,DISCO-GSM3733116,1053
DISCO-GSE130157,DISCO-GSM3733117,1720
DISCO-GSE130157,DISCO-GSM3733118,2040
DISCO-GSE130157,DISCO-GSM3733119,1176
DISCO-GSE130157,DISCO-GSM3733120,1977
DISCO-GSE130157,DISCO-GSM3733121,2099
DISCO-GSE130157,DISCO-GSM3733122,2735
DISCO-GSE130157,DISCO-GSM3733123,1996
DISCO-GSE130157,DISCO-GSM3733124,1905
DISCO-GSE130157,DISCO-GSM3733125,1565
DISCO-GSE130157,DISCO-GSM3733126,819
DISCO-GSE130157,DISCO-GSM3733127,930
DISCO-GSE130157,DISCO-GSM3733128,920
DISCO-GSE130157,DISCO-GSM3733129,1301
DISCO-GSE130157,DISCO-GSM3733130,784
DISCO-GSE130157,DISCO-GSM3733131,1442
DISCO-GSE130157,DISCO-GSM3733132,1319
DISCO-GSE130157,DISCO-GSM3733133,1140
DISCO-GSE130157,DISCO-GSM3733134,1036
DISCO-GSE130157,DISCO-GSM3733135,915
DISCO-GSE130157,DISCO-GSM3733136,906
DISCO-GSE130157,DISCO-GSM3733137,1244
DISCO-GSE130157,DISCO-GSM3733138,1127
DISCO-GSE130157,DISCO-GSM3733139,911
DISCO-GSE130157,DISCO-GSM3733140,943
DISCO-GSE130157,DISCO-GSM3733141,1181
DISCO-GSE156703,DISCO-GSM4742854,3603
DISCO-GSE156703,DISCO-GSM4742855,2402
DISCO-GSE156703,DISCO-GSM4742856,1085
DISCO-GSE156703,DISCO-GSM4742857,7301
DISCO-GSE156703,DISCO-GSM4742858,8978
DISCO-GSE156703,DISCO-GSM4742859,6880
DISCO-GSE156703,DISCO-GSM4742860,3772
DISCO-GSE156703,DISCO-GSM4742861,4056
DISCO-GSE156703,DISCO-GSM4742862,4158
DISCO-GSE206528,DISCO-GSM6255907,8093
DISCO-GSE206528,DISCO-GSM6255908,5693
DISCO-GSE206528,DISCO-GSM6255909,13289
DISCO-GSE206528,DISCO-GSM6255910,3073
DISCO-GSE206528,DISCO-GSM6255911,5716
DISCO-GSE206528,DISCO-GSM6255912,11331
DISCO-GSE206528,DISCO-GSM6255913,8662
DISCO-GSE167118,DISCO-GSM5093884,2797
DISCO-GSE167118,DISCO-GSM5093887,2709
DISCO-GSE167118,DISCO-GSM5093889,3334
DISCO-GSE167118,DISCO-GSM5093892,1543
DISCO-GSE167118,DISCO-GSM5093895,2122
DISCO-GSE167118,DISCO-GSM5093897,1408
DISCO-GSE167118,DISCO-GSM5093900,6336
DISCO-GSE167118,DISCO-GSM5093903,3072
DISCO-GSE167118,DISCO-GSM5093906,8942
DISCO-GSE167118,DISCO-GSM5093909,625
DISCO-GSE167118,DISCO-GSM5093911,390
DISCO-GSE167118,DISCO-GSM5093914,10273
DISCO-GSE167118,DISCO-GSM5093917,2961
DISCO-GSE167118,DISCO-GSM5093919,7739
DISCO-GSE167118,DISCO-GSM5093922,9231
DISCO-GSE167118,DISCO-GSM5093925,464
DISCO-GSE167118,DISCO-GSM5093927,500
DISCO-GSE167118,DISCO-GSM5093930,8160
DISCO-GSE167118,DISCO-GSM5093933,387
DISCO-GSE167118,DISCO-GSM5093935,347
DISCO-GSE167118,DISCO-GSM5093938,10576
DISCO-GSE167118,DISCO-GSM5093941,2685
DISCO-GSE167118,DISCO-GSM5093943,1794
DISCO-GSE167118,DISCO-GSM5093946,6020
DISCO-GSE167118,DISCO-GSM5093949,3024
DISCO-GSE167118,DISCO-GSM5093951,8235
DISCO-GSE167118,DISCO-GSM5093954,5466
DISCO-GSE167118,DISCO-GSM5093957,1179
DISCO-GSE167118,DISCO-GSM5093959,2931
DISCO-GSE167118,DISCO-GSM5093962,6811
DISCO-GSE167118,DISCO-GSM5093965,2224
DISCO-GSE167118,DISCO-GSM5093967,2425
DISCO-GSE167118,DISCO-GSM5093972,323
DISCO-GSE179135,DISCO-GSM5410484,5080
DISCO-GSE179135,DISCO-GSM5410485,5257
DISCO-GSE179135,DISCO-GSM5410486,5245
DISCO-GSE179135,DISCO-GSM5410487,6554
DISCO-GSE179135,DISCO-GSM5410488,6702
DISCO-GSE179135,DISCO-GSM5410489,3947
DISCO-GSE179135,DISCO-GSM5410490,5658
DISCO-GSE179135,DISCO-GSM5410491,6278
DISCO-GSE179135,DISCO-GSM5410492,4680
DISCO-GSE129363,DISCO-GSM3711757,9926
DISCO-GSE129363,DISCO-GSM3711758,1745
DISCO-GSE129363,DISCO-GSM3711759,1722
DISCO-GSE129363,DISCO-GSM3711760,2431
DISCO-GSE129363,DISCO-GSM3711770,236
DISCO-GSE129363,DISCO-GSM3711771,1104
DISCO-GSE129363,DISCO-GSM3711772,425
DISCO-GSE129363,DISCO-GSM3711773,5624
DISCO-GSE129363,DISCO-GSM3711774,2670
DISCO-GSE129363,DISCO-GSM3711775,1081
DISCO-GSE129363,DISCO-GSM3711776,677
DISCO-GSE129363,DISCO-GSM3711777,1317
DISCO-GSE129363,DISCO-GSM3711779,1059
DISCO-GSE129363,DISCO-GSM3711780,560
DISCO-GSE129363,DISCO-GSM3711781,1708
DISCO-GSE129363,DISCO-GSM3711782,1454
DISCO-GSE129363,DISCO-GSM3711783,1174
DISCO-GSE129363,DISCO-GSM3711784,788
DISCO-GSE129363,DISCO-GSM3711785,220
DISCO-GSE129363,DISCO-GSM3711786,4453
DISCO-GSE129363,DISCO-GSM3711787,2852
DISCO-GSE129363,DISCO-GSM3711788,2462
DISCO-GSE157477,DISCO-GSM4766839,6723
DISCO-GSE157477,DISCO-GSM4766840,3720
DISCO-GSE157477,DISCO-GSM4766841,4941
DISCO-GSE157477,DISCO-GSM4766842,5068
DISCO-GSE157477,DISCO-GSM4766843,6857
DISCO-GSE157477,DISCO-GSM4766844,6956
DISCO-GSE157477,DISCO-GSM4766845,6215
DISCO-GSE157477,DISCO-GSM4766846,4780
DISCO-GSE157477,DISCO-GSM4766847,2421
DISCO-GSE157477,DISCO-GSM4766848,4116
DISCO-GSE157477,DISCO-GSM4766849,2269
DISCO-GSE167976,DISCO-GSM5119093,3000
DISCO-GSE167976,DISCO-GSM5119094,3557
DISCO-GSE167976,DISCO-GSM5119096,2810
DISCO-GSE167976,DISCO-GSM5119097,3255
DISCO-GSE167976,DISCO-GSM5119098,3464
DISCO-GSE167976,DISCO-GSM5119100,3086
DISCO-GSE167976,DISCO-GSM5119101,1625
DISCO-GSE167976,DISCO-GSM5119102,1682
DISCO-GSE167976,DISCO-GSM5119104,1595
DISCO-GSE167976,DISCO-GSM5119105,1855
DISCO-GSE167976,DISCO-GSM5119106,805
DISCO-GSE167976,DISCO-GSM5119108,770
DISCO-GSE167976,DISCO-GSM5119109,486
DISCO-GSE167976,DISCO-GSM5119110,351
DISCO-GSE167976,DISCO-GSM5119111,695
DISCO-GSE167976,DISCO-GSM5119113,396
DISCO-GSE167976,DISCO-GSM5119114,1760
DISCO-GSE167976,DISCO-GSM5119116,2010
DISCO-GSE167976,DISCO-GSM5119117,1698
DISCO-GSE167976,DISCO-GSM5119118,1561
DISCO-GSE167976,DISCO-GSM5119120,1989
DISCO-GSE167976,DISCO-GSM5119121,1691
DISCO-GSE167976,DISCO-GSM5119122,1835
DISCO-GSE167976,DISCO-GSM5119123,1669
DISCO-GSE167976,DISCO-GSM5119124,1432
DISCO-GSE167976,DISCO-GSM5119126,1657
DISCO-GSE167976,DISCO-GSM5119127,1514
DISCO-GSE167976,DISCO-GSM5119128,1367
DISCO-GSE167976,DISCO-GSM5119130,1719
DISCO-GSE155224,DISCO-GSM4697611,5716
DISCO-GSE155224,DISCO-GSM4697612,1662
DISCO-GSE155224,DISCO-GSM4697613,6334
DISCO-GSE155224,DISCO-GSM4697614,7568
DISCO-GSE155224,DISCO-GSM4697615,5725
DISCO-GSE155224,DISCO-GSM4697617,4262
DISCO-GSE155224,DISCO-GSM4697618,1872
DISCO-GSE155224,DISCO-GSM4697619,1921
DISCO-GSE155224,DISCO-GSM4697620,291
DISCO-GSE155224,DISCO-GSM4697621,4583
DISCO-GSE155224,DISCO-GSM4697622,3372
DISCO-GSE155224,DISCO-GSM4697623,4798
DISCO-GSE155224,DISCO-GSM4697624,4482
DISCO-GSE155224,DISCO-GSM4697625,584
DISCO-GSE155224,DISCO-GSM4697626,4568
DISCO-GSE155224,DISCO-GSM4697627,2461
DISCO-GSE155224,DISCO-GSM4697628,2298
DISCO-GSE112271,DISCO-GSM3064818,14796
DISCO-GSE112271,DISCO-GSM3064819,6327
DISCO-GSE112271,DISCO-GSM3064821,2848
DISCO-GSE112271,DISCO-GSM3064822,4579
DISCO-GSE112271,DISCO-GSM3064823,922
DISCO-GSE112271,DISCO-GSM3064824,4505
DISCO-GSE180268,DISCO-GSM5456907,1353
DISCO-GSE180268,DISCO-GSM5456909,1488
DISCO-GSE180268,DISCO-GSM5456911,308
DISCO-GSE180268,DISCO-GSM5456913,1476
DISCO-GSE180268,DISCO-GSM5456915,621
DISCO-GSE180268,DISCO-GSM5456917,6615
DISCO-GSE180268,DISCO-GSM5456919,8651
DISCO-GSE180268,DISCO-GSM5456921,2533
DISCO-GSE180268,DISCO-GSM5456923,222
DISCO-GSE180268,DISCO-GSM5456925,421
DISCO-GSE180268,DISCO-GSM5456927,3474
DISCO-GSE180268,DISCO-GSM5456929,5047
DISCO-GSE180268,DISCO-GSM5456931,1469
DISCO-GSE180268,DISCO-GSM5456933,3016
DISCO-GSE180268,DISCO-GSM5456935,5455
DISCO-GSE180268,DISCO-GSM5456937,4250
DISCO-GSE180268,DISCO-GSM5456939,3161
DISCO-GSE180268,DISCO-GSM5456941,323
DISCO-E-MTAB-8495,DISCO-ERX5239476,4406
DISCO-E-MTAB-8495,DISCO-ERX5239477,1850
DISCO-E-MTAB-8495,DISCO-ERX5239478,1504
DISCO-E-MTAB-8495,DISCO-ERX5239479,1516
DISCO-E-MTAB-8495,DISCO-ERX5239480,850
DISCO-E-MTAB-8495,DISCO-ERX5239481,1362
DISCO-E-MTAB-8495,DISCO-ERX5239482,5266
DISCO-E-MTAB-8495,DISCO-ERX5239483,3862
DISCO-E-MTAB-8495,DISCO-ERX5239484,2275
DISCO-E-MTAB-8495,DISCO-ERX5239485,2226
DISCO-E-MTAB-8495,DISCO-ERX5239486,1477
DISCO-E-MTAB-8495,DISCO-ERX5239487,1389
DISCO-E-MTAB-8495,DISCO-ERX5239488,4487
DISCO-E-MTAB-8495,DISCO-ERX5239489,2228
DISCO-E-MTAB-8495,DISCO-ERX5239490,3364
DISCO-E-MTAB-8495,DISCO-ERX5239491,3891
DISCO-E-MTAB-8495,DISCO-ERX5239492,2066
DISCO-E-MTAB-8495,DISCO-ERX5239493,1438
DISCO-E-MTAB-8495,DISCO-ERX5239494,374
DISCO-E-MTAB-8495,DISCO-ERX5239496,2231
DISCO-GSE169246,DISCO-GSM5188367,4532
DISCO-GSE169246,DISCO-GSM5188368,3691
DISCO-GSE169246,DISCO-GSM5188369,1523
DISCO-GSE169246,DISCO-GSM5188370,6279
DISCO-GSE169246,DISCO-GSM5188371,4868
DISCO-GSE169246,DISCO-GSM5188372,8795
DISCO-GSE169246,DISCO-GSM5188373,2848
DISCO-GSE169246,DISCO-GSM5188374,6087
DISCO-GSE169246,DISCO-GSM5188375,1653
DISCO-GSE169246,DISCO-GSM5188376,5114
DISCO-GSE169246,DISCO-GSM5188377,4647
DISCO-GSE169246,DISCO-GSM5188379,1322
DISCO-GSE169246,DISCO-GSM5188380,4249
DISCO-GSE169246,DISCO-GSM5188381,3419
DISCO-GSE169246,DISCO-GSM5188382,5663
DISCO-GSE169246,DISCO-GSM5188383,5653
DISCO-GSE169246,DISCO-GSM5188384,3158
DISCO-GSE169246,DISCO-GSM5188385,7554
DISCO-GSE169246,DISCO-GSM5188386,5231
DISCO-GSE169246,DISCO-GSM5188387,5066
DISCO-GSE169246,DISCO-GSM5188388,6469
DISCO-GSE169246,DISCO-GSM5188389,3236
DISCO-GSE169246,DISCO-GSM5188390,23184
DISCO-GSE169246,DISCO-GSM5188391,4824
DISCO-GSE169246,DISCO-GSM5188392,8284
DISCO-GSE169246,DISCO-GSM5188393,5873
DISCO-GSE169246,DISCO-GSM5188394,4561
DISCO-GSE169246,DISCO-GSM5188396,3469
DISCO-GSE169246,DISCO-GSM5188397,1880
DISCO-GSE169246,DISCO-GSM5188398,5110
DISCO-GSE169246,DISCO-GSM5188399,3855
DISCO-GSE169246,DISCO-GSM5188400,5058
DISCO-GSE169246,DISCO-GSM5188401,3522
DISCO-GSE169246,DISCO-GSM5188402,3142
DISCO-GSE169246,DISCO-GSM5188403,2558
DISCO-GSE169246,DISCO-GSM5188404,6079
DISCO-GSE169246,DISCO-GSM5188405,6317
DISCO-GSE169246,DISCO-GSM5188406,8366
DISCO-GSE169246,DISCO-GSM5188407,5845
DISCO-GSE169246,DISCO-GSM5188408,5282
DISCO-GSE169246,DISCO-GSM5188409,8132
DISCO-GSE169246,DISCO-GSM5188410,4903
DISCO-GSE169246,DISCO-GSM5188411,4576
DISCO-GSE169246,DISCO-GSM5188412,5251
DISCO-GSE169246,DISCO-GSM5188413,4932
DISCO-GSE169246,DISCO-GSM5188414,4975
DISCO-GSE169246,DISCO-GSM5188415,7947
DISCO-GSE169246,DISCO-GSM5188416,5466
DISCO-GSE169246,DISCO-GSM5188418,8486
DISCO-GSE169246,DISCO-GSM5188419,7004
DISCO-GSE169246,DISCO-GSM5188420,4591
DISCO-GSE169246,DISCO-GSM5188421,2493
DISCO-GSE169246,DISCO-GSM5188422,10513
DISCO-GSE169246,DISCO-GSM5188423,7894
DISCO-GSE169246,DISCO-GSM5188424,4529
DISCO-GSE169246,DISCO-GSM5188425,3285
DISCO-GSE169246,DISCO-GSM5188426,323
DISCO-GSE169246,DISCO-GSM5188427,2782
DISCO-GSE169246,DISCO-GSM5188428,6054
DISCO-GSE169246,DISCO-GSM5188429,778
DISCO-GSE169246,DISCO-GSM5188430,4397
DISCO-GSE169246,DISCO-GSM5188431,3195
DISCO-GSE169246,DISCO-GSM5188432,2340
DISCO-GSE169246,DISCO-GSM5188433,11469
DISCO-GSE169246,DISCO-GSM5188434,1841
DISCO-GSE169246,DISCO-GSM5188435,8381
DISCO-GSE169246,DISCO-GSM5188436,8503
DISCO-GSE169246,DISCO-GSM5188437,6035
DISCO-GSE169246,DISCO-GSM5188438,4721
DISCO-GSE169246,DISCO-GSM5188439,10656
DISCO-GSE169246,DISCO-GSM5188440,8569
DISCO-GSE169246,DISCO-GSM5585280,5621
DISCO-GSE169246,DISCO-GSM5585281,3098
DISCO-GSE169246,DISCO-GSM5585282,7192
DISCO-GSE169246,DISCO-GSM5585283,4544
DISCO-GSE175385,DISCO-GSM5332298,2027
DISCO-GSE175385,DISCO-GSM5332299,680
DISCO-GSE175385,DISCO-GSM5332301,5198
DISCO-GSE175385,DISCO-GSM5332302,6374
DISCO-GSE175385,DISCO-GSM5332304,2156
DISCO-GSE175385,DISCO-GSM5332305,5403
DISCO-GSE175385,DISCO-GSM5332306,7241
DISCO-GSE175385,DISCO-GSM5332307,9759
DISCO-GSE175385,DISCO-GSM5332308,12049
DISCO-GSE175385,DISCO-GSM5332309,6160
DISCO-GSE175385,DISCO-GSM5332310,3647
DISCO-GSE175385,DISCO-GSM5332311,9821
DISCO-GSE175385,DISCO-GSM5332312,3370
DISCO-GSE175385,DISCO-GSM5332313,1529
DISCO-GSE175385,DISCO-GSM5332314,2189
DISCO-GSE175385,DISCO-GSM5332315,634
DISCO-GSE175385,DISCO-GSM5332316,545
DISCO-GSE175385,DISCO-GSM5332317,1841
DISCO-GSE175385,DISCO-GSM5332318,1541
DISCO-GSE175385,DISCO-GSM5332321,3421
DISCO-GSE175385,DISCO-GSM5332324,5633
DISCO-GSE138266,DISCO-GSM4104122,3961
DISCO-GSE138266,DISCO-GSM4104123,2099
DISCO-GSE138266,DISCO-GSM4104124,2592
DISCO-GSE138266,DISCO-GSM4104125,1256
DISCO-GSE138266,DISCO-GSM4104126,5472
DISCO-GSE138266,DISCO-GSM4104127,793
DISCO-GSE138266,DISCO-GSM4104128,1054
DISCO-GSE138266,DISCO-GSM4104129,2863
DISCO-GSE138266,DISCO-GSM4104130,552
DISCO-GSE138266,DISCO-GSM4104131,917
DISCO-GSE138266,DISCO-GSM4104132,7520
DISCO-GSE138266,DISCO-GSM4104133,936
DISCO-GSE138266,DISCO-GSM4104134,5655
DISCO-GSE138266,DISCO-GSM4104135,2878
DISCO-GSE138266,DISCO-GSM4104136,4850
DISCO-GSE138266,DISCO-GSM4104137,2900
DISCO-GSE138266,DISCO-GSM4104138,7185
DISCO-GSE138266,DISCO-GSM4104139,2996
DISCO-GSE138266,DISCO-GSM4104140,3343
DISCO-GSE138266,DISCO-GSM4104141,1377
DISCO-GSE138266,DISCO-GSM4104142,4472
DISCO-GSE138266,DISCO-GSM4104143,1351
DISCO-GSE180286,DISCO-GSM5457199,1287
DISCO-GSE180286,DISCO-GSM5457200,585
DISCO-GSE180286,DISCO-GSM5457201,1683
DISCO-GSE180286,DISCO-GSM5457202,3770
DISCO-GSE180286,DISCO-GSM5457203,3196
DISCO-GSE180286,DISCO-GSM5457204,2109
DISCO-GSE180286,DISCO-GSM5457205,4376
DISCO-GSE180286,DISCO-GSM5457206,3802
DISCO-GSE180286,DISCO-GSM5457207,2621
DISCO-GSE180286,DISCO-GSM5457208,3284
DISCO-GSE180286,DISCO-GSM5457209,1800
DISCO-GSE180286,DISCO-GSM5457210,2682
DISCO-GSE180286,DISCO-GSM5457211,4803
DISCO-GSE180286,DISCO-GSM5457212,1853
DISCO-GSE180286,DISCO-GSM5457213,1496
DISCO-GSE173896,DISCO-GSM5282537,14739
DISCO-GSE173896,DISCO-GSM5282538,2343
DISCO-GSE173896,DISCO-GSM5282539,2615
DISCO-GSE173896,DISCO-GSM5282540,2467
DISCO-GSE173896,DISCO-GSM5282541,3843
DISCO-GSE173896,DISCO-GSM5282542,1833
DISCO-GSE173896,DISCO-GSM5282543,353
DISCO-GSE173896,DISCO-GSM5282544,5003
DISCO-GSE173896,DISCO-GSM5282545,6508
DISCO-GSE173896,DISCO-GSM5282546,3001
DISCO-GSE173896,DISCO-GSM5282548,4544
DISCO-GSE171344,DISCO-GSM5223939,11852
DISCO-GSE171344,DISCO-GSM5223940,8889
DISCO-GSE171344,DISCO-GSM5223941,8329
DISCO-GSE171344,DISCO-GSM5223942,13361
DISCO-GSE171344,DISCO-GSM5223943,14718
DISCO-GSE171344,DISCO-GSM5223944,13734
DISCO-GSE171344,DISCO-GSM5223945,14936
DISCO-GSE171344,DISCO-GSM5223946,18248
DISCO-GSE171344,DISCO-GSM5223947,20376
DISCO-GSE171344,DISCO-GSM5223948,19494
DISCO-GSE171344,DISCO-GSM5223949,25046
DISCO-GSE171344,DISCO-GSM5223950,23280
DISCO-GSE171344,DISCO-GSM5223951,19515
DISCO-GSE171344,DISCO-GSM5223952,18984
DISCO-GSE171344,DISCO-GSM5223954,21141
DISCO-GSE171344,DISCO-GSM5223955,22934
DISCO-GSE171344,DISCO-GSM5223956,21212
DISCO-GSE171344,DISCO-GSM5223957,20468
DISCO-GSE171344,DISCO-GSM5223958,22987
DISCO-GSE171344,DISCO-GSM5223959,20160
DISCO-GSE171344,DISCO-GSM5223960,9790
DISCO-GSE171344,DISCO-GSM5223961,17816
DISCO-GSE171344,DISCO-GSM5223962,17815
DISCO-GSE171344,DISCO-GSM5223963,17315
DISCO-GSE171344,DISCO-GSM5223966,22536
DISCO-GSE171344,DISCO-GSM5223967,14141
DISCO-GSE171344,DISCO-GSM5223968,13179
DISCO-GSE171344,DISCO-GSM5223969,17564
DISCO-GSE171344,DISCO-GSM5223970,18662
DISCO-GSE171344,DISCO-GSM5223971,9622
DISCO-GSE171344,DISCO-GSM5223972,17287
DISCO-GSE171344,DISCO-GSM5223973,14664
DISCO-GSE171344,DISCO-GSM5223974,16430
DISCO-GSE146170,DISCO-GSM4367480,2614
DISCO-GSE146170,DISCO-GSM4367481,2744
DISCO-GSE146170,DISCO-GSM4367482,2608
DISCO-GSE146170,DISCO-GSM4367483,2532
DISCO-GSE146170,DISCO-GSM4367484,2240
DISCO-GSE146170,DISCO-GSM4367485,1508
DISCO-GSE146170,DISCO-GSM4367486,318
DISCO-GSE146170,DISCO-GSM4367487,2491
DISCO-GSE146170,DISCO-GSM4367488,3117
DISCO-GSE146170,DISCO-GSM4367489,2163
DISCO-GSE146170,DISCO-GSM4367490,2845
DISCO-GSE146170,DISCO-GSM4367491,2977
DISCO-GSE146170,DISCO-GSM4367492,2318
DISCO-GSE146170,DISCO-GSM4367493,1821
DISCO-GSE146170,DISCO-GSM4367494,1777
DISCO-GSE146170,DISCO-GSM4367495,2290
DISCO-GSE146170,DISCO-GSM4367496,1720
DISCO-GSE146170,DISCO-GSM4367497,2754
DISCO-GSE162362,DISCO-GSM4950435,3026
DISCO-GSE162362,DISCO-GSM4950436,3008
DISCO-GSE162362,DISCO-GSM4950439,4486
DISCO-GSE162362,DISCO-GSM4950440,4499
DISCO-GSE162362,DISCO-GSM4950441,4500
DISCO-GSE162362,DISCO-GSM4950442,4484
DISCO-GSE162362,DISCO-GSM4950443,4229
DISCO-GSE162362,DISCO-GSM4950444,4230
DISCO-GSE162362,DISCO-GSM4950445,4247
DISCO-GSE162362,DISCO-GSM4950446,4247
DISCO-GSE162362,DISCO-GSM4950447,1462
DISCO-GSE162362,DISCO-GSM4950448,1459
DISCO-GSE162362,DISCO-GSM4950449,1469
DISCO-GSE162362,DISCO-GSM4950450,1449
DISCO-GSE126030,DISCO-GSM3589407,2012
DISCO-GSE126030,DISCO-GSM3589408,2079
DISCO-GSE126030,DISCO-GSM3589409,2149
DISCO-GSE126030,DISCO-GSM3589410,4683
DISCO-GSE126030,DISCO-GSM3589411,3941
DISCO-GSE126030,DISCO-GSM3589412,5287
DISCO-GSE126030,DISCO-GSM3589413,3277
DISCO-GSE126030,DISCO-GSM3589414,2783
DISCO-GSE126030,DISCO-GSM3589415,2785
DISCO-GSE126030,DISCO-GSM3589416,4126
DISCO-GSE126030,DISCO-GSM3589417,4425
DISCO-GSE126030,DISCO-GSM3589418,4679
DISCO-GSE126030,DISCO-GSM3589419,4356
DISCO-GSE126030,DISCO-GSM3589420,3887
DISCO-GSE126030,DISCO-GSM3589421,4387
DISCO-E-MTAB-10169,DISCO-ERX5227245,6031
DISCO-E-MTAB-10169,DISCO-ERX5227246,5036
DISCO-E-MTAB-10169,DISCO-ERX5227247,7077
DISCO-E-MTAB-10169,DISCO-ERX5227248,4009
DISCO-E-MTAB-10169,DISCO-ERX5227249,5931
DISCO-E-MTAB-10169,DISCO-ERX5227250,5321
DISCO-E-MTAB-10169,DISCO-ERX5227251,6284
DISCO-E-MTAB-10169,DISCO-ERX5227252,8509
DISCO-GSE132802,DISCO-GSM3892569,10451
DISCO-GSE132802,DISCO-GSM3892570,8580
DISCO-GSE132802,DISCO-GSM3892571,8059
DISCO-GSE132802,DISCO-GSM3892572,5167
DISCO-GSE132802,DISCO-GSM3892573,4193
DISCO-GSE132802,DISCO-GSM3892574,4190
DISCO-GSE132802,DISCO-GSM3892575,3619
DISCO-GSE132802,DISCO-GSM3892576,6022
DISCO-GSE132802,DISCO-GSM3892577,1068
DISCO-GSE132802,DISCO-GSM3892578,1877
DISCO-GSE132802,DISCO-GSM3892579,3940
DISCO-GSE132802,DISCO-GSM3892580,5349
DISCO-GSE132802,DISCO-GSM3892581,1818
DISCO-GSE132802,DISCO-GSM3892582,4657
DISCO-GSE145307,DISCO-GSM4314541,977
DISCO-GSE145307,DISCO-GSM4314542,911
DISCO-GSE145307,DISCO-GSM4314543,2478
DISCO-GSE145307,DISCO-GSM4314544,1670
DISCO-GSE145307,DISCO-GSM4314545,4398
DISCO-GSE145307,DISCO-GSM4314546,3777
DISCO-GSE145307,DISCO-GSM4314547,3479
DISCO-GSE145307,DISCO-GSM4314548,2429
DISCO-GSE145307,DISCO-GSM4314549,1511
DISCO-GSE145307,DISCO-GSM4314550,4161
DISCO-GSE145307,DISCO-GSM4314551,6117
DISCO-GSE145307,DISCO-GSM4314552,4338
DISCO-GSE145307,DISCO-GSM4314553,4376
DISCO-GSE145307,DISCO-GSM4314554,3827
DISCO-GSE145307,DISCO-GSM4314555,3587
DISCO-GSE206283,DISCO-GSM6249236,5095
DISCO-GSE206283,DISCO-GSM6249237,5585
DISCO-GSE206283,DISCO-GSM6249238,6662
DISCO-GSE206283,DISCO-GSM6249239,5691
DISCO-GSE206283,DISCO-GSM6249240,12823
DISCO-GSE206283,DISCO-GSM6249241,11016
DISCO-GSE206283,DISCO-GSM6249242,10617
DISCO-GSE206283,DISCO-GSM6249243,11680
DISCO-GSE206283,DISCO-GSM6249244,14355
DISCO-GSE206283,DISCO-GSM6249245,12132
DISCO-GSE206283,DISCO-GSM6249246,8866
DISCO-GSE206283,DISCO-GSM6249247,11014
DISCO-GSE206283,DISCO-GSM6249248,6978
DISCO-GSE206283,DISCO-GSM6249249,9477
DISCO-GSE206283,DISCO-GSM6249250,12317
DISCO-GSE206283,DISCO-GSM6249251,10849
DISCO-GSE206283,DISCO-GSM6249252,11852
DISCO-GSE206283,DISCO-GSM6249253,6549
DISCO-GSE206283,DISCO-GSM6249254,9672
DISCO-GSE206283,DISCO-GSM6249255,11338
DISCO-GSE206283,DISCO-GSM6249256,9109
DISCO-GSE206283,DISCO-GSM6249257,10007
DISCO-GSE206283,DISCO-GSM6249258,9995
DISCO-GSE206283,DISCO-GSM6249259,13493
DISCO-GSE206283,DISCO-GSM6249260,6791
DISCO-GSE206283,DISCO-GSM6249261,11116
DISCO-GSE206283,DISCO-GSM6249262,8927
DISCO-GSE206283,DISCO-GSM6249263,10721
DISCO-GSE206283,DISCO-GSM6249264,10087
DISCO-GSE206283,DISCO-GSM6249265,7392
DISCO-GSE206283,DISCO-GSM6249266,12869
DISCO-GSE206283,DISCO-GSM6249267,11422
DISCO-GSE206283,DISCO-GSM6249268,10682
DISCO-GSE206283,DISCO-GSM6249269,5943
DISCO-GSE206283,DISCO-GSM6249270,9570
DISCO-GSE206283,DISCO-GSM6249271,10899
DISCO-GSE206283,DISCO-GSM6249272,15960
DISCO-GSE206283,DISCO-GSM6249273,13472
DISCO-GSE206283,DISCO-GSM6249274,17809
DISCO-GSE206283,DISCO-GSM6249275,11906
DISCO-GSE206283,DISCO-GSM6249276,10790
DISCO-GSE144136,DISCO-GSM4281974,2260
DISCO-GSE144136,DISCO-GSM4281975,1203
DISCO-GSE144136,DISCO-GSM4281976,538
DISCO-GSE144136,DISCO-GSM4281977,1968
DISCO-GSE144136,DISCO-GSM4281978,1012
DISCO-GSE144136,DISCO-GSM4281979,1612
DISCO-GSE144136,DISCO-GSM4281980,1504
DISCO-GSE144136,DISCO-GSM4281981,1584
DISCO-GSE144136,DISCO-GSM4281982,755
DISCO-GSE144136,DISCO-GSM4281983,1931
DISCO-GSE144136,DISCO-GSM4281984,1955
DISCO-GSE144136,DISCO-GSM4281985,1341
DISCO-GSE144136,DISCO-GSM4281986,1497
DISCO-GSE144136,DISCO-GSM4281987,1362
DISCO-GSE144136,DISCO-GSM4281988,2621
DISCO-GSE144136,DISCO-GSM4281989,971
DISCO-GSE144136,DISCO-GSM4281990,1355
DISCO-GSE144136,DISCO-GSM4281991,1088
DISCO-GSE144136,DISCO-GSM4281992,2034
DISCO-GSE144136,DISCO-GSM4281993,2709
DISCO-GSE144136,DISCO-GSM4281994,1554
DISCO-GSE144136,DISCO-GSM4281995,1221
DISCO-GSE144136,DISCO-GSM4281996,2555
DISCO-GSE144136,DISCO-GSM4281997,271
DISCO-GSE144136,DISCO-GSM4281999,1269
DISCO-GSE144136,DISCO-GSM4282000,724
DISCO-GSE144136,DISCO-GSM4282001,1594
DISCO-GSE144136,DISCO-GSM4282002,1444
DISCO-GSE144136,DISCO-GSM4282003,1819
DISCO-GSE144136,DISCO-GSM4282004,1949
DISCO-GSE144136,DISCO-GSM4282005,1783
DISCO-GSE144136,DISCO-GSM4282006,1452
DISCO-GSE144136,DISCO-GSM4282007,2643
DISCO-GSE151310,DISCO-GSM4572245,7180
DISCO-GSE151310,DISCO-GSM4572246,6888
DISCO-GSE151310,DISCO-GSM4572247,7079
DISCO-GSE151310,DISCO-GSM4572248,7111
DISCO-GSE151310,DISCO-GSM4572249,9757
DISCO-GSE151310,DISCO-GSM4572250,8735
DISCO-GSE151310,DISCO-GSM4572251,10120
DISCO-GSE151310,DISCO-GSM4572252,9653
DISCO-GSE151310,DISCO-GSM4572253,8259
DISCO-GSE151310,DISCO-GSM4572254,8063
DISCO-GSE151310,DISCO-GSM4572255,8363
DISCO-GSE151310,DISCO-GSM4572256,8220
DISCO-GSE151310,DISCO-GSM4572257,6890
DISCO-GSE151310,DISCO-GSM4572258,5878
DISCO-GSE151310,DISCO-GSM4572259,6887
DISCO-GSE151310,DISCO-GSM4572260,5125
DISCO-GSE151310,DISCO-GSM4572261,5193
DISCO-GSE151310,DISCO-GSM4572262,4956
DISCO-GSE151310,DISCO-GSM4572263,6645
DISCO-GSE151310,DISCO-GSM4572264,625
DISCO-GSE163005,DISCO-GSM4970057,3961
DISCO-GSE163005,DISCO-GSM4970058,1256
DISCO-GSE163005,DISCO-GSM4970059,2099
DISCO-GSE163005,DISCO-GSM4970060,2592
DISCO-GSE163005,DISCO-GSM4970061,2863
DISCO-GSE163005,DISCO-GSM4970062,917
DISCO-GSE163005,DISCO-GSM4970063,7520
DISCO-GSE163005,DISCO-GSM4970064,936
DISCO-GSE163005,DISCO-GSM4970065,369
DISCO-GSE163005,DISCO-GSM4970066,658
DISCO-GSE163005,DISCO-GSM4970067,1192
DISCO-GSE163005,DISCO-GSM4970068,613
DISCO-GSE163005,DISCO-GSM4970069,3616
DISCO-GSE163005,DISCO-GSM4970070,1881
DISCO-GSE163005,DISCO-GSM4970072,2448
DISCO-GSE163005,DISCO-GSM4970073,4002
DISCO-GSE163005,DISCO-GSM4970074,2966
DISCO-GSE163005,DISCO-GSM4970075,1254
DISCO-GSE163005,DISCO-GSM4970076,1099
DISCO-GSE163005,DISCO-GSM4970078,270
DISCO-GSE163005,DISCO-GSM4970082,635
DISCO-GSE163005,DISCO-GSM4970083,566
DISCO-GSE163005,DISCO-GSM4970084,938
DISCO-GSE163005,DISCO-GSM4970085,2896
DISCO-GSE163005,DISCO-GSM4970086,3150
DISCO-GSE163005,DISCO-GSM4970087,12205
DISCO-GSE165388,DISCO-GSM5032680,10492
DISCO-GSE165388,DISCO-GSM5032681,2695
DISCO-GSE165388,DISCO-GSM5032682,12435
DISCO-GSE165388,DISCO-GSM5032683,8247
DISCO-GSE153216,DISCO-GSM4635958,6610
DISCO-GSE153216,DISCO-GSM4635959,4754
DISCO-GSE153216,DISCO-GSM4635960,4616
DISCO-GSE153216,DISCO-GSM4635961,5499
DISCO-GSE153216,DISCO-GSM4635962,9219
DISCO-GSE153216,DISCO-GSM4635963,7009
DISCO-GSE153216,DISCO-GSM4635964,5653
DISCO-GSE153216,DISCO-GSM4635965,5448
DISCO-GSE166173,DISCO-GSM5065157,11225
DISCO-GSE166173,DISCO-GSM5065158,20973
DISCO-GSE166173,DISCO-GSM5065160,919
DISCO-GSE166173,DISCO-GSM5065161,6930
DISCO-GSE166173,DISCO-GSM5065162,8468
DISCO-GSE166173,DISCO-GSM5065163,12695
DISCO-GSE166173,DISCO-GSM5065164,373
DISCO-GSE166173,DISCO-GSM5065165,7063
DISCO-GSE166173,DISCO-GSM5065166,2968
DISCO-GSE166173,DISCO-GSM5065167,1833
DISCO-GSE166173,DISCO-GSM5065168,4783
DISCO-GSE166173,DISCO-GSM5065169,614
DISCO-GSE123813,DISCO-GSM3511735,885
DISCO-GSE123813,DISCO-GSM3511738,4385
DISCO-GSE123813,DISCO-GSM3511739,6625
DISCO-GSE123813,DISCO-GSM3511743,269
DISCO-GSE123813,DISCO-GSM3511747,571
DISCO-GSE123813,DISCO-GSM3511749,317
DISCO-GSE123813,DISCO-GSM3511750,538
DISCO-GSE123813,DISCO-GSM3511751,1071
DISCO-GSE123813,DISCO-GSM3511752,1008
DISCO-GSE123813,DISCO-GSM3511753,740
DISCO-GSE123813,DISCO-GSM3511754,4156
DISCO-GSE123813,DISCO-GSM3511755,1668
DISCO-GSE123813,DISCO-GSM3511756,1972
DISCO-GSE123813,DISCO-GSM3511757,1987
DISCO-GSE123813,DISCO-GSM3511758,2244
DISCO-GSE123813,DISCO-GSM3511759,2085
DISCO-GSE123813,DISCO-GSM3511760,1822
DISCO-GSE123813,DISCO-GSM3511761,705
DISCO-GSE123813,DISCO-GSM3511762,1353
DISCO-GSE123813,DISCO-GSM3511763,582
DISCO-GSE123813,DISCO-GSM3511764,236
DISCO-GSE123813,DISCO-GSM3511765,444
DISCO-GSE123813,DISCO-GSM3511766,1212
DISCO-GSE123813,DISCO-GSM3511767,1405
DISCO-GSE123813,DISCO-GSM3511768,2043
DISCO-GSE123813,DISCO-GSM3721445,219
DISCO-GSE123813,DISCO-GSM3721446,506
DISCO-GSE123813,DISCO-GSM3721447,3530
DISCO-GSE123813,DISCO-GSM3721448,4921
DISCO-GSE123813,DISCO-GSM3721449,4089
DISCO-GSE123813,DISCO-GSM3721450,489
DISCO-GSE123813,DISCO-GSM3721451,4692
DISCO-GSE123813,DISCO-GSM3721452,9459
DISCO-GSE123813,DISCO-GSM3721454,2295
DISCO-GSE123813,DISCO-GSM3721455,2023
DISCO-GSE123813,DISCO-GSM3721456,5309
DISCO-GSE123813,DISCO-GSM3721457,1412
DISCO-GSE123813,DISCO-GSM3721458,2290
DISCO-GSE123813,DISCO-GSM3721459,713
DISCO-GSE123813,DISCO-GSM3721460,2385
DISCO-GSE123813,DISCO-GSM3721462,4595
DISCO-GSE123813,DISCO-GSM3721463,644
DISCO-GSE123813,DISCO-GSM3721464,2711
DISCO-GSE174072,DISCO-GSM5285683,692
DISCO-GSE174072,DISCO-GSM5285684,459
DISCO-GSE174072,DISCO-GSM5285685,473
DISCO-GSE174072,DISCO-GSM5285686,514
DISCO-GSE174072,DISCO-GSM5285687,1399
DISCO-GSE174072,DISCO-GSM5285688,2133
DISCO-GSE174072,DISCO-GSM5285689,1708
DISCO-GSE174072,DISCO-GSM5285690,660
DISCO-GSE174072,DISCO-GSM5285691,1492
DISCO-GSE174072,DISCO-GSM5285692,1293
DISCO-GSE174072,DISCO-GSM5285693,1769
DISCO-GSE174072,DISCO-GSM5285694,543
DISCO-GSE174072,DISCO-GSM5285695,467
DISCO-GSE174072,DISCO-GSM5285697,284
DISCO-GSE174072,DISCO-GSM5285699,572
DISCO-GSE174072,DISCO-GSM5285703,1617
DISCO-GSE174072,DISCO-GSM5285704,848
DISCO-GSE174072,DISCO-GSM5285705,1415
DISCO-GSE174072,DISCO-GSM5285706,8130
DISCO-GSE174072,DISCO-GSM5285707,4033
DISCO-GSE174072,DISCO-GSM5285708,6377
DISCO-GSE174072,DISCO-GSM5285709,7290
DISCO-GSE174072,DISCO-GSM5285711,2591
DISCO-GSE174072,DISCO-GSM5285715,884
DISCO-GSE174072,DISCO-GSM5285716,310
DISCO-GSE174072,DISCO-GSM5285720,287
DISCO-GSE174072,DISCO-GSM5285723,4400
DISCO-GSE174072,DISCO-GSM5285726,2738
DISCO-GSE174072,DISCO-GSM5285727,573
DISCO-GSE171620,DISCO-GSM5229432,1600
DISCO-GSE171620,DISCO-GSM5229433,1612
DISCO-GSE171620,DISCO-GSM5229434,764
DISCO-GSE171620,DISCO-GSM5229435,1869
DISCO-GSE171620,DISCO-GSM5229436,3215
DISCO-GSE171620,DISCO-GSM5229437,4717
DISCO-GSE171620,DISCO-GSM5229438,1028
DISCO-GSE171620,DISCO-GSM5229439,1208
DISCO-GSE171620,DISCO-GSM5229440,1246
DISCO-GSE171620,DISCO-GSM5229441,391
DISCO-GSE171620,DISCO-GSM5229442,557
DISCO-GSE171620,DISCO-GSM5229443,968
DISCO-GSE171620,DISCO-GSM5229444,5676
DISCO-GSE171620,DISCO-GSM5229445,3442
DISCO-GSE171620,DISCO-GSM5229446,5318
DISCO-GSE171620,DISCO-GSM5229447,522
DISCO-GSE171620,DISCO-GSM5229448,466
DISCO-GSE171620,DISCO-GSM5229449,830
DISCO-GSE171620,DISCO-GSM5229450,784
DISCO-GSE178404,DISCO-GSM5390365,1838
DISCO-GSE178404,DISCO-GSM5390367,2694
DISCO-GSE178404,DISCO-GSM5390368,2104
DISCO-GSE178404,DISCO-GSM5390369,3942
DISCO-GSE178404,DISCO-GSM5390370,303
DISCO-GSE178404,DISCO-GSM5390371,1768
DISCO-GSE178404,DISCO-GSM5390372,1178
DISCO-GSE178404,DISCO-GSM5390373,1318
DISCO-GSE178404,DISCO-GSM5390374,3278
DISCO-GSE178404,DISCO-GSM5390375,1978
DISCO-GSE178404,DISCO-GSM5390376,1585
DISCO-GSE178404,DISCO-GSM5390377,2320
DISCO-GSE178404,DISCO-GSM5390378,1710
DISCO-GSE178404,DISCO-GSM5390379,11102
DISCO-GSE178404,DISCO-GSM5390380,3554
DISCO-GSE178404,DISCO-GSM5390381,1008
DISCO-GSE178404,DISCO-GSM5390382,1439
DISCO-GSE178404,DISCO-GSM5390383,1322
DISCO-GSE178404,DISCO-GSM5390384,501
DISCO-GSE178404,DISCO-GSM5390385,4175
DISCO-GSE178404,DISCO-GSM5390386,2989
DISCO-GSE178404,DISCO-GSM5390387,1882
DISCO-GSE178404,DISCO-GSM5390388,2601
DISCO-GSE135194,DISCO-GSM3993343,2275
DISCO-GSE135194,DISCO-GSM3993344,6234
DISCO-GSE135194,DISCO-GSM3993345,4104
DISCO-GSE135194,DISCO-GSM3993346,1058
DISCO-GSE135194,DISCO-GSM3993347,1871
DISCO-GSE135194,DISCO-GSM3993348,2182
DISCO-GSE135194,DISCO-GSM3993349,696
DISCO-GSE135194,DISCO-GSM3993350,3360
DISCO-GSE135194,DISCO-GSM3993351,453
DISCO-GSE135194,DISCO-GSM3993352,1766
DISCO-GSE135194,DISCO-GSM3993353,2992
DISCO-GSE135194,DISCO-GSM3993354,3995
DISCO-GSE135194,DISCO-GSM3993355,8876
DISCO-GSE133181,DISCO-GSM3901485,11213
DISCO-GSE133181,DISCO-GSM3901486,10847
DISCO-GSE133181,DISCO-GSM3901487,4811
DISCO-GSE133181,DISCO-GSM3901488,4710
DISCO-GSE133181,DISCO-GSM3901489,3847
DISCO-GSE133181,DISCO-GSM3901490,3536
DISCO-GSE133181,DISCO-GSM3901491,3974
DISCO-GSE133181,DISCO-GSM3901492,2924
DISCO-GSE133181,DISCO-GSM3901493,2938
DISCO-GSE133181,DISCO-GSM3901494,3670
DISCO-GSE133181,DISCO-GSM3901495,3064
DISCO-GSE133181,DISCO-GSM3901496,4185
DISCO-GSE166489,DISCO-GSM5073055,5189
DISCO-GSE166489,DISCO-GSM5073056,4903
DISCO-GSE166489,DISCO-GSM5073057,2281
DISCO-GSE166489,DISCO-GSM5073058,7858
DISCO-GSE166489,DISCO-GSM5073059,11139
DISCO-GSE166489,DISCO-GSM5073060,9249
DISCO-GSE166489,DISCO-GSM5073061,3340
DISCO-GSE166489,DISCO-GSM5073062,9134
DISCO-GSE166489,DISCO-GSM5073063,9485
DISCO-GSE166489,DISCO-GSM5073064,8580
DISCO-GSE166489,DISCO-GSM5073065,5630
DISCO-GSE166489,DISCO-GSM5073066,9514
DISCO-GSE166489,DISCO-GSM5073067,9840
DISCO-GSE166489,DISCO-GSM5073068,10114
DISCO-GSE166489,DISCO-GSM5073069,8556
DISCO-GSE166489,DISCO-GSM5073070,8022
DISCO-GSE166489,DISCO-GSM5073071,8796
DISCO-GSE166489,DISCO-GSM5073072,9699
DISCO-HRA000150,DISCO-HRR059129,5592
DISCO-HRA000150,DISCO-HRR059130,3885
DISCO-HRA000150,DISCO-HRR059131,5441
DISCO-HRA000150,DISCO-HRR059132,4199
DISCO-HRA000150,DISCO-HRR059133,6283
DISCO-HRA000150,DISCO-HRR059134,5663
DISCO-HRA000150,DISCO-HRR059135,5173
DISCO-HRA000150,DISCO-HRR059136,5290
DISCO-HRA000150,DISCO-HRR059137,5403
DISCO-HRA000150,DISCO-HRR059138,4584
DISCO-HRA000150,DISCO-HRR059139,4474
DISCO-HRA000150,DISCO-HRR059140,6507
DISCO-HRA000150,DISCO-HRR059141,6283
DISCO-HRA000150,DISCO-HRR059142,6275
DISCO-HRA000150,DISCO-HRR059143,5417
DISCO-HRA000150,DISCO-HRR059144,5860
DISCO-HRA000150,DISCO-HRR059145,5963
DISCO-HRA000150,DISCO-HRR059146,6187
DISCO-HRA000150,DISCO-HRR059147,6197
DISCO-HRA000150,DISCO-HRR059148,6703
DISCO-HRA000150,DISCO-HRR059149,5426
DISCO-E-MTAB-10143,DISCO-RNA_PSC1,676
DISCO-E-MTAB-10143,DISCO-RNA_PSC2,2119
DISCO-E-MTAB-10143,DISCO-RNA_PSC3,1682
DISCO-E-MTAB-10143,DISCO-RNA_PSC4,1468
DISCO-E-MTAB-10143,DISCO-RNA_PSC5,1047
DISCO-E-MTAB-10143,DISCO-RNA_PSC76,4520
DISCO-E-MTAB-10143,DISCO-RNA_PSC80,5294
DISCO-E-MTAB-10143,DISCO-RNA_sample007,1457
DISCO-E-MTAB-10143,DISCO-RNA_sample010,2245
DISCO-E-MTAB-10143,DISCO-RNA_sample012,4675
DISCO-E-MTAB-10143,DISCO-RNA_sample014,4370
DISCO-E-MTAB-10143,DISCO-RNA_sample017,7126
DISCO-E-MTAB-10143,DISCO-RNA_sample019,4678
DISCO-GSE166352,DISCO-GSM5068907,6416
DISCO-GSE166352,DISCO-GSM5068908,5662
DISCO-GSE166352,DISCO-GSM5068909,7076
DISCO-GSE166352,DISCO-GSM5068910,4610
DISCO-GSE166352,DISCO-GSM5068911,7121
DISCO-GSE166352,DISCO-GSM5068912,6767
DISCO-GSE166352,DISCO-GSM5068913,5588
DISCO-GSE166352,DISCO-GSM5068914,2922
DISCO-GSE166352,DISCO-GSM5068915,6565
DISCO-GSE160936,DISCO-GSM4886743,3834
DISCO-GSE160936,DISCO-GSM4886744,5537
DISCO-GSE160936,DISCO-GSM4886745,4042
DISCO-GSE160936,DISCO-GSM4886746,2507
DISCO-GSE160936,DISCO-GSM4886747,5308
DISCO-GSE160936,DISCO-GSM4886748,3293
DISCO-GSE160936,DISCO-GSM4886749,3023
DISCO-GSE160936,DISCO-GSM4886750,1288
DISCO-GSE160936,DISCO-GSM4886751,3591
DISCO-GSE160936,DISCO-GSM4886752,3531
DISCO-GSE160936,DISCO-GSM4886753,3641
DISCO-GSE160936,DISCO-GSM4886754,4082
DISCO-GSE160936,DISCO-GSM4886755,3153
DISCO-GSE160936,DISCO-GSM4886756,1774
DISCO-GSE160936,DISCO-GSM4886757,2166
DISCO-GSE160936,DISCO-GSM4886758,2391
DISCO-GSE160936,DISCO-GSM4886759,3288
DISCO-GSE160936,DISCO-GSM4886760,5878
DISCO-GSE160936,DISCO-GSM4886761,4425
DISCO-GSE160936,DISCO-GSM4886762,7154
DISCO-GSE160936,DISCO-GSM4886763,5430
DISCO-GSE160936,DISCO-GSM4886764,5433
DISCO-GSE160936,DISCO-GSM4886765,2152
DISCO-GSE160936,DISCO-GSM4886766,2184
DISCO-GSE167272,DISCO-GSM5100668,8191
DISCO-GSE167272,DISCO-GSM5100671,9086
DISCO-GSE167272,DISCO-GSM5100674,5211
DISCO-GSE167272,DISCO-GSM5100677,4206
DISCO-GSE167272,DISCO-GSM5100680,7959
DISCO-GSE167272,DISCO-GSM5100683,3091
DISCO-GSE167272,DISCO-GSM5100686,4268
DISCO-GSE167272,DISCO-GSM5100689,6659
DISCO-GSE162500,DISCO-GSM4952957,1252
DISCO-GSE162500,DISCO-GSM4952958,1654
DISCO-GSE162500,DISCO-GSM4952959,4237
DISCO-GSE162500,DISCO-GSM4952960,2253
DISCO-GSE162500,DISCO-GSM4952961,1808
DISCO-GSE162500,DISCO-GSM4952962,4090
DISCO-GSE162500,DISCO-GSM4952963,1420
DISCO-GSE162500,DISCO-GSM4952964,8831
DISCO-GSE162500,DISCO-GSM4952965,9012
DISCO-GSE162500,DISCO-GSM4952966,2017
DISCO-GSE162500,DISCO-GSM4952967,9647
DISCO-GSE162500,DISCO-GSM4952968,3719
DISCO-GSE162500,DISCO-GSM4952969,3584
DISCO-HRA000203,DISCO-HRX059678,9500
DISCO-HRA000203,DISCO-HRX059679,9885
DISCO-HRA000203,DISCO-HRX059680,8902
DISCO-HRA000203,DISCO-HRX059681,9867
DISCO-HRA000203,DISCO-HRX059682,10165
DISCO-HRA000203,DISCO-HRX059683,8381
DISCO-HRA000203,DISCO-HRX059684,7483
DISCO-HRA000203,DISCO-HRX059685,7648
DISCO-HRA000203,DISCO-HRX059686,11257
DISCO-HRA000203,DISCO-HRX059688,10742
DISCO-HRA000203,DISCO-HRX059689,11390
DISCO-HRA000203,DISCO-HRX059690,8859
DISCO-HRA000203,DISCO-HRX059691,9728
DISCO-HRA000203,DISCO-HRX059692,7078
DISCO-HRA000203,DISCO-HRX059693,14035
DISCO-GSE184880,DISCO-GSM5599220,5651
DISCO-GSE184880,DISCO-GSM5599221,4635
DISCO-GSE184880,DISCO-GSM5599222,3863
DISCO-GSE184880,DISCO-GSM5599223,5528
DISCO-GSE184880,DISCO-GSM5599224,3342
DISCO-GSE184880,DISCO-GSM5599225,6754
DISCO-GSE184880,DISCO-GSM5599226,2795
DISCO-GSE184880,DISCO-GSM5599228,1539
DISCO-GSE184880,DISCO-GSM5599230,3783
DISCO-GSE184880,DISCO-GSM5599231,4132
DISCO-GSE117824,DISCO-GSM3309832,1217
DISCO-GSE117824,DISCO-GSM3309833,1217
DISCO-GSE117824,DISCO-GSM3309834,3953
DISCO-GSE117824,DISCO-GSM3309835,987
DISCO-GSE117824,DISCO-GSM3309836,8505
DISCO-GSE117824,DISCO-GSM3739217,5501
DISCO-GSE117824,DISCO-GSM3739218,3906
DISCO-GSE117824,DISCO-GSM3739219,2902
DISCO-GSE117824,DISCO-GSM3739220,4008
DISCO-GSE117824,DISCO-GSM3739221,3570
DISCO-GSE117824,DISCO-GSM3739222,3825
DISCO-GSE176386,DISCO-GSM5363605,7061
DISCO-GSE176386,DISCO-GSM5363606,6363
DISCO-GSE176386,DISCO-GSM5363607,6561
DISCO-GSE176386,DISCO-GSM5363608,6080
DISCO-GSE176386,DISCO-GSM5363609,5289
DISCO-GSE176386,DISCO-GSM5363610,8211
DISCO-GSE176386,DISCO-GSM5363611,7529
DISCO-GSE176386,DISCO-GSM5363612,8286
DISCO-GSE174332,DISCO-GSM5292143,9671
DISCO-GSE174332,DISCO-GSM5292144,13286
DISCO-GSE174332,DISCO-GSM5292145,5562
DISCO-GSE174332,DISCO-GSM5292146,10205
DISCO-GSE174332,DISCO-GSM5292147,11950
DISCO-GSE174332,DISCO-GSM5292148,10453
DISCO-GSE174332,DISCO-GSM5292149,13931
DISCO-GSE174332,DISCO-GSM5292150,11858
DISCO-GSE174332,DISCO-GSM5292151,9850
DISCO-GSE174332,DISCO-GSM5292152,3953
DISCO-GSE174332,DISCO-GSM5292153,7121
DISCO-GSE174332,DISCO-GSM5292154,6658
DISCO-GSE174332,DISCO-GSM5292155,6329
DISCO-GSE174332,DISCO-GSM5292156,6734
DISCO-GSE174332,DISCO-GSM5292157,8410
DISCO-GSE174332,DISCO-GSM5292158,7909
DISCO-GSE174332,DISCO-GSM5292159,3260
DISCO-GSE174332,DISCO-GSM5292160,12335
DISCO-GSE174332,DISCO-GSM5292161,5379
DISCO-GSE174332,DISCO-GSM5292162,9543
DISCO-GSE174332,DISCO-GSM5292163,13298
DISCO-GSE174332,DISCO-GSM5292164,11450
DISCO-GSE174332,DISCO-GSM5292165,9029
DISCO-GSE174332,DISCO-GSM5292166,8872
DISCO-GSE174332,DISCO-GSM5292167,6242
DISCO-GSE174332,DISCO-GSM5292168,3217
DISCO-GSE174332,DISCO-GSM5292169,1377
DISCO-GSE174332,DISCO-GSM5292170,3747
DISCO-GSE174332,DISCO-GSM5292171,2205
DISCO-GSE174332,DISCO-GSM5292172,4899
DISCO-GSE174332,DISCO-GSM5292173,2347
DISCO-GSE174332,DISCO-GSM5292174,6626
DISCO-GSE174332,DISCO-GSM5292175,6775
DISCO-GSE174332,DISCO-GSM5292176,6255
DISCO-GSE174332,DISCO-GSM5292177,3122
DISCO-GSE174332,DISCO-GSM5292178,6210
DISCO-GSE174332,DISCO-GSM5292179,815
DISCO-GSE174332,DISCO-GSM5292180,7418
DISCO-GSE174332,DISCO-GSM5292181,6063
DISCO-GSE174332,DISCO-GSM5292182,1037
DISCO-GSE174332,DISCO-GSM5292183,1447
DISCO-GSE174332,DISCO-GSM5292184,4949
DISCO-GSE174332,DISCO-GSM5292185,2557
DISCO-GSE174332,DISCO-GSM5292186,7972
DISCO-GSE174332,DISCO-GSM5292187,6345
DISCO-GSE174332,DISCO-GSM5292188,5498
DISCO-GSE174332,DISCO-GSM5292189,7671
DISCO-GSE174332,DISCO-GSM5292190,3709
DISCO-GSE174332,DISCO-GSM5292191,8535
DISCO-GSE174332,DISCO-GSM5292192,3733
DISCO-GSE174332,DISCO-GSM5292193,4898
DISCO-GSE174332,DISCO-GSM5292194,11449
DISCO-GSE174332,DISCO-GSM5292195,1582
DISCO-GSE174332,DISCO-GSM5292196,6463
DISCO-GSE174332,DISCO-GSM5292197,8379
DISCO-GSE174332,DISCO-GSM5292198,6967
DISCO-GSE174332,DISCO-GSM5292199,7737
DISCO-GSE174332,DISCO-GSM5292200,5172
DISCO-GSE174332,DISCO-GSM5292201,6421
DISCO-GSE174332,DISCO-GSM5292202,7194
DISCO-GSE174332,DISCO-GSM5292203,4391
DISCO-GSE174332,DISCO-GSM5292204,2776
DISCO-GSE174332,DISCO-GSM5292205,7662
DISCO-GSE174332,DISCO-GSM5292206,1783
DISCO-GSE174332,DISCO-GSM5292207,3671
DISCO-GSE174332,DISCO-GSM5292208,8455
DISCO-GSE148673,DISCO-GSM4476485,2581
DISCO-GSE148673,DISCO-GSM4476486,2851
DISCO-GSE148673,DISCO-GSM4476487,3973
DISCO-GSE148673,DISCO-GSM4476488,1343
DISCO-GSE148673,DISCO-GSM4476490,2388
DISCO-GSE148673,DISCO-GSM4476491,2106
DISCO-GSE148673,DISCO-GSM4476492,6348
DISCO-GSE148673,DISCO-GSM4476493,3069
DISCO-GSE148673,DISCO-GSM4476494,1768
DISCO-GSE148673,DISCO-GSM4476495,4439
DISCO-GSE148673,DISCO-GSM5074416,2600
DISCO-GSE148673,DISCO-GSM5074417,3415
DISCO-GSE201035,DISCO-GSM6049341,6480
DISCO-GSE201035,DISCO-GSM6049344,7476
DISCO-GSE201035,DISCO-GSM6049356,5447
DISCO-GSE201035,DISCO-GSM6049359,5632
DISCO-GSE201035,DISCO-GSM6049362,8025
DISCO-GSE201035,DISCO-GSM6049365,7013
DISCO-GSE201035,DISCO-GSM6049377,6814
DISCO-GSE201035,DISCO-GSM6049378,7080
DISCO-GSE151192,DISCO-GSM4568340,3358
DISCO-GSE151192,DISCO-GSM4568341,5486
DISCO-GSE151192,DISCO-GSM4568342,5654
DISCO-GSE151192,DISCO-GSM4568343,3368
DISCO-GSE151192,DISCO-GSM4568344,5504
DISCO-GSE151192,DISCO-GSM4568345,5411
DISCO-GSE151192,DISCO-GSM4568346,4421
DISCO-GSE151192,DISCO-GSM4568347,4210
DISCO-GSE151192,DISCO-GSM4568348,8014
DISCO-GSE151192,DISCO-GSM4568349,5907
DISCO-GSE151192,DISCO-GSM4568350,7254
DISCO-GSE151192,DISCO-GSM4568351,6944
DISCO-GSE151192,DISCO-GSM4568352,5498
DISCO-GSE151192,DISCO-GSM4568353,7269
DISCO-GSE151192,DISCO-GSM4568354,8855
DISCO-GSE151192,DISCO-GSM4568355,6271
DISCO-GSE151192,DISCO-GSM4568356,8634
DISCO-GSE151192,DISCO-GSM4568357,5510
DISCO-GSE151192,DISCO-GSM4568358,5766
DISCO-GSE151192,DISCO-GSM4568359,8854
DISCO-GSE151192,DISCO-GSM4568360,7469
DISCO-GSE172357,DISCO-GSM5252126,4770
DISCO-GSE172357,DISCO-GSM5252127,4008
DISCO-GSE172357,DISCO-GSM5252128,5616
DISCO-GSE172357,DISCO-GSM5252129,8232
DISCO-GSE172357,DISCO-GSM5252130,7990
DISCO-GSE172357,DISCO-GSM5252131,7373
DISCO-GSE172357,DISCO-GSM5252132,6563
DISCO-GSE172357,DISCO-GSM5252133,15146
DISCO-GSE172357,DISCO-GSM5252134,11693
DISCO-GSE172357,DISCO-GSM5252135,7804
DISCO-GSE172357,DISCO-GSM5252136,6074
DISCO-GSE172357,DISCO-GSM5252137,7449
DISCO-GSE172357,DISCO-GSM5252138,9423
DISCO-GSE162025,DISCO-GSM4929845,10562
DISCO-GSE162025,DISCO-GSM4929846,11013
DISCO-GSE162025,DISCO-GSM4929847,9589
DISCO-GSE162025,DISCO-GSM4929848,7425
DISCO-GSE162025,DISCO-GSM4929849,6832
DISCO-GSE162025,DISCO-GSM4929850,10340
DISCO-GSE162025,DISCO-GSM4929851,9339
DISCO-GSE162025,DISCO-GSM4929852,9263
DISCO-GSE162025,DISCO-GSM4929853,9412
DISCO-GSE162025,DISCO-GSM4929854,10876
DISCO-GSE162025,DISCO-GSM4929855,9130
DISCO-GSE162025,DISCO-GSM4929856,6006
DISCO-GSE162025,DISCO-GSM4929857,9251
DISCO-GSE162025,DISCO-GSM4929858,4354
DISCO-GSE162025,DISCO-GSM4929859,9192
DISCO-GSE162025,DISCO-GSM4929860,5996
DISCO-GSE162025,DISCO-GSM4929861,8132
DISCO-GSE162025,DISCO-GSM4929862,8009
DISCO-GSE162025,DISCO-GSM4929863,8268
DISCO-GSE162025,DISCO-GSM4929864,7366
DISCO-E-MTAB-9492,DISCO-ERX4489170,6941
DISCO-E-MTAB-9492,DISCO-ERX4489172,14131
DISCO-E-MTAB-9492,DISCO-ERX4489174,7885
DISCO-E-MTAB-9492,DISCO-ERX4489176,10667
DISCO-E-MTAB-9492,DISCO-ERX4489178,14681
DISCO-E-MTAB-9492,DISCO-ERX4489180,8577
DISCO-E-MTAB-9492,DISCO-ERX4489182,264
DISCO-E-MTAB-9492,DISCO-ERX4489184,585
DISCO-GSE132509,DISCO-GSM3872434,2587
DISCO-GSE132509,DISCO-GSM3872435,5848
DISCO-GSE132509,DISCO-GSM3872436,4110
DISCO-GSE132509,DISCO-GSM3872437,4274
DISCO-GSE132509,DISCO-GSM3872438,3714
DISCO-GSE132509,DISCO-GSM3872439,4880
DISCO-GSE132509,DISCO-GSM3872440,3127
DISCO-GSE132509,DISCO-GSM3872441,3193
DISCO-GSE132509,DISCO-GSM3872442,1229
DISCO-GSE132509,DISCO-GSM3872443,3351
DISCO-GSE132509,DISCO-GSM3872444,3279
DISCO-GSE151214,DISCO-GSM4568674,1741
DISCO-GSE151214,DISCO-GSM4568676,3924
DISCO-GSE151214,DISCO-GSM4568677,2572
DISCO-GSE151214,DISCO-GSM4568678,6951
DISCO-GSE151214,DISCO-GSM4568679,4912
DISCO-GSE151214,DISCO-GSM4568680,1501
DISCO-GSE151214,DISCO-GSM4568681,9077
DISCO-GSE151214,DISCO-GSM4568682,2597
DISCO-GSE151214,DISCO-GSM4568683,2628
DISCO-GSE151214,DISCO-GSM4568684,9745
DISCO-GSE151214,DISCO-GSM4568685,4519
DISCO-GSE120221,DISCO-GSM3396161,5342
DISCO-GSE120221,DISCO-GSM3396162,3464
DISCO-GSE120221,DISCO-GSM3396163,4473
DISCO-GSE120221,DISCO-GSM3396164,792
DISCO-GSE120221,DISCO-GSM3396165,3780
DISCO-GSE120221,DISCO-GSM3396166,2514
DISCO-GSE120221,DISCO-GSM3396167,4396
DISCO-GSE120221,DISCO-GSM3396168,2450
DISCO-GSE120221,DISCO-GSM3396169,3929
DISCO-GSE120221,DISCO-GSM3396170,3946
DISCO-GSE120221,DISCO-GSM3396171,6437
DISCO-GSE120221,DISCO-GSM3396172,4175
DISCO-GSE120221,DISCO-GSM3396173,3738
DISCO-GSE120221,DISCO-GSM3396174,5067
DISCO-GSE120221,DISCO-GSM3396175,5165
DISCO-GSE120221,DISCO-GSM3396176,5048
DISCO-GSE120221,DISCO-GSM3396177,1167
DISCO-GSE120221,DISCO-GSM3396178,2674
DISCO-GSE120221,DISCO-GSM3396179,4094
DISCO-GSE120221,DISCO-GSM3396180,919
DISCO-GSE120221,DISCO-GSM3396181,4809
DISCO-GSE120221,DISCO-GSM3396182,4951
DISCO-GSE120221,DISCO-GSM3396183,5179
DISCO-GSE120221,DISCO-GSM3396184,4729
DISCO-GSE120221,DISCO-GSM3396185,2884
DISCO-GSE163973,DISCO-GSM4994379,7681
DISCO-GSE163973,DISCO-GSM4994380,7100
DISCO-GSE163973,DISCO-GSM4994381,7046
DISCO-GSE163973,DISCO-GSM4994382,6813
DISCO-GSE163973,DISCO-GSM4994383,7596
DISCO-GSE163973,DISCO-GSM4994384,5174
DISCO-GSE147979,DISCO-GSM4451262,1350
DISCO-GSE147979,DISCO-GSM4451263,3891
DISCO-GSE147979,DISCO-GSM4451264,997
DISCO-GSE147979,DISCO-GSM4451265,882
DISCO-GSE147979,DISCO-GSM4451266,1060
DISCO-GSE147979,DISCO-GSM4451267,1413
DISCO-GSE147979,DISCO-GSM4451268,6895
DISCO-GSE147979,DISCO-GSM4451269,719
DISCO-GSE147979,DISCO-GSM4451270,1517
DISCO-GSE147979,DISCO-GSM4451271,827
DISCO-GSE147979,DISCO-GSM4451276,2067
DISCO-GSE147979,DISCO-GSM4451277,4495
DISCO-GSE147979,DISCO-GSM4451278,2463
DISCO-GSE147979,DISCO-GSM4451279,13434
DISCO-GSE147979,DISCO-GSM5360357,3077
DISCO-GSE147979,DISCO-GSM5360358,2117
DISCO-GSE147979,DISCO-GSM5360359,1090
DISCO-GSE147979,DISCO-GSM5360360,871
DISCO-GSE147979,DISCO-GSM5360361,5194
DISCO-GSE147979,DISCO-GSM5360362,3964
DISCO-GSE147979,DISCO-GSM5360363,6197
DISCO-GSE147979,DISCO-GSM5360364,5096
DISCO-GSE147979,DISCO-GSM5360365,3187
DISCO-GSE147979,DISCO-GSM5360366,4519
DISCO-GSE176078,DISCO-GSM5354513,5226
DISCO-GSE176078,DISCO-GSM5354514,1997
DISCO-GSE176078,DISCO-GSM5354515,2406
DISCO-GSE176078,DISCO-GSM5354516,488
DISCO-GSE176078,DISCO-GSM5354517,233
DISCO-GSE176078,DISCO-GSM5354518,1429
DISCO-GSE176078,DISCO-GSM5354519,3015
DISCO-GSE176078,DISCO-GSM5354520,2125
DISCO-GSE176078,DISCO-GSM5354521,4356
DISCO-GSE176078,DISCO-GSM5354522,2772
DISCO-GSE176078,DISCO-GSM5354523,4177
DISCO-GSE176078,DISCO-GSM5354524,2310
DISCO-GSE176078,DISCO-GSM5354525,1791
DISCO-GSE176078,DISCO-GSM5354526,218
DISCO-GSE176078,DISCO-GSM5354527,907
DISCO-GSE176078,DISCO-GSM5354528,456
DISCO-GSE176078,DISCO-GSM5354529,7303
DISCO-GSE176078,DISCO-GSM5354530,6603
DISCO-GSE176078,DISCO-GSM5354531,6876
DISCO-GSE176078,DISCO-GSM5354532,5164
DISCO-GSE176078,DISCO-GSM5354533,4866
DISCO-GSE176078,DISCO-GSM5354534,3510
DISCO-GSE176078,DISCO-GSM5354535,2042
DISCO-GSE176078,DISCO-GSM5354536,1313
DISCO-GSE176078,DISCO-GSM5354537,3698
DISCO-GSE176078,DISCO-GSM5354538,3214
DISCO-GSE159929,DISCO-GSM4850577,7872
DISCO-GSE159929,DISCO-GSM4850578,1337
DISCO-GSE159929,DISCO-GSM4850579,2195
DISCO-GSE159929,DISCO-GSM4850580,8804
DISCO-GSE159929,DISCO-GSM4850581,10169
DISCO-GSE159929,DISCO-GSM4850582,2745
DISCO-GSE159929,DISCO-GSM4850583,7928
DISCO-GSE159929,DISCO-GSM4850584,3188
DISCO-GSE159929,DISCO-GSM4850585,8458
DISCO-GSE159929,DISCO-GSM4850586,5194
DISCO-GSE159929,DISCO-GSM4850587,7525
DISCO-GSE159929,DISCO-GSM4850588,2236
DISCO-GSE159929,DISCO-GSM4850589,4122
DISCO-GSE159929,DISCO-GSM4850590,5154
DISCO-GSE159929,DISCO-GSM4850591,7234
DISCO-GSE168522,DISCO-GSM5145401,8974
DISCO-GSE168522,DISCO-GSM5145402,7015
DISCO-GSE168522,DISCO-GSM5145403,8604
DISCO-GSE168522,DISCO-GSM5145404,9182
DISCO-GSE168522,DISCO-GSM5145405,9405
DISCO-GSE168522,DISCO-GSM5145406,13194
DISCO-GSE150877,DISCO-GSM4560069,3217
DISCO-GSE150877,DISCO-GSM4560070,8427
DISCO-GSE150877,DISCO-GSM4560071,4082
DISCO-GSE150877,DISCO-GSM4560072,1425
DISCO-GSE150877,DISCO-GSM4560073,1073
DISCO-GSE150877,DISCO-GSM4560074,5290
DISCO-GSE150877,DISCO-GSM4560075,5438
DISCO-GSE150877,DISCO-GSM4560076,5611
DISCO-GSE150877,DISCO-GSM4560077,3592
DISCO-GSE150877,DISCO-GSM4560078,2313
DISCO-GSE155683,DISCO-GSM4710450,549
DISCO-GSE155683,DISCO-GSM4710451,511
DISCO-GSE155683,DISCO-GSM4710452,8219
DISCO-GSE155683,DISCO-GSM4710453,8192
DISCO-GSE155683,DISCO-GSM4710454,1304
DISCO-GSE155683,DISCO-GSM4710455,3192
DISCO-GSE155683,DISCO-GSM4710456,7431
DISCO-GSE155683,DISCO-GSM4710457,2978
DISCO-GSE155683,DISCO-GSM4710458,5368
DISCO-GSE155683,DISCO-GSM4710459,5809
DISCO-GSE155683,DISCO-GSM4710460,2906
DISCO-GSE155683,DISCO-GSM4710461,9759
DISCO-GSE155683,DISCO-GSM4710462,7130
DISCO-GSE155683,DISCO-GSM4710463,2388
DISCO-GSE155683,DISCO-GSM4710464,3364
DISCO-GSE155683,DISCO-GSM4710465,11143
DISCO-GSE155683,DISCO-GSM4710466,7484
DISCO-GSE155683,DISCO-GSM4710467,4741
DISCO-GSE155683,DISCO-GSM4710468,3054
DISCO-GSE155683,DISCO-GSM4710469,3089
DISCO-GSE155683,DISCO-GSM4710470,13234
DISCO-GSE155683,DISCO-GSM4710471,1094
DISCO-GSE155683,DISCO-GSM4710472,439
DISCO-GSE155683,DISCO-GSM4710473,7174
DISCO-GSE155683,DISCO-GSM4710474,3953
DISCO-GSE155683,DISCO-GSM4710475,7373
DISCO-GSE155683,DISCO-GSM4710476,618
DISCO-GSE155683,DISCO-GSM4710477,703
DISCO-GSE155673,DISCO-GSM4712885,2828
DISCO-GSE155673,DISCO-GSM4712887,1364
DISCO-GSE155673,DISCO-GSM4712889,4245
DISCO-GSE155673,DISCO-GSM4712891,1551
DISCO-GSE155673,DISCO-GSM4712893,4576
DISCO-GSE155673,DISCO-GSM4712895,4310
DISCO-GSE155673,DISCO-GSM4712897,4077
DISCO-GSE155673,DISCO-GSM4712899,1945
DISCO-GSE155673,DISCO-GSM4712901,5598
DISCO-GSE155673,DISCO-GSM4712903,3385
DISCO-GSE155673,DISCO-GSM4712905,8033
DISCO-GSE155673,DISCO-GSM4712907,5194
DISCO-GSE155726,DISCO-GSM4711280,6763
DISCO-GSE155726,DISCO-GSM4711281,6100
DISCO-GSE155726,DISCO-GSM4711282,12120
DISCO-GSE155726,DISCO-GSM4711283,7682
DISCO-GSE155726,DISCO-GSM4711284,9735
DISCO-GSE157474,DISCO-GSM4766810,8701
DISCO-GSE157474,DISCO-GSM4766811,5713
DISCO-GSE157474,DISCO-GSM4766812,7179
DISCO-GSE157474,DISCO-GSM4766813,7592
DISCO-GSE157474,DISCO-GSM4766814,11686
DISCO-GSE157474,DISCO-GSM4766815,8610
DISCO-PRJNA650549,DISCO-SRX8895259,4896
DISCO-PRJNA650549,DISCO-SRX8895260,3632
DISCO-PRJNA650549,DISCO-SRX8895261,9810
DISCO-PRJNA650549,DISCO-SRX8895262,4910
DISCO-PRJNA650549,DISCO-SRX8895263,2194
DISCO-PRJNA650549,DISCO-SRX8895264,6412
DISCO-PRJNA650549,DISCO-SRX8895265,7252
DISCO-PRJNA650549,DISCO-SRX8895266,6139
DISCO-GSE188545,DISCO-GSM5685287,934
DISCO-GSE188545,DISCO-GSM5685288,6149
DISCO-GSE188545,DISCO-GSM5685289,8681
DISCO-GSE188545,DISCO-GSM5685290,3995
DISCO-GSE188545,DISCO-GSM5685291,5104
DISCO-GSE188545,DISCO-GSM5685292,5121
DISCO-GSE188545,DISCO-GSM5685293,4583
DISCO-GSE188545,DISCO-GSM5685295,1076
DISCO-GSE188545,DISCO-GSM5685296,4802
DISCO-GSE188545,DISCO-GSM5685297,10359
DISCO-GSE188545,DISCO-GSM5685298,9347
DISCO-GSE164241,DISCO-GSM5005043,1913
DISCO-GSE164241,DISCO-GSM5005044,581
DISCO-GSE164241,DISCO-GSM5005045,1808
DISCO-GSE164241,DISCO-GSM5005046,8484
DISCO-GSE164241,DISCO-GSM5005047,2935
DISCO-GSE164241,DISCO-GSM5005048,2051
DISCO-GSE164241,DISCO-GSM5005049,2360
DISCO-GSE164241,DISCO-GSM5005050,1497
DISCO-GSE164241,DISCO-GSM5005051,1130
DISCO-GSE164241,DISCO-GSM5005052,6080
DISCO-GSE164241,DISCO-GSM5005053,3741
DISCO-GSE164241,DISCO-GSM5005054,1873
DISCO-GSE164241,DISCO-GSM5005055,6166
DISCO-GSE164241,DISCO-GSM5005056,2418
DISCO-GSE164241,DISCO-GSM5005057,4671
DISCO-GSE164241,DISCO-GSM5005058,995
DISCO-GSE164241,DISCO-GSM5005059,1580
DISCO-GSE164241,DISCO-GSM5005060,401
DISCO-GSE164241,DISCO-GSM5005061,3857
DISCO-GSE164241,DISCO-GSM5005062,3761
DISCO-GSE164241,DISCO-GSM5177036,1384
DISCO-GSE164241,DISCO-GSM5177037,9630
DISCO-GSE164241,DISCO-GSM5177038,3277
DISCO-GSE164241,DISCO-GSM5177039,3665
DISCO-GSE164241,DISCO-GSM5177040,5779
DISCO-GSE164241,DISCO-GSM5177041,2236
DISCO-GSE164241,DISCO-GSM5177042,3295
DISCO-GSE164241,DISCO-GSM5177043,6468
DISCO-GSE164241,DISCO-GSM5177044,4905
DISCO-E-MTAB-9139,DISCO-ERX4147013,5807
DISCO-E-MTAB-9139,DISCO-ERX4147014,7857
DISCO-E-MTAB-9139,DISCO-ERX4147015,7960
DISCO-E-MTAB-9139,DISCO-ERX4147016,8178
DISCO-E-MTAB-9139,DISCO-ERX4147017,11622
DISCO-E-MTAB-9139,DISCO-ERX4147018,4779
DISCO-E-MTAB-9139,DISCO-ERX4147019,4948
DISCO-E-MTAB-9139,DISCO-ERX4147020,11545
DISCO-E-MTAB-9139,DISCO-ERX4147021,5851
DISCO-E-MTAB-9139,DISCO-ERX4147022,16965
DISCO-E-MTAB-9139,DISCO-ERX4147023,7049
DISCO-E-MTAB-9139,DISCO-ERX4147024,9257
DISCO-E-MTAB-9139,DISCO-ERX4147025,6987
DISCO-E-MTAB-9139,DISCO-ERX4147026,5746
DISCO-E-MTAB-9139,DISCO-ERX4147027,5171
DISCO-E-MTAB-9139,DISCO-ERX4147028,13240
DISCO-E-MTAB-9139,DISCO-ERX4147029,9414
DISCO-E-MTAB-9139,DISCO-ERX4147030,3415
DISCO-E-MTAB-9139,DISCO-ERX4147031,10322
DISCO-E-MTAB-9139,DISCO-ERX4147032,9072
DISCO-E-MTAB-9139,DISCO-ERX4147033,9366
DISCO-E-MTAB-9139,DISCO-ERX4147034,7295
DISCO-E-MTAB-9139,DISCO-ERX4147035,11457
DISCO-E-MTAB-9139,DISCO-ERX4720922,2163
DISCO-E-MTAB-9139,DISCO-ERX4720923,3392
DISCO-E-MTAB-9139,DISCO-ERX4720924,4957
DISCO-E-MTAB-9139,DISCO-ERX4720925,4862
DISCO-E-MTAB-9139,DISCO-ERX4720926,5891
DISCO-E-MTAB-9139,DISCO-ERX4720927,3818
DISCO-E-MTAB-9139,DISCO-ERX4720933,5081
DISCO-E-MTAB-9139,DISCO-ERX4720934,4408
DISCO-E-MTAB-9139,DISCO-ERX4720935,9942
DISCO-E-MTAB-9139,DISCO-ERX4720936,8281
DISCO-E-MTAB-9139,DISCO-ERX4720937,5209
DISCO-E-MTAB-9139,DISCO-ERX4720938,5924
DISCO-E-MTAB-9139,DISCO-ERX4720939,5327
DISCO-E-MTAB-9139,DISCO-ERX4720940,7787
DISCO-E-MTAB-9139,DISCO-ERX4720941,5230
DISCO-E-MTAB-9139,DISCO-ERX4720942,9970
DISCO-GSE137804,DISCO-GSM4088774,3530
DISCO-GSE137804,DISCO-GSM4088775,8243
DISCO-GSE137804,DISCO-GSM4088776,7466
DISCO-GSE137804,DISCO-GSM4088777,3111
DISCO-GSE137804,DISCO-GSM4088778,6708
DISCO-GSE137804,DISCO-GSM4088779,7043
DISCO-GSE137804,DISCO-GSM4088780,13940
DISCO-GSE137804,DISCO-GSM4088781,12745
DISCO-GSE137804,DISCO-GSM4088782,18251
DISCO-GSE137804,DISCO-GSM4088783,6299
DISCO-GSE137804,DISCO-GSM4088785,11864
DISCO-GSE137804,DISCO-GSM4088786,7706
DISCO-GSE137804,DISCO-GSM4088787,27173
DISCO-GSE137804,DISCO-GSM4088788,26191
DISCO-GSE137804,DISCO-GSM4654667,19985
DISCO-GSE137804,DISCO-GSM4654668,15480
DISCO-GSE137804,DISCO-GSM4654669,24337
DISCO-GSE137804,DISCO-GSM4654670,15224
DISCO-GSE137804,DISCO-GSM4654671,11961
DISCO-GSE137804,DISCO-GSM4654672,12570
DISCO-GSE137804,DISCO-GSM4654673,9209
DISCO-GSE137804,DISCO-GSM4654674,12730
DISCO-GSE201153,DISCO-GSM6051736,2516
DISCO-GSE201153,DISCO-GSM6051737,5263
DISCO-GSE201153,DISCO-GSM6051738,1115
DISCO-GSE201153,DISCO-GSM6051739,2904
DISCO-GSE201153,DISCO-GSM6051740,1456
DISCO-GSE201153,DISCO-GSM6051741,3506
DISCO-GSE201153,DISCO-GSM6051742,4417
DISCO-GSE201153,DISCO-GSM6051743,3491
DISCO-GSE201153,DISCO-GSM6051744,5664
DISCO-GSE201153,DISCO-GSM6051745,2941
DISCO-GSE148842,DISCO-GSM4483741,1359
DISCO-GSE148842,DISCO-GSM4483742,1708
DISCO-GSE148842,DISCO-GSM4483743,1714
DISCO-GSE148842,DISCO-GSM4483744,1728
DISCO-GSE148842,DISCO-GSM4483745,1709
DISCO-GSE148842,DISCO-GSM4483746,1786
DISCO-GSE148842,DISCO-GSM4483747,1694
DISCO-GSE148842,DISCO-GSM4483748,1667
DISCO-GSE148842,DISCO-GSM4483749,1555
DISCO-GSE148842,DISCO-GSM4483750,1709
DISCO-GSE148842,DISCO-GSM4483751,440
DISCO-GSE148842,DISCO-GSM4483752,1709
DISCO-GSE148842,DISCO-GSM4483753,1691
DISCO-GSE148842,DISCO-GSM4483754,1022
DISCO-GSE148842,DISCO-GSM4483755,1439
DISCO-GSE148842,DISCO-GSM4483756,646
DISCO-GSE148842,DISCO-GSM4483757,485
DISCO-GSE148842,DISCO-GSM4483758,797
DISCO-GSE148842,DISCO-GSM4483759,1691
DISCO-GSE148842,DISCO-GSM4483760,1757
DISCO-GSE148842,DISCO-GSM4483761,1746
DISCO-GSE148842,DISCO-GSM4483762,1617
DISCO-GSE148842,DISCO-GSM4483763,1770
DISCO-GSE148842,DISCO-GSM4483764,1720
DISCO-GSE148842,DISCO-GSM4483765,1707
DISCO-GSE148842,DISCO-GSM4483766,1759
DISCO-GSE148842,DISCO-GSM4483767,1670
DISCO-GSE148842,DISCO-GSM4483768,1571
DISCO-GSE148842,DISCO-GSM4483769,1577
DISCO-GSE148842,DISCO-GSM4483770,592
DISCO-GSE148842,DISCO-GSM4483771,503
DISCO-GSE148842,DISCO-GSM4483772,253
DISCO-GSE148842,DISCO-GSM4483773,1181
DISCO-GSE148842,DISCO-GSM5073418,477
DISCO-GSE148842,DISCO-GSM5073419,822
DISCO-GSE148842,DISCO-GSM5073420,405
DISCO-GSE148842,DISCO-GSM5073421,428
DISCO-GSE148842,DISCO-GSM5073422,503
DISCO-GSE148842,DISCO-GSM5073424,561
DISCO-GSE148842,DISCO-GSM5073425,1372
DISCO-GSE148842,DISCO-GSM5073426,818
DISCO-GSE148842,DISCO-GSM5073427,589
DISCO-E-MTAB-8410,DISCO-ERX3577858,1699
DISCO-E-MTAB-8410,DISCO-ERX3577859,1860
DISCO-E-MTAB-8410,DISCO-ERX3577860,1738
DISCO-E-MTAB-8410,DISCO-ERX3577861,2873
DISCO-E-MTAB-8410,DISCO-ERX3577862,3095
DISCO-E-MTAB-8410,DISCO-ERX3577863,1607
DISCO-E-MTAB-8410,DISCO-ERX3577864,1753
DISCO-E-MTAB-8410,DISCO-ERX3577865,1435
DISCO-E-MTAB-8410,DISCO-ERX3577866,1133
DISCO-E-MTAB-8410,DISCO-ERX3577867,1506
DISCO-E-MTAB-8410,DISCO-ERX3577868,2542
DISCO-E-MTAB-8410,DISCO-ERX3577869,3111
DISCO-E-MTAB-8410,DISCO-ERX3577870,2042
DISCO-E-MTAB-8410,DISCO-ERX3577871,1180
DISCO-E-MTAB-8410,DISCO-ERX3577872,1173
DISCO-E-MTAB-8410,DISCO-ERX3577873,375
DISCO-E-MTAB-8410,DISCO-ERX3577874,298
DISCO-E-MTAB-8410,DISCO-ERX3577875,769
DISCO-E-MTAB-8410,DISCO-ERX3577877,220
DISCO-E-MTAB-8410,DISCO-ERX3577878,573
DISCO-E-MTAB-8410,DISCO-ERX3577879,421
DISCO-E-MTAB-8410,DISCO-ERX3577880,575
DISCO-E-MTAB-8410,DISCO-ERX3577881,1848
DISCO-E-MTAB-8410,DISCO-ERX3577883,953
DISCO-E-MTAB-8410,DISCO-ERX3577884,1339
DISCO-E-MTAB-9005,DISCO-ERX4079293,1922
DISCO-E-MTAB-9005,DISCO-ERX4079294,2378
DISCO-E-MTAB-9005,DISCO-ERX4079295,1508
DISCO-E-MTAB-9005,DISCO-ERX4079296,7023
DISCO-E-MTAB-9005,DISCO-ERX4079297,4015
DISCO-E-MTAB-9005,DISCO-ERX4079298,1272
DISCO-E-MTAB-9005,DISCO-ERX4079299,4003
DISCO-E-MTAB-9005,DISCO-ERX4079300,1986
DISCO-E-MTAB-9005,DISCO-ERX4079301,915
DISCO-E-MTAB-9005,DISCO-ERX4079302,15395
DISCO-E-MTAB-9005,DISCO-ERX4079303,4396
DISCO-E-MTAB-9005,DISCO-ERX4079304,3034
DISCO-E-MTAB-9005,DISCO-ERX4079305,3968
DISCO-GSE163668,DISCO-GSM4995425,2806
DISCO-GSE163668,DISCO-GSM4995426,2622
DISCO-GSE163668,DISCO-GSM4995427,3198
DISCO-GSE163668,DISCO-GSM4995428,214
DISCO-GSE163668,DISCO-GSM4995429,1683
DISCO-GSE163668,DISCO-GSM4995430,1683
DISCO-GSE163668,DISCO-GSM4995431,1941
DISCO-GSE163668,DISCO-GSM4995432,1402
DISCO-GSE163668,DISCO-GSM4995433,282
DISCO-GSE163668,DISCO-GSM4995434,2310
DISCO-GSE163668,DISCO-GSM4995435,3228
DISCO-GSE163668,DISCO-GSM4995436,1937
DISCO-GSE163668,DISCO-GSM4995437,334
DISCO-GSE163668,DISCO-GSM4995438,861
DISCO-GSE163668,DISCO-GSM4995439,1294
DISCO-GSE163668,DISCO-GSM4995441,1116
DISCO-GSE163668,DISCO-GSM4995442,572
DISCO-GSE163668,DISCO-GSM4995443,1362
DISCO-GSE163668,DISCO-GSM4995444,1615
DISCO-GSE163668,DISCO-GSM4995447,712
DISCO-GSE163668,DISCO-GSM4995448,771
DISCO-GSE163668,DISCO-GSM4995449,2155
DISCO-GSE163668,DISCO-GSM4995450,484
DISCO-GSE163668,DISCO-GSM4995451,1979
DISCO-GSE163668,DISCO-GSM4995452,2620
DISCO-GSE163668,DISCO-GSM4995453,2217
DISCO-GSE163668,DISCO-GSM4995454,1201
DISCO-GSE163668,DISCO-GSM4995455,1254
DISCO-GSE163668,DISCO-GSM4995456,627
DISCO-GSE163668,DISCO-GSM4995457,2897
DISCO-GSE163668,DISCO-GSM4995458,2309
DISCO-GSE163668,DISCO-GSM4995459,2804
DISCO-GSE163668,DISCO-GSM4995460,1690
DISCO-GSE163668,DISCO-GSM4995461,3232
DISCO-GSE163668,DISCO-GSM4995462,1825
DISCO-GSE148978,DISCO-GSM4761092,2244
DISCO-GSE148978,DISCO-GSM4761093,3492
DISCO-GSE148978,DISCO-GSM4761094,4686
DISCO-GSE148978,DISCO-GSM4761095,5405
DISCO-GSE148978,DISCO-GSM4761096,5909
DISCO-GSE148978,DISCO-GSM4761097,6898
DISCO-GSE148978,DISCO-GSM4761098,6776
DISCO-GSE148978,DISCO-GSM4761099,6872
DISCO-GSE148978,DISCO-GSM4761100,9492
DISCO-GSE148978,DISCO-GSM4761101,7314
DISCO-E-MTAB-9489,DISCO-ERX4577537,6937
DISCO-E-MTAB-9489,DISCO-ERX4577538,6017
DISCO-E-MTAB-9489,DISCO-ERX4577539,4977
DISCO-E-MTAB-9489,DISCO-ERX4577540,4740
DISCO-E-MTAB-9489,DISCO-ERX4577541,6220
DISCO-E-MTAB-9489,DISCO-ERX4577542,3081
DISCO-E-MTAB-9489,DISCO-ERX4577543,5913
DISCO-E-MTAB-9489,DISCO-ERX4577544,4418
DISCO-E-MTAB-9489,DISCO-ERX4577545,5740
DISCO-E-MTAB-9489,DISCO-ERX4577546,4503
DISCO-GSE172493,DISCO-GSM5257945,8656
DISCO-GSE172493,DISCO-GSM5257946,8350
DISCO-GSE172493,DISCO-GSM5257947,10997
DISCO-GSE172493,DISCO-GSM5257948,9787
DISCO-GSE132338,DISCO-GSM3856560,2301
DISCO-GSE132338,DISCO-GSM3856561,2937
DISCO-GSE132338,DISCO-GSM3856562,1197
DISCO-GSE132338,DISCO-GSM3856564,1950
DISCO-GSE132338,DISCO-GSM3856565,2474
DISCO-GSE132338,DISCO-GSM3856566,1928
DISCO-GSE132338,DISCO-GSM3856567,1766
DISCO-GSE132338,DISCO-GSM3856568,2382
DISCO-GSE132338,DISCO-GSM3856569,1298
DISCO-GSE132338,DISCO-GSM3856570,1780
DISCO-GSE132338,DISCO-GSM3856571,648
DISCO-GSE132338,DISCO-GSM3856572,1150
DISCO-GSE132338,DISCO-GSM3856573,2200
DISCO-GSE132338,DISCO-GSM3856574,1708
DISCO-GSE132338,DISCO-GSM3856576,1418
DISCO-GSE132338,DISCO-GSM3856577,1438
DISCO-GSE132338,DISCO-GSM3856578,907
DISCO-GSE132338,DISCO-GSM3856579,2073
DISCO-GSE132338,DISCO-GSM3856580,1162
DISCO-GSE132338,DISCO-GSM3856581,1028
DISCO-GSE132338,DISCO-GSM3856582,2534
DISCO-GSE132338,DISCO-GSM3856584,581
DISCO-GSE132338,DISCO-GSM3856585,1725
DISCO-GSE132338,DISCO-GSM3856586,1527
DISCO-GSE132338,DISCO-GSM3856587,1807
DISCO-GSE132338,DISCO-GSM3856588,1688
DISCO-GSE132338,DISCO-GSM4512382,354
DISCO-GSE132338,DISCO-GSM4512383,295
DISCO-GSE132338,DISCO-GSM4512385,633
DISCO-GSE132338,DISCO-GSM4512387,405
DISCO-GSE132338,DISCO-GSM4512388,573
DISCO-GSE132338,DISCO-GSM4512389,226
DISCO-GSE132338,DISCO-GSM4512390,326
DISCO-GSE157344,DISCO-GSM4762139,827
DISCO-GSE157344,DISCO-GSM4762140,1878
DISCO-GSE157344,DISCO-GSM4762141,846
DISCO-GSE157344,DISCO-GSM4762142,743
DISCO-GSE157344,DISCO-GSM4762143,1691
DISCO-GSE157344,DISCO-GSM4762144,2379
DISCO-GSE157344,DISCO-GSM4762145,3012
DISCO-GSE157344,DISCO-GSM4762146,3285
DISCO-GSE157344,DISCO-GSM4762147,1653
DISCO-GSE157344,DISCO-GSM4762148,3897
DISCO-GSE157344,DISCO-GSM4762149,979
DISCO-GSE157344,DISCO-GSM4762150,582
DISCO-GSE157344,DISCO-GSM4762151,772
DISCO-GSE157344,DISCO-GSM4762152,1483
DISCO-GSE157344,DISCO-GSM4762153,1790
DISCO-GSE157344,DISCO-GSM4762156,1248
DISCO-GSE157344,DISCO-GSM4762157,430
DISCO-GSE157344,DISCO-GSM4762158,2784
DISCO-GSE157344,DISCO-GSM4762159,1229
DISCO-GSE157344,DISCO-GSM4762160,1665
DISCO-GSE157344,DISCO-GSM4762161,1448
DISCO-GSE157344,DISCO-GSM4762162,2166
DISCO-GSE157344,DISCO-GSM4762163,1110
DISCO-GSE157344,DISCO-GSM4762164,413
DISCO-GSE157344,DISCO-GSM4762165,1962
DISCO-GSE157344,DISCO-GSM4762166,1839
DISCO-GSE157344,DISCO-GSM4762167,2659
DISCO-GSE157344,DISCO-GSM4762168,1185
DISCO-GSE157344,DISCO-GSM4762169,493
DISCO-GSE157344,DISCO-GSM4762170,1141
DISCO-GSE157344,DISCO-GSM4762171,890
DISCO-GSE157344,DISCO-GSM4762172,525
DISCO-GSE157344,DISCO-GSM4762173,1648
DISCO-GSE157344,DISCO-GSM4762174,785
DISCO-GSE157344,DISCO-GSM4762175,1492
DISCO-GSE157344,DISCO-GSM4762177,308
DISCO-GSE157344,DISCO-GSM4762178,1424
DISCO-GSE157344,DISCO-GSM4762179,3140
DISCO-GSE157344,DISCO-GSM4762180,882
DISCO-GSE157344,DISCO-GSM4762181,1265
DISCO-GSE157344,DISCO-GSM4762182,1050
DISCO-GSE157344,DISCO-GSM4762183,848
DISCO-GSE157344,DISCO-GSM4762184,1867
DISCO-GSE157344,DISCO-GSM4762185,1337
DISCO-GSE157344,DISCO-GSM4762186,2584
DISCO-GSE157344,DISCO-GSM4762187,1695
DISCO-GSE157344,DISCO-GSM4762188,629
DISCO-GSE157344,DISCO-GSM4762189,1037
DISCO-GSE157344,DISCO-GSM4762190,705
DISCO-GSE157344,DISCO-GSM4762191,213
DISCO-GSE157344,DISCO-GSM4762192,745
DISCO-GSE157344,DISCO-GSM4762193,2070
DISCO-GSE157344,DISCO-GSM4762194,914
DISCO-PRJNA717310,DISCO-SAMN18497884,2121
DISCO-PRJNA717310,DISCO-SAMN18497885,5454
DISCO-PRJNA717310,DISCO-SAMN18497886,847
DISCO-PRJNA717310,DISCO-SAMN18497887,1523
DISCO-PRJNA717310,DISCO-SAMN18497888,4043
DISCO-PRJNA717310,DISCO-SAMN18497889,2088
DISCO-PRJNA717310,DISCO-SAMN18497890,6591
DISCO-PRJNA717310,DISCO-SAMN18497891,5162
DISCO-PRJNA717310,DISCO-SAMN18497892,8421
DISCO-GSE139891,DISCO-GSM4148370,4429
DISCO-GSE139891,DISCO-GSM4148371,3531
DISCO-GSE139891,DISCO-GSM4148372,3804
DISCO-GSE139891,DISCO-GSM4148373,4127
DISCO-GSE139891,DISCO-GSM4148374,4731
DISCO-GSE139891,DISCO-GSM4148375,5691
DISCO-GSE139891,DISCO-GSM4560814,4119
DISCO-GSE139891,DISCO-GSM4560815,4294
DISCO-GSE159677,DISCO-GSM4837523,9422
DISCO-GSE159677,DISCO-GSM4837524,3030
DISCO-GSE159677,DISCO-GSM4837525,13111
DISCO-GSE159677,DISCO-GSM4837526,4538
DISCO-GSE159677,DISCO-GSM4837527,10159
DISCO-GSE159677,DISCO-GSM4837528,2799
DISCO-GSE145927,DISCO-GSM4339775,13457
DISCO-GSE145927,DISCO-GSM4339776,8767
DISCO-GSE145927,DISCO-GSM4339777,5588
DISCO-GSE145927,DISCO-GSM4339778,10231
DISCO-GSE145927,DISCO-GSM4339779,1580
DISCO-GSE145927,DISCO-GSM4339780,10203
DISCO-GSE145927,DISCO-GSM4339781,2102
DISCO-GSE175604,DISCO-GSM5342385,6055
DISCO-GSE175604,DISCO-GSM5342386,4345
DISCO-GSE175604,DISCO-GSM5342387,2498
DISCO-GSE175604,DISCO-GSM5342388,1298
DISCO-GSE175604,DISCO-GSM5342389,1708
DISCO-GSE175604,DISCO-GSM5342390,9166
DISCO-GSE175604,DISCO-GSM5342391,1687
DISCO-GSE175604,DISCO-GSM5342392,5392
DISCO-GSE175604,DISCO-GSM5342393,14976
DISCO-GSE175604,DISCO-GSM5342394,6062
DISCO-GSE175604,DISCO-GSM5342395,1412
DISCO-GSE175604,DISCO-GSM5342396,5243
DISCO-GSE175604,DISCO-GSM5342397,8852
DISCO-GSE175604,DISCO-GSM5342398,7309
DISCO-GSE175604,DISCO-GSM5342399,7557
DISCO-GSE175604,DISCO-GSM5342409,2561
DISCO-GSE175604,DISCO-GSM5342410,1163
DISCO-GSE175604,DISCO-GSM5342411,1107
DISCO-GSE175604,DISCO-GSM5342412,2869
DISCO-GSE175604,DISCO-GSM5342413,5782
DISCO-GSE175604,DISCO-GSM5342414,242
DISCO-GSE175604,DISCO-GSM5342415,3333
DISCO-GSE175604,DISCO-GSM5342416,1847
DISCO-GSE175604,DISCO-GSM5342417,1223
DISCO-GSE175604,DISCO-GSM5342418,3087
DISCO-GSE175604,DISCO-GSM5342419,3131
DISCO-GSE175604,DISCO-GSM5342420,6196
DISCO-GSE175604,DISCO-GSM5342421,3262
DISCO-GSE175604,DISCO-GSM5342422,5609
DISCO-GSE175604,DISCO-GSM5342423,2612
DISCO-GSE175604,DISCO-GSM5342424,7380
DISCO-GSE175604,DISCO-GSM5342425,2485
DISCO-GSE175604,DISCO-GSM5342426,716
DISCO-GSE176294,DISCO-GSM5362313,2232
DISCO-GSE176294,DISCO-GSM5362314,2241
DISCO-GSE176294,DISCO-GSM5362315,2283
DISCO-GSE176294,DISCO-GSM5362316,2312
DISCO-GSE176294,DISCO-GSM5362317,1825
DISCO-GSE176294,DISCO-GSM5362318,1764
DISCO-GSE176294,DISCO-GSM5362319,1932
DISCO-GSE176294,DISCO-GSM5362320,2140
DISCO-GSE176294,DISCO-GSM5362321,2181
DISCO-GSE176294,DISCO-GSM5362322,2211
DISCO-GSE176294,DISCO-GSM5362323,2171
DISCO-GSE176294,DISCO-GSM5362324,2193
DISCO-GSE176294,DISCO-GSM5362325,1870
DISCO-GSE176294,DISCO-GSM5362326,1968
DISCO-GSE176294,DISCO-GSM5362327,1836
DISCO-GSE176294,DISCO-GSM5362328,1896
DISCO-GSE202100,DISCO-GSM6094585,2507
DISCO-GSE202100,DISCO-GSM6094586,12011
DISCO-GSE202100,DISCO-GSM6094587,17515
DISCO-GSE202100,DISCO-GSM6094588,9827
DISCO-GSE202100,DISCO-GSM6094589,5340
DISCO-GSE159251,DISCO-GSM4824350,17547
DISCO-GSE159251,DISCO-GSM4824352,7706
DISCO-GSE159251,DISCO-GSM4824354,8024
DISCO-GSE159251,DISCO-GSM4824356,17657
DISCO-GSE159251,DISCO-GSM4824358,5208
DISCO-GSE159251,DISCO-GSM4824360,13402
DISCO-GSE202410,DISCO-GSM6119079,6397
DISCO-GSE202410,DISCO-GSM6119080,4317
DISCO-GSE202410,DISCO-GSM6119081,1979
DISCO-GSE202410,DISCO-GSM6119082,5394
DISCO-GSE202410,DISCO-GSM6119083,4128
DISCO-GSE202410,DISCO-GSM6119084,6704
DISCO-GSE202410,DISCO-GSM6119085,5048
DISCO-GSE202410,DISCO-GSM6119086,2776
DISCO-GSE202410,DISCO-GSM6119087,4494
DISCO-GSE202410,DISCO-GSM6119088,1140
DISCO-GSE202410,DISCO-GSM6119089,4194
DISCO-GSE202410,DISCO-GSM6119091,4965
DISCO-GSE202410,DISCO-GSM6119093,3777
DISCO-GSE202410,DISCO-GSM6119094,855
DISCO-GSE202410,DISCO-GSM6119095,4516
DISCO-GSE202410,DISCO-GSM6119096,5246
DISCO-GSE202410,DISCO-GSM6119097,1160
DISCO-GSE202410,DISCO-GSM6119098,1995
DISCO-GSE202410,DISCO-GSM6119099,3805
DISCO-GSE202410,DISCO-GSM6119100,6767
DISCO-GSE202410,DISCO-GSM6119101,5321
DISCO-GSE202410,DISCO-GSM6119102,8728
DISCO-GSE152212,DISCO-GSM4609166,1392
DISCO-GSE152212,DISCO-GSM4609167,563
DISCO-GSE152212,DISCO-GSM4609169,1819
DISCO-GSE152212,DISCO-GSM4609172,256
DISCO-GSE152212,DISCO-GSM4609173,748
DISCO-GSE152212,DISCO-GSM4609174,759
DISCO-GSE152212,DISCO-GSM4609175,1138
DISCO-GSE152212,DISCO-GSM4609176,309
DISCO-GSE152212,DISCO-GSM4609177,1300
DISCO-GSE152212,DISCO-GSM4609178,703
DISCO-GSE152212,DISCO-GSM4609179,590
DISCO-GSE152212,DISCO-GSM4609180,1150
DISCO-GSE152212,DISCO-GSM4609181,1527
DISCO-GSE152212,DISCO-GSM4609182,813
DISCO-GSE152212,DISCO-GSM4609183,1053
DISCO-GSE152212,DISCO-GSM4609184,1251
DISCO-GSE152212,DISCO-GSM4609185,877
DISCO-GSE152212,DISCO-GSM4609186,263
DISCO-GSE152212,DISCO-GSM4609187,361
DISCO-GSE152212,DISCO-GSM4609188,475
DISCO-GSE152212,DISCO-GSM4609189,1001
DISCO-GSE152212,DISCO-GSM4609190,1059
DISCO-GSE152212,DISCO-GSM4609191,495
DISCO-GSE152212,DISCO-GSM4609192,843
DISCO-GSE152212,DISCO-GSM4609193,542
DISCO-GSE152212,DISCO-GSM4609194,989
DISCO-GSE152212,DISCO-GSM4609195,402
DISCO-GSE152212,DISCO-GSM4609196,900
DISCO-GSE152212,DISCO-GSM4609197,968
DISCO-GSE152212,DISCO-GSM4609198,569
DISCO-GSE152212,DISCO-GSM4609199,573
DISCO-GSE152212,DISCO-GSM4609200,752
DISCO-GSE152212,DISCO-GSM4609201,1595
DISCO-GSE152212,DISCO-GSM4609202,1623
DISCO-GSE152212,DISCO-GSM4609203,1195
DISCO-GSE152212,DISCO-GSM4609204,1669
DISCO-GSE152212,DISCO-GSM4609205,593
DISCO-GSE152212,DISCO-GSM4609206,673
DISCO-GSE152212,DISCO-GSM4609207,548
DISCO-GSE152212,DISCO-GSM4609208,695
DISCO-GSE152212,DISCO-GSM4609209,832
DISCO-GSE152212,DISCO-GSM4609212,480
DISCO-GSE152212,DISCO-GSM4609213,523
DISCO-GSE152212,DISCO-GSM4609214,761
DISCO-GSE152212,DISCO-GSM4609215,645
DISCO-GSE152212,DISCO-GSM4609216,410
DISCO-GSE139369,DISCO-GSM4138872,4114
DISCO-GSE139369,DISCO-GSM4138873,4127
DISCO-GSE139369,DISCO-GSM4138874,2200
DISCO-GSE139369,DISCO-GSM4138875,5779
DISCO-GSE139369,DISCO-GSM4138876,5726
DISCO-GSE139369,DISCO-GSM4138877,5607
DISCO-GSE139369,DISCO-GSM4138878,1483
DISCO-GSE139369,DISCO-GSM4138879,3336
DISCO-GSE139369,DISCO-GSM4138880,5482
DISCO-GSE139369,DISCO-GSM4138881,324
DISCO-GSE139369,DISCO-GSM4138882,219
DISCO-GSE139369,DISCO-GSM4138883,1522
DISCO-GSE139369,DISCO-GSM4138884,1818
DISCO-GSE139369,DISCO-GSM4138885,3753
DISCO-GSE139369,DISCO-GSM4138886,1912
DISCO-GSE139369,DISCO-GSM4138887,864
DISCO-GSE175817,DISCO-GSM5348398,7074
DISCO-GSE175817,DISCO-GSM5348399,2633
DISCO-GSE175817,DISCO-GSM5348400,2336
DISCO-GSE175817,DISCO-GSM5348401,12315
DISCO-GSE175817,DISCO-GSM5348402,8066
DISCO-GSE175817,DISCO-GSM5348403,16572
DISCO-GSE171964,DISCO-GSM5238894,5515
DISCO-GSE171964,DISCO-GSM5238895,3665
DISCO-GSE171964,DISCO-GSM5238896,3217
DISCO-GSE171964,DISCO-GSM5238897,5347
DISCO-GSE171964,DISCO-GSM5238898,4706
DISCO-GSE171964,DISCO-GSM5238899,3780
DISCO-GSE171964,DISCO-GSM5238900,3672
DISCO-GSE171964,DISCO-GSM5238901,5239
DISCO-GSE171964,DISCO-GSM5238902,5728
DISCO-GSE171964,DISCO-GSM5238903,5028
DISCO-GSE171964,DISCO-GSM5238904,6143
DISCO-GSE171964,DISCO-GSM5238905,6401
DISCO-GSE171964,DISCO-GSM5238906,5079
DISCO-GSE171964,DISCO-GSM5238907,4362
DISCO-GSE171964,DISCO-GSM5238908,4789
DISCO-GSE171964,DISCO-GSM5238909,4980
DISCO-GSE171964,DISCO-GSM5238910,3868
DISCO-GSE171964,DISCO-GSM5238911,4909
DISCO-GSE171964,DISCO-GSM5238912,5183
DISCO-GSE171964,DISCO-GSM5238913,4592
DISCO-GSE171964,DISCO-GSM5238914,5402
DISCO-GSE171964,DISCO-GSM5238915,5381
DISCO-GSE171964,DISCO-GSM5238916,2150
DISCO-GSE171964,DISCO-GSM5238917,4759
DISCO-GSE171964,DISCO-GSM5238918,7792
DISCO-GSE171964,DISCO-GSM5238919,4721
DISCO-GSE171964,DISCO-GSM5238920,5332
DISCO-GSE171964,DISCO-GSM5238921,5328
DISCO-GSE171964,DISCO-GSM5238922,4607
DISCO-GSE171964,DISCO-GSM5238923,4610
DISCO-GSE171964,DISCO-GSM5238924,6554
DISCO-GSE171964,DISCO-GSM5238925,6535
DISCO-GSE171964,DISCO-GSM5238926,5919
DISCO-GSE171964,DISCO-GSM5238927,5919
DISCO-GSE171964,DISCO-GSM5238928,5838
DISCO-GSE171964,DISCO-GSM5238929,5837
DISCO-GSE171964,DISCO-GSM5238930,5775
DISCO-GSE171964,DISCO-GSM5238931,8170
DISCO-GSE171964,DISCO-GSM5238932,6532
DISCO-GSE171964,DISCO-GSM5238933,6317
DISCO-GSE171964,DISCO-GSM5238934,6062
DISCO-GSE171964,DISCO-GSM5238935,4937
DISCO-GSE171964,DISCO-GSM5238936,5635
DISCO-GSE171964,DISCO-GSM5238937,3873
DISCO-GSE171964,DISCO-GSM5238939,12788
DISCO-GSE171964,DISCO-GSM5238940,3270
DISCO-GSE171964,DISCO-GSM5238941,4389
DISCO-GSE171964,DISCO-GSM5238942,4420
DISCO-GSE171964,DISCO-GSM5238943,21086
DISCO-GSE161329,DISCO-GSM4904933,3627
DISCO-GSE161329,DISCO-GSM4904934,3459
DISCO-GSE161329,DISCO-GSM4904935,3893
DISCO-GSE161329,DISCO-GSM4904936,4546
DISCO-GSE161329,DISCO-GSM4904937,20340
DISCO-GSE163577,DISCO-GSM4982083,9297
DISCO-GSE163577,DISCO-GSM4982084,16032
DISCO-GSE163577,DISCO-GSM4982085,278
DISCO-GSE163577,DISCO-GSM4982086,9024
DISCO-GSE163577,DISCO-GSM4982087,16693
DISCO-GSE163577,DISCO-GSM4982088,20088
DISCO-GSE163577,DISCO-GSM4982089,4372
DISCO-GSE163577,DISCO-GSM4982090,2309
DISCO-GSE163577,DISCO-GSM4982091,4211
DISCO-GSE163577,DISCO-GSM4982092,9032
DISCO-GSE163577,DISCO-GSM4982093,5996
DISCO-GSE163577,DISCO-GSM4982094,4445
DISCO-GSE163577,DISCO-GSM4982095,1049
DISCO-GSE163577,DISCO-GSM4982096,2075
DISCO-GSE163577,DISCO-GSM4982097,2589
DISCO-GSE163577,DISCO-GSM4982098,1115
DISCO-GSE163577,DISCO-GSM4982099,21794
DISCO-GSE163577,DISCO-GSM4982100,8175
DISCO-GSE163577,DISCO-GSM4982101,8647
DISCO-GSE163577,DISCO-GSM4982102,12629
DISCO-GSE163577,DISCO-GSM4982103,15466
DISCO-GSE163577,DISCO-GSM4982104,17374
DISCO-GSE163577,DISCO-GSM4982105,9135
DISCO-GSE163577,DISCO-GSM4982106,12152
DISCO-GSE163577,DISCO-GSM4982107,7122
DISCO-GSE150825,DISCO-GSM4559280,2338
DISCO-GSE150825,DISCO-GSM4559281,3490
DISCO-GSE150825,DISCO-GSM4586332,5057
DISCO-GSE150825,DISCO-GSM4586333,4486
DISCO-GSE150825,DISCO-GSM4586334,3256
DISCO-GSE150825,DISCO-GSM4586335,4042
DISCO-GSE150825,DISCO-GSM4586336,2709
DISCO-GSE150825,DISCO-GSM4586337,1238
DISCO-GSE150825,DISCO-GSM4586338,5070
DISCO-GSE150825,DISCO-GSM4586339,3411
DISCO-GSE150825,DISCO-GSM4603512,7729
DISCO-GSE150825,DISCO-GSM4603513,5942
DISCO-GSE150825,DISCO-GSM4603514,5163
DISCO-GSE150825,DISCO-GSM4603515,6707
DISCO-GSE150825,DISCO-GSM4603516,4330
DISCO-GSE158038,DISCO-GSM4785600,6566
DISCO-GSE158038,DISCO-GSM4785601,9438
DISCO-GSE158038,DISCO-GSM4785602,2378
DISCO-GSE158038,DISCO-GSM4785603,6262
DISCO-GSE158038,DISCO-GSM4785604,7885
DISCO-GSE158038,DISCO-GSM4785605,9861
DISCO-GSE158038,DISCO-GSM4785606,7755
DISCO-GSE158038,DISCO-GSM4785607,4785
DISCO-GSE158038,DISCO-GSM4785608,5773
DISCO-GSE158038,DISCO-GSM4785609,3030
DISCO-GSE158038,DISCO-GSM4785610,1983
DISCO-GSE158038,DISCO-GSM4785611,3030
DISCO-GSE158038,DISCO-GSM4785612,3187
DISCO-GSE158038,DISCO-GSM4785634,953
DISCO-GSE158038,DISCO-GSM4785635,314
DISCO-GSE158038,DISCO-GSM4785636,1829
DISCO-GSE158038,DISCO-GSM4785637,283
DISCO-GSE158038,DISCO-GSM4785641,912
DISCO-GSE158038,DISCO-GSM4785642,4276
DISCO-GSE158038,DISCO-GSM4785643,210
DISCO-GSE158038,DISCO-GSM4785644,2056
DISCO-GSE157007,DISCO-GSM4750298,2281
DISCO-GSE157007,DISCO-GSM4750299,2574
DISCO-GSE157007,DISCO-GSM4750300,3396
DISCO-GSE157007,DISCO-GSM4750301,7420
DISCO-GSE157007,DISCO-GSM4750302,5138
DISCO-GSE157007,DISCO-GSM4750303,5667
DISCO-GSE157007,DISCO-GSM4750304,8771
DISCO-GSE157007,DISCO-GSM4750305,6368
DISCO-GSE157007,DISCO-GSM4750306,4673
DISCO-GSE157007,DISCO-GSM4750307,8008
DISCO-GSE157007,DISCO-GSM4750308,7093
DISCO-GSE157007,DISCO-GSM4750309,5776
DISCO-GSE157007,DISCO-GSM4750310,6221
DISCO-GSE157007,DISCO-GSM4750311,7472
DISCO-GSE157007,DISCO-GSM5684306,11113
DISCO-GSE157007,DISCO-GSM5684307,11126
DISCO-GSE157007,DISCO-GSM5684308,12245
DISCO-GSE121080,DISCO-GSM3425686,2837
DISCO-GSE121080,DISCO-GSM3425687,2012
DISCO-GSE121080,DISCO-GSM3425688,2079
DISCO-GSE121080,DISCO-GSM3425689,2149
DISCO-GSE121080,DISCO-GSM3425690,4683
DISCO-GSE121080,DISCO-GSM3425691,3941
DISCO-GSE121080,DISCO-GSM3425692,5287
DISCO-GSE121080,DISCO-GSM3425693,3277
DISCO-GSE121080,DISCO-GSM3425694,2783
DISCO-GSE121080,DISCO-GSM3425695,2785
DISCO-GSE121080,DISCO-GSM3425696,4126
DISCO-GSE121080,DISCO-GSM3425697,4425
DISCO-GSE121080,DISCO-GSM3425698,4679
DISCO-GSE121080,DISCO-GSM3425699,4356
DISCO-GSE121080,DISCO-GSM3425700,3887
DISCO-GSE121080,DISCO-GSM3425701,4387
DISCO-GSE165907,DISCO-GSM5057684,822
DISCO-GSE165907,DISCO-GSM5057685,1216
DISCO-GSE165907,DISCO-GSM5057686,2056
DISCO-GSE165907,DISCO-GSM5057687,795
DISCO-GSE165907,DISCO-GSM5057688,1054
DISCO-GSE165907,DISCO-GSM5057689,498
DISCO-GSE165907,DISCO-GSM5057690,916
DISCO-GSE165907,DISCO-GSM5057691,826
DISCO-GSE165907,DISCO-GSM5057694,885
DISCO-GSE165907,DISCO-GSM5057791,1235
DISCO-GSE165907,DISCO-GSM5057792,1842
DISCO-GSE165907,DISCO-GSM5057793,3915
DISCO-GSE165907,DISCO-GSM5057794,4210
DISCO-GSE165907,DISCO-GSM5057795,5023
DISCO-GSE165907,DISCO-GSM5057796,5501
DISCO-GSE165907,DISCO-GSM5057797,3798
DISCO-GSE165907,DISCO-GSM5057798,4827
DISCO-GSE165907,DISCO-GSM5057799,1235
DISCO-GSE165907,DISCO-GSM5057800,1840
DISCO-GSE165907,DISCO-GSM5057801,3926
DISCO-GSE165907,DISCO-GSM5057802,4221
DISCO-GSE165907,DISCO-GSM5057803,5034
DISCO-GSE165907,DISCO-GSM5057804,5502
DISCO-GSE165907,DISCO-GSM5057805,3804
DISCO-GSE165907,DISCO-GSM5057806,4826
DISCO-E-MTAB-8901,DISCO-ERX4012060,2835
DISCO-E-MTAB-8901,DISCO-ERX4012061,3301
DISCO-E-MTAB-8901,DISCO-ERX4012062,4181
DISCO-E-MTAB-8901,DISCO-ERX4012063,3417
DISCO-E-MTAB-8901,DISCO-ERX4012064,2479
DISCO-E-MTAB-8901,DISCO-ERX4012065,4694
DISCO-E-MTAB-8901,DISCO-ERX4012066,4291
DISCO-E-MTAB-8901,DISCO-ERX4012088,8402
DISCO-E-MTAB-8901,DISCO-ERX4012089,847
DISCO-E-MTAB-8901,DISCO-ERX4012090,3452
DISCO-E-MTAB-8901,DISCO-ERX4012091,3608
DISCO-E-MTAB-8901,DISCO-ERX4012092,2004
DISCO-E-MTAB-8901,DISCO-ERX4012093,4346
DISCO-E-MTAB-8901,DISCO-ERX4012094,3276
DISCO-E-MTAB-8901,DISCO-ERX4012095,2848
DISCO-E-MTAB-8901,DISCO-ERX4012096,3150
DISCO-E-MTAB-8901,DISCO-ERX4012097,6163
DISCO-E-MTAB-8901,DISCO-ERX4012098,1975
DISCO-E-MTAB-8901,DISCO-ERX4012099,2404
DISCO-E-MTAB-8901,DISCO-ERX4012100,2181
DISCO-E-MTAB-8901,DISCO-ERX4012101,1506
DISCO-E-MTAB-8901,DISCO-ERX4012102,5056
DISCO-E-MTAB-8901,DISCO-ERX4012103,3360
DISCO-E-MTAB-8901,DISCO-ERX4012104,802
DISCO-E-MTAB-8901,DISCO-ERX4012105,1601
DISCO-E-MTAB-8901,DISCO-ERX4012106,1227
DISCO-E-MTAB-8901,DISCO-ERX4012107,2132
DISCO-E-MTAB-8901,DISCO-ERX4012108,1657
DISCO-GSE137829,DISCO-GSM4089151,11982
DISCO-GSE137829,DISCO-GSM4089152,1926
DISCO-GSE137829,DISCO-GSM4089153,6151
DISCO-GSE137829,DISCO-GSM4089154,2891
DISCO-GSE137829,DISCO-GSM4711414,7656
DISCO-GSE137829,DISCO-GSM4711415,7385
DISCO-E-MTAB-8322,DISCO-ERX3537206,719
DISCO-E-MTAB-8322,DISCO-ERX3537207,1572
DISCO-E-MTAB-8322,DISCO-ERX3537208,1919
DISCO-E-MTAB-8322,DISCO-ERX3537209,579
DISCO-E-MTAB-8322,DISCO-ERX3537210,1392
DISCO-E-MTAB-8322,DISCO-ERX3537211,1788
DISCO-E-MTAB-8322,DISCO-ERX3537212,482
DISCO-E-MTAB-8322,DISCO-ERX3537213,1757
DISCO-E-MTAB-8322,DISCO-ERX3537214,5040
DISCO-E-MTAB-8322,DISCO-ERX3537215,1824
DISCO-E-MTAB-8322,DISCO-ERX3537216,602
DISCO-E-MTAB-8322,DISCO-ERX3537217,995
DISCO-E-MTAB-8322,DISCO-ERX3537218,1173
DISCO-E-MTAB-8322,DISCO-ERX3537219,1349
DISCO-E-MTAB-8322,DISCO-ERX3537220,3416
DISCO-E-MTAB-8322,DISCO-ERX3537221,5623
DISCO-E-MTAB-8322,DISCO-ERX3537222,1641
DISCO-E-MTAB-8322,DISCO-ERX3537223,1556
DISCO-E-MTAB-8322,DISCO-ERX3537224,601
DISCO-E-MTAB-8322,DISCO-ERX3537225,1169
DISCO-E-MTAB-8322,DISCO-ERX3537226,1074
DISCO-E-MTAB-8322,DISCO-ERX3537227,6081
DISCO-E-MTAB-8322,DISCO-ERX3537228,5424
DISCO-E-MTAB-8322,DISCO-ERX3537229,1257
DISCO-E-MTAB-8322,DISCO-ERX3537230,5173
DISCO-E-MTAB-8322,DISCO-ERX3537231,2769
DISCO-E-MTAB-8322,DISCO-ERX3537232,1622
DISCO-GSE130560,DISCO-GSM3743501,4983
DISCO-GSE130560,DISCO-GSM3743502,5980
DISCO-GSE130560,DISCO-GSM3743503,7675
DISCO-GSE130560,DISCO-GSM3743504,5682
DISCO-GSE130560,DISCO-GSM3743505,12641
DISCO-GSE130560,DISCO-GSM3743506,8939
DISCO-GSE174367,DISCO-GSM5292838,3634
DISCO-GSE174367,DISCO-GSM5292839,1662
DISCO-GSE174367,DISCO-GSM5292840,2190
DISCO-GSE174367,DISCO-GSM5292841,2169
DISCO-GSE174367,DISCO-GSM5292842,2361
DISCO-GSE174367,DISCO-GSM5292843,2710
DISCO-GSE174367,DISCO-GSM5292844,1923
DISCO-GSE174367,DISCO-GSM5292845,2719
DISCO-GSE174367,DISCO-GSM5292846,3258
DISCO-GSE174367,DISCO-GSM5292847,3476
DISCO-GSE174367,DISCO-GSM5292848,2025
DISCO-GSE174367,DISCO-GSM5292849,1779
DISCO-GSE174367,DISCO-GSM5292850,2077
DISCO-GSE174367,DISCO-GSM5292851,1702
DISCO-GSE174367,DISCO-GSM5292852,2258
DISCO-GSE174367,DISCO-GSM5292853,2034
DISCO-GSE174367,DISCO-GSM5292854,1916
DISCO-GSE174367,DISCO-GSM5292855,2125
DISCO-GSE174367,DISCO-GSM5292856,3490
DISCO-GSE134809,DISCO-GSM3972009,1146
DISCO-GSE134809,DISCO-GSM3972010,653
DISCO-GSE134809,DISCO-GSM3972011,483
DISCO-GSE134809,DISCO-GSM3972012,477
DISCO-GSE134809,DISCO-GSM3972013,2047
DISCO-GSE134809,DISCO-GSM3972014,1742
DISCO-GSE134809,DISCO-GSM3972015,1801
DISCO-GSE134809,DISCO-GSM3972016,2497
DISCO-GSE134809,DISCO-GSM3972017,2525
DISCO-GSE134809,DISCO-GSM3972018,2185
DISCO-GSE134809,DISCO-GSM3972019,2195
DISCO-GSE134809,DISCO-GSM3972020,4238
DISCO-GSE134809,DISCO-GSM3972021,1236
DISCO-GSE134809,DISCO-GSM3972022,599
DISCO-GSE134809,DISCO-GSM3972023,3876
DISCO-GSE134809,DISCO-GSM3972024,3743
DISCO-GSE134809,DISCO-GSM3972025,2651
DISCO-GSE134809,DISCO-GSM3972026,4888
DISCO-GSE134809,DISCO-GSM3972027,1454
DISCO-GSE134809,DISCO-GSM3972028,1840
DISCO-GSE134809,DISCO-GSM3972029,2382
DISCO-GSE134809,DISCO-GSM3972030,2900
DISCO-GSE134809,DISCO-GSM4761137,1839
DISCO-GSE134809,DISCO-GSM4761138,868
DISCO-GSE134809,DISCO-GSM4761139,1088
DISCO-GSE134809,DISCO-GSM4761140,2735
DISCO-GSE134809,DISCO-GSM4761141,3692
DISCO-GSE134809,DISCO-GSM4761142,3965
DISCO-GSE134809,DISCO-GSM4761144,4458
DISCO-GSE166042,DISCO-GSM5060604,11825
DISCO-GSE166042,DISCO-GSM5060605,9576
DISCO-GSE166042,DISCO-GSM5060606,11125
DISCO-GSE166042,DISCO-GSM5060607,4675
DISCO-GSE166042,DISCO-GSM5060608,9952
DISCO-GSE166042,DISCO-GSM5060609,10131
DISCO-GSE166042,DISCO-GSM5060610,10149
DISCO-GSE166042,DISCO-GSM5060611,4211
DISCO-GSE166042,DISCO-GSM5060612,4108
DISCO-GSE166042,DISCO-GSM5060613,888
DISCO-GSE166042,DISCO-GSM5060614,759
DISCO-GSE166042,DISCO-GSM5060615,3277
DISCO-GSE157783,DISCO-GSM4774931,2009
DISCO-GSE157783,DISCO-GSM4774932,5161
DISCO-GSE157783,DISCO-GSM4774933,3205
DISCO-GSE157783,DISCO-GSM4774934,1888
DISCO-GSE157783,DISCO-GSM4774935,4877
DISCO-GSE157783,DISCO-GSM4774936,2973
DISCO-GSE157783,DISCO-GSM4774937,3640
DISCO-GSE157783,DISCO-GSM4774938,2061
DISCO-GSE157783,DISCO-GSM4774939,4325
DISCO-GSE157783,DISCO-GSM4774940,2845
DISCO-GSE157783,DISCO-GSM4774941,5197
DISCO-GSE164898,DISCO-GSM5022599,3197
DISCO-GSE164898,DISCO-GSM5022600,1168
DISCO-GSE164898,DISCO-GSM5022601,3420
DISCO-GSE164898,DISCO-GSM5022602,2162
DISCO-GSE164898,DISCO-GSM5022603,3191
DISCO-GSE164898,DISCO-GSM5022604,9084
DISCO-GSE164898,DISCO-GSM5022605,8257
DISCO-GSE164898,DISCO-GSM5022606,6315
DISCO-GSE141526,DISCO-GSM4205686,9394
DISCO-GSE141526,DISCO-GSM4205687,12410
DISCO-GSE141526,DISCO-GSM4205688,6328
DISCO-GSE141526,DISCO-GSM4205689,6776
DISCO-GSE141526,DISCO-GSM4205690,6579
DISCO-GSE141526,DISCO-GSM4205691,10989
DISCO-GSE184937,DISCO-GSM5600718,9610
DISCO-GSE184937,DISCO-GSM5600719,8601
DISCO-GSE184937,DISCO-GSM5600720,8965
DISCO-GSE184937,DISCO-GSM5600721,16743
DISCO-GSE184937,DISCO-GSM5600722,15750
DISCO-GSE184937,DISCO-GSM5600723,9424
DISCO-GSE201999,DISCO-GSM6086499,12457
DISCO-GSE201999,DISCO-GSM6086500,8322
DISCO-GSE201999,DISCO-GSM6086501,12937
DISCO-GSE125881,DISCO-GSM3583861,5137
DISCO-GSE125881,DISCO-GSM3583862,6400
DISCO-GSE125881,DISCO-GSM3583863,4195
DISCO-GSE125881,DISCO-GSM3583864,1471
DISCO-GSE125881,DISCO-GSM3583865,1681
DISCO-GSE125881,DISCO-GSM3583866,5908
DISCO-GSE125881,DISCO-GSM3583867,3928
DISCO-GSE125881,DISCO-GSM3583868,624
DISCO-GSE125881,DISCO-GSM3583870,5801
DISCO-GSE125881,DISCO-GSM3583871,5992
DISCO-GSE125881,DISCO-GSM3583872,4479
DISCO-GSE125881,DISCO-GSM3583873,7464
DISCO-GSE125881,DISCO-GSM3583874,2271
DISCO-GSE125881,DISCO-GSM3583875,2192
DISCO-GSE159624,DISCO-GSM4835995,2989
DISCO-GSE159624,DISCO-GSM4835996,4073
DISCO-GSE159624,DISCO-GSM4835997,1270
DISCO-GSE159624,DISCO-GSM4835998,290
DISCO-GSE159624,DISCO-GSM4835999,2758
DISCO-GSE159624,DISCO-GSM4836000,1152
DISCO-GSE159624,DISCO-GSM4836001,1146
DISCO-GSE159624,DISCO-GSM4836002,1680
DISCO-GSE159624,DISCO-GSM4836003,1598
DISCO-GSE159624,DISCO-GSM4836004,2074
DISCO-GSE159624,DISCO-GSM4836005,1163
DISCO-GSE159624,DISCO-GSM4836006,1424
DISCO-GSE159624,DISCO-GSM4836007,1968
DISCO-GSE159624,DISCO-GSM4836008,7009
DISCO-GSE159624,DISCO-GSM4836009,3814
DISCO-GSE159624,DISCO-GSM4836010,4844
DISCO-GSE147520,DISCO-GSM4466780,23118
DISCO-GSE147520,DISCO-GSM4466781,15162
DISCO-GSE147520,DISCO-GSM4466782,15428
DISCO-GSE147520,DISCO-GSM4466783,658
DISCO-GSE147520,DISCO-GSM4466784,674
DISCO-GSE147520,DISCO-GSM4466785,7151
DISCO-GSE147520,DISCO-GSM4466786,20326
DISCO-GSE162806,DISCO-GSM4960241,5204
DISCO-GSE162806,DISCO-GSM4960242,4233
DISCO-GSE162806,DISCO-GSM4960243,3739
DISCO-GSE162806,DISCO-GSM4960244,4026
DISCO-GSE162806,DISCO-GSM4960245,3854
DISCO-GSE162806,DISCO-GSM4960246,4200
DISCO-GSE162806,DISCO-GSM4960247,3950
DISCO-GSE162806,DISCO-GSM4960248,4985
DISCO-GSE162806,DISCO-GSM4960249,5142
DISCO-GSE162806,DISCO-GSM4960250,2558
DISCO-GSE162806,DISCO-GSM4960251,5274
DISCO-GSE162806,DISCO-GSM4960253,1910
DISCO-GSE162806,DISCO-GSM4960254,2428
DISCO-GSE162806,DISCO-GSM4960255,3454
DISCO-GSE162806,DISCO-GSM4960256,2772
DISCO-GSE162806,DISCO-GSM4960257,3022
DISCO-GSE162806,DISCO-GSM4960258,2743
DISCO-GSE162806,DISCO-GSM4960259,4020
DISCO-GSE162806,DISCO-GSM4960260,4252
DISCO-GSE162806,DISCO-GSM4960261,4018
DISCO-GSE162806,DISCO-GSM4960262,4427
DISCO-GSE162806,DISCO-GSM4960263,3744
DISCO-GSE162806,DISCO-GSM4960264,1810
DISCO-GSE162806,DISCO-GSM4960265,1257
DISCO-GSE162806,DISCO-GSM4960266,2158
DISCO-GSE162806,DISCO-GSM4960267,2533
DISCO-GSE162806,DISCO-GSM4960268,1782
DISCO-GSE162806,DISCO-GSM4960269,3551
DISCO-GSE162806,DISCO-GSM4960270,991
DISCO-GSE162806,DISCO-GSM4960271,4461
DISCO-GSE162806,DISCO-GSM4960272,3121
DISCO-GSE162806,DISCO-GSM4960273,2649
DISCO-GSE162806,DISCO-GSM4960274,4481
DISCO-GSE162806,DISCO-GSM4960275,3715
DISCO-GSE162806,DISCO-GSM4960276,4654
DISCO-GSE162806,DISCO-GSM4960277,4294
DISCO-GSE162806,DISCO-GSM4960278,4718
DISCO-GSE172577,DISCO-GSM5258385,7854
DISCO-GSE172577,DISCO-GSM5258386,8080
DISCO-GSE172577,DISCO-GSM5258387,5044
DISCO-GSE172577,DISCO-GSM5258388,9773
DISCO-GSE172577,DISCO-GSM5258389,8520
DISCO-GSE172577,DISCO-GSM5258390,7950
DISCO-E-MTAB-8142,DISCO-ERX3458563,5521
DISCO-E-MTAB-8142,DISCO-ERX3458565,3994
DISCO-E-MTAB-8142,DISCO-ERX3458566,2733
DISCO-E-MTAB-8142,DISCO-ERX3458569,4785
DISCO-E-MTAB-8142,DISCO-ERX3458571,3088
DISCO-E-MTAB-8142,DISCO-ERX3458573,4217
DISCO-E-MTAB-8142,DISCO-ERX3458574,486
DISCO-E-MTAB-8142,DISCO-ERX3458577,3742
DISCO-E-MTAB-8142,DISCO-ERX3458579,2355
DISCO-E-MTAB-8142,DISCO-ERX3458581,1668
DISCO-E-MTAB-8142,DISCO-ERX3458582,1574
DISCO-E-MTAB-8142,DISCO-ERX3458585,2070
DISCO-E-MTAB-8142,DISCO-ERX5053651,3984
DISCO-E-MTAB-8142,DISCO-ERX5053655,1100
DISCO-E-MTAB-8142,DISCO-ERX5053657,2305
DISCO-E-MTAB-8142,DISCO-ERX5053659,225
DISCO-E-MTAB-8142,DISCO-ERX5053661,7222
DISCO-E-MTAB-8142,DISCO-ERX5053663,2156
DISCO-E-MTAB-8142,DISCO-ERX5053665,8009
DISCO-E-MTAB-8142,DISCO-ERX5053667,1532
DISCO-E-MTAB-8142,DISCO-ERX5053669,6585
DISCO-E-MTAB-8142,DISCO-ERX5053671,7906
DISCO-E-MTAB-8142,DISCO-ERX5053673,7054
DISCO-E-MTAB-8142,DISCO-ERX5053675,1529
DISCO-E-MTAB-8142,DISCO-ERX5053676,1613
DISCO-E-MTAB-8142,DISCO-ERX5053677,227
DISCO-E-MTAB-8142,DISCO-ERX5053678,2256
DISCO-E-MTAB-8142,DISCO-ERX5053679,3825
DISCO-E-MTAB-8142,DISCO-ERX5053680,1289
DISCO-E-MTAB-8142,DISCO-ERX5053681,364
DISCO-E-MTAB-8142,DISCO-ERX5053682,2639
DISCO-E-MTAB-8142,DISCO-ERX5053683,5049
DISCO-E-MTAB-8142,DISCO-ERX5053685,780
DISCO-E-MTAB-8142,DISCO-ERX5053687,1912
DISCO-E-MTAB-8142,DISCO-ERX5053689,1522
DISCO-E-MTAB-8142,DISCO-ERX5053691,11009
DISCO-E-MTAB-8142,DISCO-ERX5053693,828
DISCO-E-MTAB-8142,DISCO-ERX5053695,5260
DISCO-E-MTAB-8142,DISCO-ERX5053697,681
DISCO-E-MTAB-8142,DISCO-ERX5053699,1280
DISCO-E-MTAB-8142,DISCO-ERX5053701,758
DISCO-E-MTAB-8142,DISCO-ERX5053703,5080
DISCO-E-MTAB-8142,DISCO-ERX5053705,950
DISCO-E-MTAB-8142,DISCO-ERX5053706,6754
DISCO-E-MTAB-8142,DISCO-ERX5053709,8445
DISCO-E-MTAB-8142,DISCO-ERX5053710,5767
DISCO-E-MTAB-8142,DISCO-ERX5053713,4682
DISCO-E-MTAB-8142,DISCO-ERX5053714,4457
DISCO-E-MTAB-8142,DISCO-ERX5053717,4997
DISCO-E-MTAB-8142,DISCO-ERX5053718,6230
DISCO-E-MTAB-8142,DISCO-ERX5053721,7684
DISCO-E-MTAB-8142,DISCO-ERX5053722,4975
DISCO-GSE130888,DISCO-GSM3755687,4622
DISCO-GSE130888,DISCO-GSM3755688,5603
DISCO-GSE130888,DISCO-GSM3755689,8445
DISCO-GSE130888,DISCO-GSM3755690,3851
DISCO-GSE130888,DISCO-GSM3755691,12256
DISCO-GSE130888,DISCO-GSM3755692,9089
DISCO-GSE130888,DISCO-GSM3755693,8868
DISCO-GSE130888,DISCO-GSM3755694,4278
DISCO-GSE130888,DISCO-GSM3755695,3681
DISCO-GSE130888,DISCO-GSM3755696,1475
DISCO-GSE130888,DISCO-GSM3755697,6874
DISCO-GSE130888,DISCO-GSM3755698,6464
DISCO-GSE130888,DISCO-GSM3755699,7947
DISCO-GSE155960,DISCO-GSM4717158,11164
DISCO-GSE155960,DISCO-GSM4717159,7475
DISCO-GSE155960,DISCO-GSM4717160,5030
DISCO-GSE155960,DISCO-GSM4717161,5574
DISCO-GSE155960,DISCO-GSM4717162,5687
DISCO-GSE155960,DISCO-GSM4717163,7872
DISCO-GSE203548,DISCO-GSM6176135,5771
DISCO-GSE203548,DISCO-GSM6176136,6771
DISCO-GSE203548,DISCO-GSM6176137,3254
DISCO-GSE203548,DISCO-GSM6176138,8787
DISCO-GSE203548,DISCO-GSM6176139,3542
DISCO-GSE203548,DISCO-GSM6176140,2472
DISCO-GSE203548,DISCO-GSM6176141,4929
DISCO-GSE203548,DISCO-GSM6176142,5136
DISCO-GSE203548,DISCO-GSM6176143,3990
DISCO-GSE203548,DISCO-GSM6176144,3458
DISCO-GSE141299,DISCO-GSM4200471,3109
DISCO-GSE141299,DISCO-GSM4200472,4516
DISCO-GSE141299,DISCO-GSM4200473,4671
DISCO-GSE141299,DISCO-GSM4200474,7059
DISCO-GSE141299,DISCO-GSM4200475,3246
DISCO-GSE141299,DISCO-GSM4200476,8650
DISCO-GSE141299,DISCO-GSM4200477,3283
DISCO-GSE141299,DISCO-GSM4200479,2963
DISCO-GSE179565,DISCO-GSM5420670,4041
DISCO-GSE179565,DISCO-GSM5420671,11302
DISCO-GSE179565,DISCO-GSM5420672,5009
DISCO-GSE179565,DISCO-GSM5420673,8070
DISCO-GSE179565,DISCO-GSM5420675,5763
DISCO-GSE152522,DISCO-GSM4617156,7274
DISCO-GSE152522,DISCO-GSM4617157,8993
DISCO-GSE152522,DISCO-GSM4617159,4659
DISCO-GSE152522,DISCO-GSM4617160,7661
DISCO-GSE152522,DISCO-GSM4617161,9508
DISCO-GSE152522,DISCO-GSM4617162,4734
DISCO-GSE152522,DISCO-GSM4617163,7218
DISCO-GSE152522,DISCO-GSM4617164,3463
DISCO-GSE152522,DISCO-GSM4617165,7102
DISCO-GSE152522,DISCO-GSM4617166,3832
DISCO-GSE152522,DISCO-GSM4617167,4808
DISCO-GSE152522,DISCO-GSM4617168,12709
DISCO-GSE152522,DISCO-GSM4617169,1788
DISCO-GSE152522,DISCO-GSM4617170,5189
DISCO-GSE152522,DISCO-GSM4617171,1314
DISCO-GSE152522,DISCO-GSM4617191,8174
DISCO-GSE152522,DISCO-GSM4617192,10469
DISCO-GSE152522,DISCO-GSM4617193,8949
DISCO-GSE152522,DISCO-GSM4617194,7497
DISCO-GSE152522,DISCO-GSM4617195,2324
DISCO-GSE152522,DISCO-GSM4794665,6265
DISCO-GSE152522,DISCO-GSM4794666,11822
DISCO-GSE152522,DISCO-GSM4794667,6616
DISCO-GSE152522,DISCO-GSM4794668,8656
DISCO-GSE152522,DISCO-GSM4794669,2235
DISCO-GSE152522,DISCO-GSM4794670,7599
DISCO-GSE144236,DISCO-GSM4284223,962
DISCO-GSE144236,DISCO-GSM4284224,409
DISCO-GSE144236,DISCO-GSM4284225,639
DISCO-GSE144236,DISCO-GSM4284226,680
DISCO-GSE144236,DISCO-GSM4284227,4246
DISCO-GSE144236,DISCO-GSM4284228,5008
DISCO-GSE144236,DISCO-GSM4284230,1211
DISCO-GSE144236,DISCO-GSM4284231,283
DISCO-GSE144236,DISCO-GSM4284232,10490
DISCO-GSE144236,DISCO-GSM4284233,241
DISCO-GSE144236,DISCO-GSM4284234,1901
DISCO-GSE144236,DISCO-GSM4284235,1193
DISCO-GSE144236,DISCO-GSM4284236,3571
DISCO-GSE144236,DISCO-GSM4284237,5648
DISCO-GSE144236,DISCO-GSM4284238,4059
DISCO-GSE144236,DISCO-GSM4284239,2456
DISCO-GSE144236,DISCO-GSM4284240,3187
DISCO-GSE144236,DISCO-GSM4284241,340
DISCO-GSE144236,DISCO-GSM4284242,1267
DISCO-GSE144236,DISCO-GSM4284243,274
DISCO-GSE144236,DISCO-GSM4284244,2678
DISCO-GSE144236,DISCO-GSM4284245,6175
DISCO-GSE144236,DISCO-GSM4284246,3844
DISCO-GSE144236,DISCO-GSM4284247,2858
DISCO-GSE134578,DISCO-GSM3956366,2222
DISCO-GSE134578,DISCO-GSM3956367,2159
DISCO-GSE134578,DISCO-GSM3956368,2407
DISCO-GSE134578,DISCO-GSM3956369,1807
DISCO-GSE134578,DISCO-GSM3956371,2677
DISCO-GSE134578,DISCO-GSM3956372,2700
DISCO-GSE134578,DISCO-GSM3956373,1619
DISCO-GSE134578,DISCO-GSM3956374,1203
DISCO-GSE134578,DISCO-GSM3956375,1548
DISCO-GSE134578,DISCO-GSM3956376,1634
DISCO-GSE134578,DISCO-GSM3956377,1051
DISCO-GSE134578,DISCO-GSM3956378,618
DISCO-GSE134578,DISCO-GSM3984199,1230
DISCO-GSE134578,DISCO-GSM3984200,1487
DISCO-GSE134578,DISCO-GSM3984201,1400
DISCO-GSE134578,DISCO-GSM3984202,1694
DISCO-GSE134578,DISCO-GSM3984203,1574
DISCO-GSE134578,DISCO-GSM3984204,1496
DISCO-GSE134578,DISCO-GSM3984205,1852
DISCO-GSE134578,DISCO-GSM3984206,781
DISCO-GSE134578,DISCO-GSM3984207,1439
DISCO-GSE134578,DISCO-GSM3984208,236
DISCO-GSE134578,DISCO-GSM3984209,822
DISCO-GSE134578,DISCO-GSM3984210,326
DISCO-GSE134578,DISCO-GSM3984211,1367
DISCO-GSE134578,DISCO-GSM3984212,1557
DISCO-GSE134578,DISCO-GSM3984213,475
DISCO-GSE134578,DISCO-GSM3984214,1207
DISCO-GSE134578,DISCO-GSM3984215,1237
DISCO-GSE134578,DISCO-GSM3984216,1128
DISCO-GSE180945,DISCO-GSM5478754,3011
DISCO-GSE180945,DISCO-GSM5478755,10852
DISCO-GSE180945,DISCO-GSM5478756,31089
DISCO-E-MTAB-9652,DISCO-ERX4607477,7863
DISCO-E-MTAB-9652,DISCO-ERX4607480,8573
DISCO-E-MTAB-9652,DISCO-ERX4607483,9120
DISCO-E-MTAB-9652,DISCO-ERX4607486,7775
DISCO-E-MTAB-9652,DISCO-ERX4607489,6698
DISCO-E-MTAB-9652,DISCO-ERX4607492,5181
DISCO-E-MTAB-9652,DISCO-ERX4607495,6503
DISCO-E-MTAB-9652,DISCO-ERX4607498,7533
DISCO-E-MTAB-9652,DISCO-ERX4607501,7090
DISCO-E-MTAB-9652,DISCO-ERX4607502,9611
DISCO-E-MTAB-9652,DISCO-ERX4607507,6598
DISCO-E-MTAB-9652,DISCO-ERX4607510,6144
DISCO-E-MTAB-9652,DISCO-ERX4607513,4780
DISCO-GSE173193,DISCO-GSM5261695,5158
DISCO-GSE173193,DISCO-GSM5261696,4334
DISCO-GSE173193,DISCO-GSM5261697,6479
DISCO-GSE173193,DISCO-GSM5261698,4107
DISCO-GSE173193,DISCO-GSM5261699,7738
DISCO-GSE173193,DISCO-GSM5261700,3803
DISCO-GSE173193,DISCO-GSM5261701,4738
DISCO-GSE173193,DISCO-GSM5261702,4620
DISCO-GSE152048,DISCO-GSM4600954,221
DISCO-GSE152048,DISCO-GSM4600955,3541
DISCO-GSE152048,DISCO-GSM4600956,3292
DISCO-GSE152048,DISCO-GSM4600957,373
DISCO-GSE152048,DISCO-GSM4600958,1053
DISCO-GSE152048,DISCO-GSM4600959,3166
DISCO-GSE152048,DISCO-GSM4600960,3369
DISCO-GSE152048,DISCO-GSM4600961,580
DISCO-GSE152048,DISCO-GSM4600962,1685
DISCO-GSE152048,DISCO-GSM4600963,1407
DISCO-GSE152048,DISCO-GSM4600964,246
DISCO-GSE152048,DISCO-GSM4600965,1234
DISCO-GSE152048,DISCO-GSM4600966,7526
DISCO-GSE152048,DISCO-GSM4600967,415
DISCO-GSE152048,DISCO-GSM4600968,293
DISCO-GSE152048,DISCO-GSM4600969,6944
DISCO-GSE152048,DISCO-GSM4600970,7659
DISCO-GSE152048,DISCO-GSM4600971,461
DISCO-GSE152048,DISCO-GSM4600973,7377
DISCO-GSE152048,DISCO-GSM4600974,11516
DISCO-GSE152048,DISCO-GSM4600975,11841
DISCO-GSE152048,DISCO-GSM4600976,10958
DISCO-GSE152048,DISCO-GSM4600977,12252
DISCO-GSE152048,DISCO-GSM4600978,7709
DISCO-GSE152048,DISCO-GSM4600979,14815
DISCO-GSE152048,DISCO-GSM4600980,13004
DISCO-GSE152048,DISCO-GSM4600981,15559
DISCO-GSE152048,DISCO-GSM4600982,6518
DISCO-GSE152048,DISCO-GSM4600983,7931
DISCO-GSE152048,DISCO-GSM4600984,7623
DISCO-GSE152048,DISCO-GSM4600985,6896
DISCO-GSE152048,DISCO-GSM4600986,5432
DISCO-GSE152048,DISCO-GSM4600987,5214
DISCO-GSE152048,DISCO-GSM4600988,6607
DISCO-GSE152048,DISCO-GSM4600989,5867
DISCO-GSE152048,DISCO-GSM4600990,7299
DISCO-GSE152048,DISCO-GSM4600991,7291
DISCO-GSE152048,DISCO-GSM4600992,507
DISCO-GSE152048,DISCO-GSM4600993,575
DISCO-GSE152048,DISCO-GSM4600994,7205
DISCO-GSE152048,DISCO-GSM4600995,553
DISCO-GSE152048,DISCO-GSM4600996,7334
DISCO-GSE152048,DISCO-GSM4600997,573
DISCO-GSE152048,DISCO-GSM4600998,9185
DISCO-GSE152048,DISCO-GSM4600999,758
DISCO-GSE152048,DISCO-GSM4601001,9179
DISCO-GSE152048,DISCO-GSM4601003,8857
DISCO-GSE152048,DISCO-GSM4601004,741
DISCO-GSE152048,DISCO-GSM4601005,8652
DISCO-GSE152048,DISCO-GSM4601006,1418
DISCO-GSE152048,DISCO-GSM4601007,1494
DISCO-GSE152048,DISCO-GSM4601008,3833
DISCO-GSE152048,DISCO-GSM4601009,3781
DISCO-GSE152048,DISCO-GSM4601010,3826
DISCO-GSE152048,DISCO-GSM4601011,3585
DISCO-GSE152048,DISCO-GSM4601012,1444
DISCO-GSE152048,DISCO-GSM4601013,1192
DISCO-GSE152048,DISCO-GSM4601014,1825
DISCO-GSE152048,DISCO-GSM4601015,6380
DISCO-GSE152048,DISCO-GSM4601016,6549
DISCO-GSE152048,DISCO-GSM4601017,1737
DISCO-GSE152048,DISCO-GSM4601018,6566
DISCO-GSE152048,DISCO-GSM4601019,1195
DISCO-GSE152048,DISCO-GSM4601020,6542
DISCO-GSE152048,DISCO-GSM4601021,1685
DISCO-GSE152048,DISCO-GSM4601022,1759
DISCO-GSE152048,DISCO-GSM4601023,5112
DISCO-GSE152048,DISCO-GSM4601024,5276
DISCO-GSE152048,DISCO-GSM4601025,1972
DISCO-GSE152048,DISCO-GSM4601026,1406
DISCO-GSE152048,DISCO-GSM4601027,2343
DISCO-GSE152048,DISCO-GSM4601028,5343
DISCO-GSE152048,DISCO-GSM4601029,5481
DISCO-GSE138867,DISCO-GSM4120733,7473
DISCO-GSE138867,DISCO-GSM4120734,6118
DISCO-GSE138867,DISCO-GSM4120735,5032
DISCO-GSE138867,DISCO-GSM4120736,3884
DISCO-GSE138867,DISCO-GSM4120737,5951
DISCO-GSE138867,DISCO-GSM4120738,2945
DISCO-GSE138867,DISCO-GSM4120739,7069
DISCO-GSE138867,DISCO-GSM4120740,4627
DISCO-GSE166992,DISCO-GSM5090446,11794
DISCO-GSE166992,DISCO-GSM5090447,4742
DISCO-GSE166992,DISCO-GSM5090448,4549
DISCO-GSE166992,DISCO-GSM5090449,3768
DISCO-GSE166992,DISCO-GSM5090450,5491
DISCO-GSE166992,DISCO-GSM5090451,3791
DISCO-GSE166992,DISCO-GSM5090452,4181
DISCO-GSE166992,DISCO-GSM5090453,669
DISCO-GSE166992,DISCO-GSM5090454,10924
DISCO-PRJNA662018,DISCO-SRX9087495,6979
DISCO-PRJNA662018,DISCO-SRX9087496,9389
DISCO-PRJNA662018,DISCO-SRX9087497,4750
DISCO-PRJNA662018,DISCO-SRX9087498,4116
DISCO-PRJNA662018,DISCO-SRX9087499,4904
DISCO-PRJNA662018,DISCO-SRX9087500,5871
DISCO-PRJNA662018,DISCO-SRX9087501,10130
DISCO-PRJNA662018,DISCO-SRX9087502,9013
DISCO-PRJNA662018,DISCO-SRX9087503,8834
DISCO-PRJNA662018,DISCO-SRX9087504,7661
DISCO-PRJNA662018,DISCO-SRX9087505,5520
DISCO-E-MTAB-9467,DISCO-ERX4409902,2802
DISCO-E-MTAB-9467,DISCO-ERX4409903,2172
DISCO-E-MTAB-9467,DISCO-ERX4409904,4842
DISCO-E-MTAB-9467,DISCO-ERX4409905,3798
DISCO-E-MTAB-9467,DISCO-ERX4409906,4406
DISCO-E-MTAB-9467,DISCO-ERX4409907,3304
DISCO-E-MTAB-9467,DISCO-ERX4409908,5859
DISCO-E-MTAB-9467,DISCO-ERX4409909,3575
DISCO-E-MTAB-9467,DISCO-ERX4409910,4953
GEO-GSE153855,GEO-GSM4656102,235
GEO-GSE153855,GEO-GSM4656103,319
GEO-GSE153855,GEO-GSM4656104,324
GEO-GSE153855,GEO-GSM4656105,179
GEO-GSE153855,GEO-GSM4656106,350
GEO-GSE153855,GEO-GSM4656107,316
GEO-GSE153855,GEO-GSM4656108,346
GEO-GSE153855,GEO-GSM4656109,328
GEO-GSE153855,GEO-GSM4656110,308
GEO-GSE153855,GEO-GSM4656111,338
GEO-GSE153855,GEO-GSM4656112,340
GEO-GSE166345,GEO-GSM5068844,35744
GEO-GSE166345,GEO-GSM5068845,12758
GEO-GSE168940,GEO-GSM6415276,10155
GEO-GSE168940,GEO-GSM6415278,4813
GEO-GSE168940,GEO-GSM6415280,5363
GEO-GSE168940,GEO-GSM6415282,607
GEO-GSE168940,GEO-GSM6415284,20070
GEO-GSE168940,GEO-GSM6415286,11512
GEO-GSE168940,GEO-GSM6415288,4755
GEO-GSE168940,GEO-GSM6415290,13046
GEO-GSE168940,GEO-GSM6415292,16520
GEO-GSE184291,GEO-GSM5583421,14104
GEO-GSE184291,GEO-GSM5583422,13072
GEO-GSE189650,GEO-GSM5705583,5082
GEO-GSE189650,GEO-GSM5705585,565
GEO-GSE195460,GEO-GSM5837792,14617
GEO-GSE195460,GEO-GSM5837797,6610
GEO-GSE195460,GEO-GSM5837799,5785
GEO-GSE197268,GEO-GSM5911983,14047
GEO-GSE197268,GEO-GSM5911984,3031
GEO-GSE197268,GEO-GSM5911985,3222
GEO-GSE197268,GEO-GSM5911986,9987
GEO-GSE197268,GEO-GSM5911987,1008
GEO-GSE197268,GEO-GSM5911988,8863
GEO-GSE197268,GEO-GSM5911989,7317
GEO-GSE197268,GEO-GSM5911990,5143
GEO-GSE197268,GEO-GSM5911991,7287
GEO-GSE197268,GEO-GSM5911992,2477
GEO-GSE197268,GEO-GSM5911993,6684
GEO-GSE197268,GEO-GSM5911994,3471
GEO-GSE197268,GEO-GSM5911995,1161
GEO-GSE197268,GEO-GSM5911996,2875
GEO-GSE197268,GEO-GSM5911997,9008
GEO-GSE197268,GEO-GSM5911998,2298
GEO-GSE197268,GEO-GSM5911999,1570
GEO-GSE197268,GEO-GSM5912000,6333
GEO-GSE197268,GEO-GSM5912001,1888
GEO-GSE197268,GEO-GSM5912002,6816
GEO-GSE197268,GEO-GSM5912003,882
GEO-GSE197268,GEO-GSM5912004,8559
GEO-GSE197268,GEO-GSM5912005,1836
GEO-GSE197268,GEO-GSM5912006,2517
GEO-GSE197268,GEO-GSM5912007,490
GEO-GSE197268,GEO-GSM5912008,820
GEO-GSE197268,GEO-GSM5912009,618
GEO-GSE197268,GEO-GSM5912010,7557
GEO-GSE197268,GEO-GSM5912011,84
GEO-GSE197268,GEO-GSM5912012,7554
GEO-GSE197268,GEO-GSM5912013,2792
GEO-GSE197268,GEO-GSM5912014,815
GEO-GSE197268,GEO-GSM5912015,9042
GEO-GSE197268,GEO-GSM5912016,9042
GEO-GSE197268,GEO-GSM5912017,207
GEO-GSE197268,GEO-GSM5912018,1005
GEO-GSE197268,GEO-GSM5912019,9077
GEO-GSE197268,GEO-GSM5912020,22199
GEO-GSE197268,GEO-GSM5912021,7774
GEO-GSE197268,GEO-GSM5912022,3127
GEO-GSE197268,GEO-GSM5912023,7005
GEO-GSE197268,GEO-GSM5912024,1213
GEO-GSE197268,GEO-GSM5912025,3230
GEO-GSE197268,GEO-GSM5912026,1274
GEO-GSE197268,GEO-GSM5912027,2305
GEO-GSE197268,GEO-GSM5912028,1250
GEO-GSE197268,GEO-GSM5912029,9089
GEO-GSE197268,GEO-GSM5912030,6050
GEO-GSE197268,GEO-GSM5912031,204
GEO-GSE197268,GEO-GSM5912032,1207
GEO-GSE197268,GEO-GSM5912033,5404
GEO-GSE197268,GEO-GSM5912034,3559
GEO-GSE197268,GEO-GSM5912035,1469
GEO-GSE197268,GEO-GSM5912036,6170
GEO-GSE197268,GEO-GSM5912037,282
GEO-GSE197268,GEO-GSM5912038,5165
GEO-GSE197268,GEO-GSM5912039,130
GEO-GSE197268,GEO-GSM5912040,4132
GEO-GSE197268,GEO-GSM5912041,569
GEO-GSE197268,GEO-GSM5912042,5940
GEO-GSE197268,GEO-GSM5912043,5985
GEO-GSE197268,GEO-GSM5912044,3890
GEO-GSE197268,GEO-GSM5912045,9416
GEO-GSE197268,GEO-GSM5912046,13408
GEO-GSE197268,GEO-GSM5912047,11410
GEO-GSE197268,GEO-GSM5912048,11711
GEO-GSE197268,GEO-GSM5912049,3203
GEO-GSE197268,GEO-GSM5912050,5454
GEO-GSE197268,GEO-GSM5912051,8277
GEO-GSE197268,GEO-GSM5912052,7266
GEO-GSE197268,GEO-GSM5912053,4811
GEO-GSE197268,GEO-GSM5912054,5288
GEO-GSE197268,GEO-GSM5912055,1797
GEO-GSE197268,GEO-GSM5912056,5709
GEO-GSE197268,GEO-GSM5912057,5080
GEO-GSE197268,GEO-GSM5912058,6036
GEO-GSE197268,GEO-GSM5912059,8967
GEO-GSE197268,GEO-GSM5912060,6298
GEO-GSE197268,GEO-GSM5912061,5014
GEO-GSE197268,GEO-GSM5912062,8670
GEO-GSE197268,GEO-GSM5912063,6550
GEO-GSE197268,GEO-GSM5912064,336
GEO-GSE197268,GEO-GSM5912065,6779
GEO-GSE197268,GEO-GSM5912066,8416
GEO-GSE197268,GEO-GSM5912067,9749
GEO-GSE197268,GEO-GSM5912068,1730
GEO-GSE197268,GEO-GSM5912069,7267
GEO-GSE197268,GEO-GSM5912070,5814
GEO-GSE197268,GEO-GSM5912071,15426
GEO-GSE197268,GEO-GSM5912072,4346
GEO-GSE197268,GEO-GSM5912073,1852
GEO-GSE197268,GEO-GSM5912074,10411
GEO-GSE197268,GEO-GSM5912075,5568
GEO-GSE197268,GEO-GSM5912076,7647
GEO-GSE197268,GEO-GSM5912077,3370
GEO-GSE197268,GEO-GSM5912078,1551
GEO-GSE197268,GEO-GSM5912079,6807
GEO-GSE197268,GEO-GSM5912080,1406
GEO-GSE197268,GEO-GSM5912081,1339
GEO-GSE197268,GEO-GSM5912082,4864
GEO-GSE197268,GEO-GSM5912083,4716
GEO-GSE197268,GEO-GSM5912084,3170
GEO-GSE197268,GEO-GSM5912085,8905
GEO-GSE197268,GEO-GSM5912086,5021
GEO-GSE197268,GEO-GSM5912087,11084
GEO-GSE197268,GEO-GSM5912088,4702
GEO-GSE197268,GEO-GSM5912089,14015
GEO-GSE197268,GEO-GSM5912090,5541
GEO-GSE197268,GEO-GSM5912091,8244
GEO-GSE201891,GEO-GSM6077644,3733
GEO-GSE201891,GEO-GSM6077645,2368
GEO-GSE201891,GEO-GSM6077646,2494
GEO-GSE201891,GEO-GSM6077647,3701
GEO-GSE201891,GEO-GSM6077648,3562
GEO-GSE205439,GEO-GSM6212682,6454
GEO-GSE205439,GEO-GSM6212683,9206
GEO-GSE205439,GEO-GSM6212684,4977
GEO-GSE205439,GEO-GSM6212685,2717
GEO-GSE205704,GEO-GSM6217975,5098
GEO-GSE205704,GEO-GSM6217976,12457
GEO-GSE205704,GEO-GSM6217978,1097
GEO-GSE205704,GEO-GSM6217979,7832
GEO-GSE205704,GEO-GSM6217981,9623
GEO-GSE205704,GEO-GSM6217983,5620
GEO-GSE206638,GEO-GSM6259909,1122
GEO-GSE206638,GEO-GSM6259910,286
GEO-GSE206638,GEO-GSM6259911,1043
GEO-GSE206638,GEO-GSM6259912,3793
GEO-GSE206638,GEO-GSM6259913,1155
GEO-GSE206638,GEO-GSM6259914,5248
GEO-GSE206638,GEO-GSM6259915,6199
GEO-GSE206710,GEO-GSM6261174,6328
GEO-GSE206710,GEO-GSM6261175,6132
GEO-GSE206710,GEO-GSM6261176,11530
GEO-GSE206710,GEO-GSM6261177,11789
GEO-GSE206710,GEO-GSM6261178,18096
GEO-GSE206710,GEO-GSM6261179,18491
GEO-GSE206710,GEO-GSM6261180,18652
GEO-GSE206710,GEO-GSM6261181,15270
GEO-GSE208034,GEO-GSM6333276,7065
GEO-GSE208034,GEO-GSM6333277,8151
GEO-GSE208034,GEO-GSM6333278,9085
GEO-GSE208034,GEO-GSM6333279,8239
GEO-GSE208034,GEO-GSM6333280,8415
GEO-GSE208034,GEO-GSM6333281,6976
GEO-GSE208034,GEO-GSM6333282,6908
GEO-GSE208034,GEO-GSM6333283,7682
GEO-GSE208034,GEO-GSM6333284,8204
GEO-GSE208034,GEO-GSM6333285,8065
GEO-GSE208034,GEO-GSM6333286,7247
GEO-GSE208034,GEO-GSM6333287,7215
GEO-GSE208034,GEO-GSM6333288,9354
GEO-GSE208034,GEO-GSM6333289,9191
GEO-GSE208034,GEO-GSM6333290,12470
GEO-GSE208034,GEO-GSM6333291,12856
GEO-GSE208034,GEO-GSM6333292,7812
GEO-GSE208034,GEO-GSM6333293,7648
GEO-GSE208034,GEO-GSM6333294,6527
GEO-GSE208034,GEO-GSM6333295,5458
GEO-GSE208034,GEO-GSM6333296,8759
GEO-GSE208034,GEO-GSM6333297,11504
GEO-GSE208034,GEO-GSM6333298,9601
GEO-GSE208034,GEO-GSM6333299,10396
GEO-GSE208108,GEO-GSM6337431,3290
GEO-GSE208108,GEO-GSM6337432,5110
GEO-GSE208108,GEO-GSM6337433,6974
GEO-GSE208108,GEO-GSM6337434,2741
GEO-GSE208108,GEO-GSM6337435,4517
GEO-GSE208108,GEO-GSM6337436,4035
GEO-GSE208108,GEO-GSM6337437,3188
GEO-GSE208108,GEO-GSM6337438,8587
GEO-GSE134649,GEO-GSM3960983,1119
GEO-GSE134649,GEO-GSM3960984,1919
GEO-GSE134649,GEO-GSM3960985,2125
GEO-GSE134649,GEO-GSM3960986,2415
GEO-GSE134649,GEO-GSM3960987,1707
GEO-GSE134649,GEO-GSM3960988,2098
GEO-GSE158067,GEO-GSM4790028,7833
GEO-GSE158067,GEO-GSM4790029,6637
GEO-GSE158067,GEO-GSM4790030,9397
GEO-GSE158067,GEO-GSM4790031,12063
GEO-GSE158067,GEO-GSM5811752,7268
GEO-GSE171899,GEO-GSM5237039,1927
GEO-GSE171899,GEO-GSM5237040,1777
GEO-GSE171899,GEO-GSM5237041,2182
GEO-GSE171899,GEO-GSM5237042,918
GEO-GSE171899,GEO-GSM5237043,4064
GEO-GSE171899,GEO-GSM5237044,4071
GEO-GSE171899,GEO-GSM5237045,1534
GEO-GSE171899,GEO-GSM5237046,1621
GEO-GSE171899,GEO-GSM5237047,1258
GEO-GSE171899,GEO-GSM5237048,4575
GEO-GSE171899,GEO-GSM5237049,2106
GEO-GSE171899,GEO-GSM5237050,6243
GEO-GSE174554,GEO-GSM5319503,685
GEO-GSE174554,GEO-GSM5319504,369
GEO-GSE174554,GEO-GSM5319505,2624
GEO-GSE174554,GEO-GSM5319506,4134
GEO-GSE174554,GEO-GSM5319507,5783
GEO-GSE174554,GEO-GSM5319508,1234
GEO-GSE174554,GEO-GSM5319509,6686
GEO-GSE174554,GEO-GSM5319510,3705
GEO-GSE174554,GEO-GSM5319511,1332
GEO-GSE174554,GEO-GSM5319512,853
GEO-GSE174554,GEO-GSM5319513,60
GEO-GSE174554,GEO-GSM5319514,253
GEO-GSE174554,GEO-GSM5319515,463
GEO-GSE174554,GEO-GSM5319516,1410
GEO-GSE174554,GEO-GSM5319517,324
GEO-GSE174554,GEO-GSM5319518,4183
GEO-GSE174554,GEO-GSM5319519,1898
GEO-GSE174554,GEO-GSM5319520,3213
GEO-GSE174554,GEO-GSM5319521,6835
GEO-GSE174554,GEO-GSM5319522,463
GEO-GSE174554,GEO-GSM5319523,849
GEO-GSE174554,GEO-GSM5319524,617
GEO-GSE174554,GEO-GSM5319525,606
GEO-GSE174554,GEO-GSM5319526,4216
GEO-GSE174554,GEO-GSM5319527,188
GEO-GSE174554,GEO-GSM5319528,274
GEO-GSE174554,GEO-GSM5319529,4240
GEO-GSE174554,GEO-GSM5319530,2975
GEO-GSE174554,GEO-GSM5319531,4507
GEO-GSE174554,GEO-GSM5319532,3457
GEO-GSE174554,GEO-GSM5319533,173
GEO-GSE174554,GEO-GSM5319534,4446
GEO-GSE174554,GEO-GSM5319535,3738
GEO-GSE174554,GEO-GSM5319536,1107
GEO-GSE174554,GEO-GSM5319537,3002
GEO-GSE174554,GEO-GSM5319538,3356
GEO-GSE174554,GEO-GSM5319539,1895
GEO-GSE174554,GEO-GSM5319540,2957
GEO-GSE174554,GEO-GSM5319541,1335
GEO-GSE174554,GEO-GSM5319542,2716
GEO-GSE174554,GEO-GSM5319543,2062
GEO-GSE174554,GEO-GSM5319544,36
GEO-GSE174554,GEO-GSM5319545,4257
GEO-GSE174554,GEO-GSM5319546,2736
GEO-GSE174554,GEO-GSM5319547,2536
GEO-GSE174554,GEO-GSM5319548,4278
GEO-GSE174554,GEO-GSM5319549,3160
GEO-GSE174554,GEO-GSM5319550,2479
GEO-GSE174554,GEO-GSM5319551,4836
GEO-GSE174554,GEO-GSM5319552,1748
GEO-GSE174554,GEO-GSM5319553,2913
GEO-GSE174554,GEO-GSM5319554,2276
GEO-GSE174554,GEO-GSM5319555,113
GEO-GSE174554,GEO-GSM5319556,3127
GEO-GSE174554,GEO-GSM5319557,4777
GEO-GSE174554,GEO-GSM5319558,4904
GEO-GSE174554,GEO-GSM5319559,4051
GEO-GSE174554,GEO-GSM5319560,2923
GEO-GSE174554,GEO-GSM5319561,3396
GEO-GSE174554,GEO-GSM5319562,4458
GEO-GSE174554,GEO-GSM5319563,1586
GEO-GSE174554,GEO-GSM5319564,5758
GEO-GSE174554,GEO-GSM5319565,5605
GEO-GSE174554,GEO-GSM5319567,5927
GEO-GSE174554,GEO-GSM5319568,3465
GEO-GSE174554,GEO-GSM5319569,4132
GEO-GSE174554,GEO-GSM5319570,2245
GEO-GSE174554,GEO-GSM5319571,1510
GEO-GSE174554,GEO-GSM5319572,3688
GEO-GSE174554,GEO-GSM5319573,1359
GEO-GSE174554,GEO-GSM5319574,2343
GEO-GSE174554,GEO-GSM5319575,3602
GEO-GSE174554,GEO-GSM5319576,8185
GEO-GSE174554,GEO-GSM6199398,852
GEO-GSE174554,GEO-GSM6199399,2741
GEO-GSE174554,GEO-GSM6199404,3130
GEO-GSE174554,GEO-GSM6199405,3731
GEO-GSE174554,GEO-GSM6199406,4056
GEO-GSE174554,GEO-GSM6199407,3642
GEO-GSE174554,GEO-GSM6199408,1608
GEO-GSE174554,GEO-GSM6199409,513
GEO-GSE174554,GEO-GSM6199410,4209
GEO-GSE180139,GEO-GSM5454349,2327
GEO-GSE180139,GEO-GSM5454350,2734
GEO-GSE181187,GEO-GSM5492236,3
GEO-GSE181187,GEO-GSM5492239,2
GEO-GSE181187,GEO-GSM5492241,2
GEO-GSE184257,GEO-GSM6249882,1493
GEO-GSE184257,GEO-GSM6249883,2049
GEO-GSE184257,GEO-GSM6249884,7093
GEO-GSE184257,GEO-GSM6249885,3241
GEO-GSE184257,GEO-GSM6249886,2626
GEO-GSE184257,GEO-GSM6249887,1848
GEO-GSE184257,GEO-GSM6249888,2535
GEO-GSE184257,GEO-GSM6249889,4765
GEO-GSE184257,GEO-GSM6249890,5094
GEO-GSE184257,GEO-GSM6249891,7846
GEO-GSE184257,GEO-GSM6249892,5851
GEO-GSE193138,GEO-GSM5774293,6758
GEO-GSE193138,GEO-GSM5774294,5983
GEO-GSE193138,GEO-GSM5774295,4650
GEO-GSE193138,GEO-GSM5774296,7463
GEO-GSE193220,GEO-GSM5776879,10426
GEO-GSE193220,GEO-GSM5776880,7803
GEO-GSE193220,GEO-GSM5776881,10579
GEO-GSE193220,GEO-GSM5776882,14267
GEO-GSE193269,GEO-GSM6138434,5482
GEO-GSE193269,GEO-GSM6138435,5718
GEO-GSE193269,GEO-GSM6138436,7874
GEO-GSE193337,GEO-GSM5793824,6578
GEO-GSE193337,GEO-GSM5793825,2371
GEO-GSE193337,GEO-GSM5793826,1704
GEO-GSE193337,GEO-GSM5793827,5310
GEO-GSE193337,GEO-GSM5793828,2414
GEO-GSE193337,GEO-GSM5793829,5700
GEO-GSE193337,GEO-GSM5793831,5059
GEO-GSE193337,GEO-GSM5793832,5876
GEO-GSE197955,GEO-GSM5934492,1570
GEO-GSE197955,GEO-GSM5934493,1034
GEO-GSE197955,GEO-GSM5934494,1150
GEO-GSE197955,GEO-GSM5934495,1223
GEO-GSE197955,GEO-GSM5934496,784
GEO-GSE197955,GEO-GSM5934497,2207
GEO-GSE200218,GEO-GSM6022251,3884
GEO-GSE200218,GEO-GSM6022252,6833
GEO-GSE200218,GEO-GSM6022253,7033
GEO-GSE200218,GEO-GSM6022254,5394
GEO-GSE200218,GEO-GSM6022255,6353
GEO-GSE200218,GEO-GSM6022256,2468
GEO-GSE200218,GEO-GSM6022257,1998
GEO-GSE200218,GEO-GSM6022258,2658
GEO-GSE200218,GEO-GSM6022259,3192
GEO-GSE200218,GEO-GSM6022260,1577
GEO-GSE200218,GEO-GSM6022261,604
GEO-GSE200218,GEO-GSM6022262,2862
GEO-GSE200218,GEO-GSM6022263,2303
GEO-GSE200218,GEO-GSM6022264,1027
GEO-GSE200218,GEO-GSM6022265,3004
GEO-GSE200218,GEO-GSM6022266,3835
GEO-GSE200218,GEO-GSM6022267,1022
GEO-GSE200218,GEO-GSM6022268,5331
GEO-GSE200218,GEO-GSM6022269,3481
GEO-GSE200218,GEO-GSM6022270,1291
GEO-GSE200218,GEO-GSM6022271,1671
GEO-GSE200218,GEO-GSM6022272,5548
GEO-GSE200218,GEO-GSM6022273,9605
GEO-GSE200218,GEO-GSM6022274,6102
GEO-GSE200218,GEO-GSM6022275,8476
GEO-GSE200218,GEO-GSM6022276,3301
GEO-GSE200218,GEO-GSM6022277,6279
GEO-GSE200218,GEO-GSM6022278,6470
GEO-GSE200218,GEO-GSM6022279,10779
GEO-GSE200218,GEO-GSM6022280,4605
GEO-GSE200218,GEO-GSM6022281,7607
GEO-GSE200218,GEO-GSM6022282,8962
GEO-GSE200342,GEO-GSM6031750,9341
GEO-GSE200342,GEO-GSM6031751,7138
GEO-GSE200342,GEO-GSM6031752,9754
GEO-GSE200342,GEO-GSM6031753,5032
GEO-GSE200342,GEO-GSM6031754,8809
GEO-GSE200342,GEO-GSM6031755,7995
GEO-GSE200342,GEO-GSM6031756,2094
GEO-GSE200342,GEO-GSM6031757,8792
GEO-GSE202096,GEO-GSM6094425,6003
GEO-GSE202096,GEO-GSM6094426,6562
GEO-GSE203499,GEO-GSM6173961,6469
GEO-GSE203499,GEO-GSM6173962,13540
GEO-GSE203499,GEO-GSM6173963,10285
GEO-GSE203499,GEO-GSM6173964,11751
GEO-GSE203499,GEO-GSM6173965,3914
GEO-GSE203499,GEO-GSM6173966,7207
GEO-GSE203499,GEO-GSM6173967,1481
GEO-GSE203499,GEO-GSM6173968,12064
GEO-GSE203499,GEO-GSM6173969,2513
GEO-GSE203499,GEO-GSM6173970,8269
GEO-GSE203499,GEO-GSM6173971,4279
GEO-GSE203499,GEO-GSM6173972,7962
GEO-GSE203499,GEO-GSM6173973,4544
GEO-GSE203499,GEO-GSM6173974,10871
GEO-GSE203499,GEO-GSM6173975,10161
GEO-GSE203499,GEO-GSM6173976,10384
GEO-GSE203499,GEO-GSM6173977,1264
GEO-GSE203499,GEO-GSM6173978,3085
GEO-GSE203499,GEO-GSM6173979,5618
GEO-GSE203499,GEO-GSM6173980,10906
GEO-GSE203499,GEO-GSM6173981,538
GEO-GSE203499,GEO-GSM6173982,10621
GEO-GSE203499,GEO-GSM6173983,6721
GEO-GSE203499,GEO-GSM6173984,12029
GEO-GSE203499,GEO-GSM6173985,1055
GEO-GSE203499,GEO-GSM6173986,9006
GEO-GSE203499,GEO-GSM6173987,1653
GEO-GSE203499,GEO-GSM6173988,9239
GEO-GSE203499,GEO-GSM6173990,12185
GEO-GSE203499,GEO-GSM6173991,466
GEO-GSE203499,GEO-GSM6173992,5333
GEO-GSE203499,GEO-GSM6173993,1342
GEO-GSE203499,GEO-GSM6173994,6322
GEO-GSE203499,GEO-GSM6173995,19322
GEO-GSE203499,GEO-GSM6173996,5572
GEO-GSE203499,GEO-GSM6173997,6054
GEO-GSE203499,GEO-GSM6173998,156
GEO-GSE203499,GEO-GSM6173999,7251
GEO-GSE203499,GEO-GSM6174000,1319
GEO-GSE203499,GEO-GSM6174001,9479
GEO-GSE207985,GEO-GSM6329594,2259
GEO-GSE207993,GEO-GSM6329644,9673
GEO-GSE207993,GEO-GSM6329645,9159
GEO-GSE207993,GEO-GSM6329646,11686
GEO-GSE207993,GEO-GSM6329647,9694
GEO-GSE208113,GEO-GSM6337484,15568
GEO-GSE208113,GEO-GSM6337485,12669
GEO-GSE208113,GEO-GSM6337486,15858
GEO-GSE208113,GEO-GSM6337487,8015
GEO-GSE208113,GEO-GSM6337488,11967
GEO-GSE208113,GEO-GSM6337489,10947
GEO-GSE208113,GEO-GSM6337490,12224
GEO-GSE208113,GEO-GSM6337491,21825
GEO-GSE208113,GEO-GSM6337492,13007
GEO-GSE208113,GEO-GSM6337493,14917
GEO-GSE208113,GEO-GSM6337494,9565
GEO-GSE208113,GEO-GSM6337495,9954
GEO-GSE208113,GEO-GSM6337496,18922
GEO-GSE208113,GEO-GSM6337497,18041
GEO-GSE208113,GEO-GSM6337498,12824
GEO-GSE208113,GEO-GSM6337499,11990
GEO-GSE208113,GEO-GSM6337500,8742
GEO-GSE208113,GEO-GSM6337501,1355
GEO-GSE208113,GEO-GSM6337502,5157
GEO-GSE208113,GEO-GSM6337503,3214
GEO-GSE208113,GEO-GSM6337504,3441
GEO-GSE208113,GEO-GSM6337505,1894
GEO-GSE208113,GEO-GSM6337506,888
GEO-GSE208113,GEO-GSM6337507,15312
GEO-GSE208113,GEO-GSM6337508,8164
GEO-GSE208113,GEO-GSM6337509,16539
GEO-GSE208113,GEO-GSM6337510,10233
GEO-GSE208113,GEO-GSM6337511,13873
GEO-GSE208113,GEO-GSM6337512,5553
GEO-GSE208113,GEO-GSM6337513,9014
GEO-GSE208113,GEO-GSM6337514,12255
GEO-GSE208317,GEO-GSM6340943,2540
GEO-GSE208317,GEO-GSM6340944,2519
GEO-GSE209623,GEO-GSM6380790,1737
GEO-GSE209623,GEO-GSM6380791,1589
GEO-GSE209623,GEO-GSM6380792,1963
GEO-GSE209623,GEO-GSM6380793,2150
GEO-GSE161937,GEO-GSM4927794,7665
GEO-GSE161937,GEO-GSM4927793,5046
GEO-GSE161937,GEO-GSM4927795,7999
GEO-GSE161937,GEO-GSM4927792,4625
GEO-GSE161937,GEO-GSM4927796,5423
GEO-GSE162798,GEO-GSM5484483,27128
GEO-GSE163947,GEO-GSM4991057,1918
GEO-GSE163947,GEO-GSM4991055,1695
GEO-GSE163947,GEO-GSM4991056,2449
GEO-GSE164089,GEO-GSM4996460,9383
GEO-GSE164089,GEO-GSM4996461,5478
GEO-GSE164089,GEO-GSM4996462,6712
GEO-GSE164089,GEO-GSM4996463,5493
GEO-GSE164157,GEO-GSM4998457,5126
GEO-GSE164157,GEO-GSM4998461,4568
GEO-GSE164157,GEO-GSM4998458,10713
GEO-GSE164157,GEO-GSM4998459,7796
GEO-GSE164157,GEO-GSM4998460,4080
GEO-GSE164268,GEO-GSM5005486,10740
GEO-GSE164268,GEO-GSM5005488,10206
GEO-GSE164268,GEO-GSM5005487,5932
GEO-GSE166638,GEO-GSM5076810,917
GEO-GSE166638,GEO-GSM5076813,1711
GEO-GSE166638,GEO-GSM5076816,1644
GEO-GSE166638,GEO-GSM5076817,917
GEO-GSE166638,GEO-GSM5076820,1348
GEO-GSE166638,GEO-GSM5076821,1243
GEO-GSE166638,GEO-GSM5076822,1678
GEO-GSE166638,GEO-GSM5076830,1865
GEO-GSE166638,GEO-GSM5076805,1646
GEO-GSE166638,GEO-GSM5076812,1533
GEO-GSE166638,GEO-GSM5076815,1457
GEO-GSE166638,GEO-GSM5076818,991
GEO-GSE166638,GEO-GSM5076819,1244
GEO-GSE166638,GEO-GSM5076804,1802
GEO-GSE166638,GEO-GSM5076806,1859
GEO-GSE166638,GEO-GSM5076807,1674
GEO-GSE166638,GEO-GSM5076808,1043
GEO-GSE166638,GEO-GSM5076809,665
GEO-GSE166638,GEO-GSM5076811,558
GEO-GSE166638,GEO-GSM5076814,2038
GEO-GSE166638,GEO-GSM5076823,540
GEO-GSE166638,GEO-GSM5076824,1687
GEO-GSE166638,GEO-GSM5076825,817
GEO-GSE166638,GEO-GSM5076826,945
GEO-GSE166638,GEO-GSM5076827,1518
GEO-GSE166638,GEO-GSM5076828,1648
GEO-GSE166638,GEO-GSM5076829,1659
GEO-GSE166638,GEO-GSM5076831,1634
GEO-GSE166638,GEO-GSM5076832,1843
GEO-GSE167747,GEO-GSM5112197,12808
GEO-GSE167747,GEO-GSM5112200,2068
GEO-GSE167747,GEO-GSM5557003,6117
GEO-GSE167747,GEO-GSM5112198,11195
GEO-GSE167747,GEO-GSM5112199,1999
GEO-GSE169339,GEO-GSM5196007,7584
GEO-GSE169339,GEO-GSM5196005,6160
GEO-GSE169339,GEO-GSM5196008,6729
GEO-GSE169339,GEO-GSM5196006,6484
GEO-GSE169751,GEO-GSM5213529,5292
GEO-GSE169751,GEO-GSM5213525,5861
GEO-GSE169751,GEO-GSM5213526,4835
GEO-GSE169751,GEO-GSM5213530,5188
GEO-GSE169751,GEO-GSM5213527,4778
GEO-GSE169751,GEO-GSM5213528,5893
GEO-GSE170673,GEO-GSM5215213,2488
GEO-GSE170673,GEO-GSM5215215,2052
GEO-GSE170673,GEO-GSM5215211,335
GEO-GSE170673,GEO-GSM5215217,5958
GEO-GSE170673,GEO-GSM5215212,10015
GEO-GSE172403,GEO-GSM5255041,5848
GEO-GSE172403,GEO-GSM5255043,4432
GEO-GSE172403,GEO-GSM5255047,5638
GEO-GSE172403,GEO-GSM5872765,6915
GEO-GSE172403,GEO-GSM5255045,5490
GEO-GSE172403,GEO-GSM5872767,5434
GEO-GSE173320,GEO-GSM5265321,8537
GEO-GSE173320,GEO-GSM5265322,9913
GEO-GSE173320,GEO-GSM5265323,11326
GEO-GSE173647,GEO-GSM5273001,21956
GEO-GSE173647,GEO-GSM5273000,14318
GEO-GSE174481,GEO-GSM5315574,1561
GEO-GSE174481,GEO-GSM5315575,2455
GEO-GSE174481,GEO-GSM5315576,2095
GEO-GSE174481,GEO-GSM5315579,1512
GEO-GSE174481,GEO-GSM5315581,2323
GEO-GSE174481,GEO-GSM5315569,3414
GEO-GSE174481,GEO-GSM5315570,3810
GEO-GSE174481,GEO-GSM5315571,2294
GEO-GSE174481,GEO-GSM5315577,845
GEO-GSE174481,GEO-GSM5315578,392
GEO-GSE174481,GEO-GSM5315572,3888
GEO-GSE174481,GEO-GSM5315573,781
GEO-GSE174481,GEO-GSM5315580,807
GEO-GSE175450,GEO-GSM5618501,4617
GEO-GSE175450,GEO-GSM5618507,3309
GEO-GSE175450,GEO-GSM5618517,4130
GEO-GSE175450,GEO-GSM5618520,1227
GEO-GSE175450,GEO-GSM5618521,5353
GEO-GSE175450,GEO-GSM5618522,966
GEO-GSE175450,GEO-GSM5618523,4090
GEO-GSE175450,GEO-GSM5618524,2530
GEO-GSE175450,GEO-GSM5618525,3161
GEO-GSE175450,GEO-GSM5618526,786
GEO-GSE175450,GEO-GSM5618527,6056
GEO-GSE175450,GEO-GSM5618529,5916
GEO-GSE175450,GEO-GSM5618530,1382
GEO-GSE175450,GEO-GSM5618532,1247
GEO-GSE175450,GEO-GSM5618535,2081
GEO-GSE175450,GEO-GSM5618536,962
GEO-GSE175450,GEO-GSM5618550,4267
GEO-GSE175450,GEO-GSM5618552,4685
GEO-GSE175450,GEO-GSM5618555,3089
GEO-GSE175450,GEO-GSM5618561,788
GEO-GSE175450,GEO-GSM5618562,2016
GEO-GSE175450,GEO-GSM5618564,1572
GEO-GSE175450,GEO-GSM5618577,4441
GEO-GSE175450,GEO-GSM5618580,2702
GEO-GSE175450,GEO-GSM5618583,2501
GEO-GSE175450,GEO-GSM5618502,2398
GEO-GSE175450,GEO-GSM5618504,3406
GEO-GSE175450,GEO-GSM5618505,1855
GEO-GSE175450,GEO-GSM5618506,1158
GEO-GSE175450,GEO-GSM5618512,2889
GEO-GSE175450,GEO-GSM5618513,4695
GEO-GSE175450,GEO-GSM5618516,1211
GEO-GSE175450,GEO-GSM5618528,1024
GEO-GSE175450,GEO-GSM5618531,6101
GEO-GSE175450,GEO-GSM5618533,8077
GEO-GSE175450,GEO-GSM5618534,2583
GEO-GSE175450,GEO-GSM5618538,1596
GEO-GSE175450,GEO-GSM5618539,3753
GEO-GSE175450,GEO-GSM5618541,4602
GEO-GSE175450,GEO-GSM5618542,1227
GEO-GSE175450,GEO-GSM5618543,3796
GEO-GSE175450,GEO-GSM5618544,222
GEO-GSE175450,GEO-GSM5618546,1546
GEO-GSE175450,GEO-GSM5618549,4149
GEO-GSE175450,GEO-GSM5618551,1341
GEO-GSE175450,GEO-GSM5618556,4045
GEO-GSE175450,GEO-GSM5618559,2710
GEO-GSE175450,GEO-GSM5618560,3812
GEO-GSE175450,GEO-GSM5618563,6215
GEO-GSE175450,GEO-GSM5618565,3909
GEO-GSE175450,GEO-GSM5618567,2791
GEO-GSE175450,GEO-GSM5618569,1609
GEO-GSE175450,GEO-GSM5618573,5435
GEO-GSE175450,GEO-GSM5618574,2137
GEO-GSE175450,GEO-GSM5618575,1597
GEO-GSE175450,GEO-GSM5618581,3785
GEO-GSE175450,GEO-GSM5618582,833
GEO-GSE175450,GEO-GSM5618585,3452
GEO-GSE175450,GEO-GSM5618587,4024
GEO-GSE175450,GEO-GSM5618589,2604
GEO-GSE175450,GEO-GSM5618590,601
GEO-GSE175450,GEO-GSM5618503,5058
GEO-GSE175450,GEO-GSM5618508,535
GEO-GSE175450,GEO-GSM5618509,3908
GEO-GSE175450,GEO-GSM5618510,1295
GEO-GSE175450,GEO-GSM5618511,3440
GEO-GSE175450,GEO-GSM5618514,1898
GEO-GSE175450,GEO-GSM5618515,4366
GEO-GSE175450,GEO-GSM5618518,1426
GEO-GSE175450,GEO-GSM5618519,4696
GEO-GSE175450,GEO-GSM5618537,3162
GEO-GSE175450,GEO-GSM5618540,915
GEO-GSE175450,GEO-GSM5618545,5563
GEO-GSE175450,GEO-GSM5618547,1015
GEO-GSE175450,GEO-GSM5618548,6893
GEO-GSE175450,GEO-GSM5618553,2894
GEO-GSE175450,GEO-GSM5618554,462
GEO-GSE175450,GEO-GSM5618557,2557
GEO-GSE175450,GEO-GSM5618558,4067
GEO-GSE175450,GEO-GSM5618566,589
GEO-GSE175450,GEO-GSM5618568,2346
GEO-GSE175450,GEO-GSM5618570,215
GEO-GSE175450,GEO-GSM5618571,3247
GEO-GSE175450,GEO-GSM5618572,1685
GEO-GSE175450,GEO-GSM5618576,560
GEO-GSE175450,GEO-GSM5618578,4164
GEO-GSE175450,GEO-GSM5618579,595
GEO-GSE175450,GEO-GSM5618584,3864
GEO-GSE175450,GEO-GSM5618586,530
GEO-GSE175450,GEO-GSM5618588,2503
GEO-GSE175480,GEO-GSM5335177,8149
GEO-GSE175480,GEO-GSM5335179,8088
GEO-GSE175480,GEO-GSM5335178,10168
GEO-GSE175480,GEO-GSM5335180,8476
GEO-GSE175990,GEO-GSM5352393,6131
GEO-GSE175990,GEO-GSM5352392,7424
GEO-GSE175990,GEO-GSM5352395,9179
GEO-GSE175990,GEO-GSM5352394,6605
GEO-GSE180885,GEO-GSM5474333,3661
GEO-GSE180885,GEO-GSM5474334,2828
GEO-GSE180885,GEO-GSM5474338,3719
GEO-GSE180885,GEO-GSM5474335,4633
GEO-GSE180885,GEO-GSM5474336,3802
GEO-GSE180885,GEO-GSM5474337,4081
GEO-GSE180885,GEO-GSM5474339,2237
GEO-GSE181297,GEO-GSM5494438,15888
GEO-GSE181297,GEO-GSM5610149,1927
GEO-GSE181297,GEO-GSM5772311,1956
GEO-GSE181297,GEO-GSM5772310,1885
GEO-GSE181297,GEO-GSM5494439,9121
GEO-GSE181297,GEO-GSM5494440,1485
GEO-GSE181297,GEO-GSM5494441,2174
GEO-GSE181304,GEO-GSM5494566,34851
GEO-GSE181688,GEO-GSM5509265,10859
GEO-GSE181688,GEO-GSM5509264,8107
GEO-GSE181688,GEO-GSM5509266,7240
GEO-GSE182224,GEO-GSM5525337,4553
GEO-GSE182224,GEO-GSM5578192,2183
GEO-GSE182224,GEO-GSM5578194,3938
GEO-GSE182224,GEO-GSM5578199,472
GEO-GSE182224,GEO-GSM5578196,2707
GEO-GSE182224,GEO-GSM5578193,2175
GEO-GSE182224,GEO-GSM5578195,1305
GEO-GSE182224,GEO-GSM5578197,1114
GEO-GSE182224,GEO-GSM5578198,2220
GEO-GSE182224,GEO-GSM5578200,1643
GEO-GSE186433,GEO-GSM5651509,1105
GEO-GSE186433,GEO-GSM5651510,2234
GEO-GSE186433,GEO-GSM5651514,1540
GEO-GSE186433,GEO-GSM5651515,2066
GEO-GSE186433,GEO-GSM5651519,4676
GEO-GSE186433,GEO-GSM5651511,1743
GEO-GSE186433,GEO-GSM5651512,1340
GEO-GSE186433,GEO-GSM5651513,542
GEO-GSE186433,GEO-GSM5651516,1671
GEO-GSE186433,GEO-GSM5651517,2001
GEO-GSE186433,GEO-GSM5651518,2701
GEO-GSE186433,GEO-GSM5651520,1352
GEO-GSE186814,GEO-GSM5661547,6357
GEO-GSE186814,GEO-GSM5661546,4692
GEO-GSE186814,GEO-GSM5661548,4116
GEO-GSE186814,GEO-GSM5661545,12947
GEO-GSE189916,GEO-GSM5709571,2436
GEO-GSE189916,GEO-GSM5709572,1996
GEO-GSE189916,GEO-GSM5709574,2667
GEO-GSE189916,GEO-GSM5709575,5932
GEO-GSE189916,GEO-GSM5709576,5315
GEO-GSE189916,GEO-GSM5709573,3028
GEO-GSE190839,GEO-GSM5732744,8276
GEO-GSE190839,GEO-GSM5732742,6283
GEO-GSE190839,GEO-GSM5732740,8277
GEO-GSE190839,GEO-GSM5732746,5506
GEO-GSE191041,GEO-GSM5737886,3623
GEO-GSE191041,GEO-GSM5737887,1948
GEO-GSE191041,GEO-GSM5737890,3761
GEO-GSE191041,GEO-GSM5738223,3704
GEO-GSE191041,GEO-GSM5737889,1180
GEO-GSE191041,GEO-GSM5737885,3962
GEO-GSE191041,GEO-GSM5737888,3649
GEO-GSE193710,GEO-GSM5819068,6881
GEO-GSE193710,GEO-GSM5819067,8864
GEO-GSE193710,GEO-GSM5819069,9564
GEO-GSE194225,GEO-GSM5831052,3617
GEO-GSE194225,GEO-GSM5831053,7541
GEO-GSE194225,GEO-GSM5831055,7707
GEO-GSE194225,GEO-GSM5831054,9569
GEO-GSE198745,GEO-GSM5956093,8794
GEO-GSE198745,GEO-GSM5956094,13322
GEO-GSE198891,GEO-GSM5959101,5887
GEO-GSE198891,GEO-GSM5959104,5206
GEO-GSE198891,GEO-GSM5959105,4979
GEO-GSE198891,GEO-GSM5959100,6620
GEO-GSE198891,GEO-GSM5959102,5730
GEO-GSE198891,GEO-GSM5959103,4654
GEO-GSE204688,GEO-GSM6185855,2755
GEO-GSE204688,GEO-GSM6185856,3300
GEO-GSE204688,GEO-GSM6185853,10880
GEO-GSE204688,GEO-GSM6185857,1581
GEO-GSE204688,GEO-GSM6185858,3299
GEO-GSE204688,GEO-GSM6185854,7039
GEO-GSE205490,GEO-GSM6229645,4472
GEO-GSE205490,GEO-GSM6229643,22732
GEO-GSE205490,GEO-GSM6229644,4702
GEO-GSE109037,GEO-GSM2928377,4082
GEO-GSE109037,GEO-GSM2928378,3500
GEO-GSE109037,GEO-GSM2928379,3522
GEO-GSE109037,GEO-GSM2928380,2269
GEO-GSE109037,GEO-GSM2928382,2502
GEO-GSE109037,GEO-GSM2928383,2757
GEO-GSE109037,GEO-GSM2928381,2360
GEO-GSE109037,GEO-GSM2928384,3086
GEO-GSE112845,GEO-GSM3087628,5662
GEO-GSE112845,GEO-GSM3087631,2436
GEO-GSE112845,GEO-GSM3087634,3239
GEO-GSE112845,GEO-GSM3087619,4972
GEO-GSE112845,GEO-GSM3087624,2825
GEO-GSE112845,GEO-GSM3087626,3899
GEO-GSE112845,GEO-GSM3087633,2646
GEO-GSE112845,GEO-GSM3087622,2929
GEO-GSE112845,GEO-GSM3087629,4753
GEO-GSE123926,GEO-GSM3516948,14681
GEO-GSE123926,GEO-GSM3516947,10060
GEO-GSE128518,GEO-GSM3876287,209
GEO-GSE128518,GEO-GSM3876294,290
GEO-GSE128518,GEO-GSM3876297,171
GEO-GSE128518,GEO-GSM3876308,11439
GEO-GSE128518,GEO-GSM3876309,11847
GEO-GSE128518,GEO-GSM3876285,205
GEO-GSE128518,GEO-GSM3876286,161
GEO-GSE128518,GEO-GSM3876289,213
GEO-GSE128518,GEO-GSM3876290,194
GEO-GSE128518,GEO-GSM3876292,309
GEO-GSE128518,GEO-GSM3876293,347
GEO-GSE128518,GEO-GSM3876288,176
GEO-GSE128518,GEO-GSM3876291,188
GEO-GSE128518,GEO-GSM3876295,345
GEO-GSE128518,GEO-GSM3876296,193
GEO-GSE128518,GEO-GSM3876298,109
GEO-GSE128518,GEO-GSM3876299,144
GEO-GSE128518,GEO-GSM3876300,229
GEO-GSE128518,GEO-GSM3876301,145
GEO-GSE128518,GEO-GSM3876302,166
GEO-GSE128518,GEO-GSM3876303,124
GEO-GSE128518,GEO-GSM3876304,216
GEO-GSE128518,GEO-GSM3876305,277
GEO-GSE128518,GEO-GSM3876306,177
GEO-GSE128518,GEO-GSM3876307,295
GEO-GSE130000,GEO-GSM3729174,2051
GEO-GSE130000,GEO-GSM3729170,4067
GEO-GSE130000,GEO-GSM3729172,3097
GEO-GSE130000,GEO-GSM3729171,2169
GEO-GSE130000,GEO-GSM3729173,2985
GEO-GSE130000,GEO-GSM3729175,2962
GEO-GSE130000,GEO-GSM3729176,7575
GEO-GSE130000,GEO-GSM3729177,4644
GEO-GSE130117,GEO-GSM3732362,3332
GEO-GSE130117,GEO-GSM4477421,1379
GEO-GSE130117,GEO-GSM3732366,5036
GEO-GSE130117,GEO-GSM4477423,1187
GEO-GSE130117,GEO-GSM4477425,1301
GEO-GSE130117,GEO-GSM4477427,2372
GEO-GSE130117,GEO-GSM3732360,2255
GEO-GSE130117,GEO-GSM3732364,3973
GEO-GSE130117,GEO-GSM4477417,724
GEO-GSE130117,GEO-GSM4477419,583
GEO-GSE131086,GEO-GSM3763146,19015
GEO-GSE131086,GEO-GSM3763147,16939
GEO-GSE135045,GEO-GSM3984319,3192
GEO-GSE135045,GEO-GSM3984322,3195
GEO-GSE135045,GEO-GSM3984326,6283
GEO-GSE135045,GEO-GSM3984330,2920
GEO-GSE135045,GEO-GSM4495152,5564
GEO-GSE135045,GEO-GSM3984317,4461
GEO-GSE135045,GEO-GSM3984318,2640
GEO-GSE136974,GEO-GSM4064145,10172
GEO-GSE136974,GEO-GSM4064146,6379
GEO-GSE136974,GEO-GSM4064147,6199
GEO-GSE137101,GEO-GSM4066992,6327
GEO-GSE137101,GEO-GSM4066993,4023
GEO-GSE137101,GEO-GSM4066995,8730
GEO-GSE137101,GEO-GSM4066991,5530
GEO-GSE137101,GEO-GSM4066994,7328
GEO-GSE142595,GEO-GSM4232603,1217
GEO-GSE142595,GEO-GSM4232604,780
GEO-GSE142595,GEO-GSM4232605,1421
GEO-GSE142595,GEO-GSM4232608,1028
GEO-GSE142595,GEO-GSM4232614,1233
GEO-GSE142595,GEO-GSM4232617,1011
GEO-GSE142595,GEO-GSM4232624,638
GEO-GSE142595,GEO-GSM4232625,1441
GEO-GSE142595,GEO-GSM4232626,1414
GEO-GSE142595,GEO-GSM4232630,847
GEO-GSE142595,GEO-GSM4232632,1343
GEO-GSE142595,GEO-GSM4232633,1469
GEO-GSE142595,GEO-GSM4232637,1413
GEO-GSE142595,GEO-GSM4232640,1207
GEO-GSE142595,GEO-GSM4232643,893
GEO-GSE142595,GEO-GSM4232645,1581
GEO-GSE142595,GEO-GSM4232647,1392
GEO-GSE142595,GEO-GSM4232648,1247
GEO-GSE142595,GEO-GSM4232597,1172
GEO-GSE142595,GEO-GSM4232600,1405
GEO-GSE142595,GEO-GSM4232601,1456
GEO-GSE142595,GEO-GSM4232606,1537
GEO-GSE142595,GEO-GSM4232607,1338
GEO-GSE142595,GEO-GSM4232610,1101
GEO-GSE142595,GEO-GSM4232613,1104
GEO-GSE142595,GEO-GSM4232615,1234
GEO-GSE142595,GEO-GSM4232618,1025
GEO-GSE142595,GEO-GSM4232619,1586
GEO-GSE142595,GEO-GSM4232621,1474
GEO-GSE142595,GEO-GSM4232627,1277
GEO-GSE142595,GEO-GSM4232634,1660
GEO-GSE142595,GEO-GSM4232635,1510
GEO-GSE142595,GEO-GSM4232639,553
GEO-GSE142595,GEO-GSM4232642,724
GEO-GSE142595,GEO-GSM4232644,1406
GEO-GSE142595,GEO-GSM4232596,1635
GEO-GSE142595,GEO-GSM4232598,1250
GEO-GSE142595,GEO-GSM4232599,1569
GEO-GSE142595,GEO-GSM4232602,618
GEO-GSE142595,GEO-GSM4232609,1455
GEO-GSE142595,GEO-GSM4232611,1030
GEO-GSE142595,GEO-GSM4232612,1012
GEO-GSE142595,GEO-GSM4232616,801
GEO-GSE142595,GEO-GSM4232620,1158
GEO-GSE142595,GEO-GSM4232622,1177
GEO-GSE142595,GEO-GSM4232623,531
GEO-GSE142595,GEO-GSM4232628,1521
GEO-GSE142595,GEO-GSM4232629,507
GEO-GSE142595,GEO-GSM4232631,1578
GEO-GSE142595,GEO-GSM4232636,1401
GEO-GSE142595,GEO-GSM4232638,926
GEO-GSE142595,GEO-GSM4232641,1400
GEO-GSE142595,GEO-GSM4232646,1315
GEO-GSE142595,GEO-GSM4232649,1276
GEO-GSE143686,GEO-GSM4272584,6564
GEO-GSE143686,GEO-GSM4272583,10070
GEO-GSE143686,GEO-GSM4272587,7430
GEO-GSE143686,GEO-GSM4272585,4562
GEO-GSE143686,GEO-GSM4272586,2548
GEO-GSE144945,GEO-GSM4301252,2271
GEO-GSE144945,GEO-GSM4301259,2874
GEO-GSE144945,GEO-GSM4301253,2429
GEO-GSE144945,GEO-GSM4301255,4070
GEO-GSE144945,GEO-GSM4301260,3190
GEO-GSE144945,GEO-GSM4301261,3392
GEO-GSE144945,GEO-GSM4301254,4430
GEO-GSE144945,GEO-GSM4301256,2954
GEO-GSE144945,GEO-GSM4301257,3601
GEO-GSE144945,GEO-GSM4301258,4361
GEO-GSE146137,GEO-GSM4367143,3306
GEO-GSE146137,GEO-GSM4367144,540
GEO-GSE147047,GEO-GSM4413679,13190
GEO-GSE147047,GEO-GSM4413680,11304
GEO-GSE147794,GEO-GSM4446061,5404
GEO-GSE147794,GEO-GSM4446059,5642
GEO-GSE147794,GEO-GSM4446060,5248
GEO-GSE147794,GEO-GSM4446062,5187
GEO-GSE147944,GEO-GSM4450725,3536
GEO-GSE147944,GEO-GSM4450727,2157
GEO-GSE147944,GEO-GSM4450723,4633
GEO-GSE147944,GEO-GSM4450724,7815
GEO-GSE147944,GEO-GSM4450726,3722
GEO-GSE147944,GEO-GSM4450728,4782
GEO-GSE147944,GEO-GSM4450729,3263
GEO-GSE148212,GEO-GSM4456094,13561
GEO-GSE148212,GEO-GSM4456095,15202
GEO-GSE148996,GEO-GSM4487133,5093
GEO-GSE148996,GEO-GSM4487136,3468
GEO-GSE148996,GEO-GSM4487129,7089
GEO-GSE148996,GEO-GSM4487130,1983
GEO-GSE148996,GEO-GSM4487131,2442
GEO-GSE148996,GEO-GSM4487132,633
GEO-GSE148996,GEO-GSM4487134,2622
GEO-GSE148996,GEO-GSM4487135,5594
GEO-GSE149313,GEO-GSM4497125,3859
GEO-GSE149313,GEO-GSM4497126,2731
GEO-GSE149313,GEO-GSM4497128,2919
GEO-GSE149313,GEO-GSM4497129,2231
GEO-GSE149313,GEO-GSM4497130,2520
GEO-GSE149313,GEO-GSM4497131,2515
GEO-GSE149313,GEO-GSM4497133,2363
GEO-GSE149313,GEO-GSM4497134,1268
GEO-GSE149313,GEO-GSM4497127,4403
GEO-GSE149313,GEO-GSM4497132,1793
GEO-GSE150516,GEO-GSM4551598,6384
GEO-GSE150516,GEO-GSM4551606,723
GEO-GSE150516,GEO-GSM4551603,6208
GEO-GSE150516,GEO-GSM4551604,1228
GEO-GSE150516,GEO-GSM4551605,565
GEO-GSE150516,GEO-GSM4551599,4008
GEO-GSE150516,GEO-GSM4551600,4901
GEO-GSE150516,GEO-GSM4551601,3943
GEO-GSE150516,GEO-GSM4551602,4637
GEO-GSE151569,GEO-GSM4585919,6911
GEO-GSE151569,GEO-GSM4585921,5889
GEO-GSE151569,GEO-GSM4585922,6935
GEO-GSE151569,GEO-GSM4585920,7946
GEO-GSE152273,GEO-GSM4610534,303
GEO-GSE152273,GEO-GSM4610537,1598
GEO-GSE152273,GEO-GSM4610540,923
GEO-GSE152273,GEO-GSM4610548,846
GEO-GSE152273,GEO-GSM4610551,5436
GEO-GSE152273,GEO-GSM4610536,1583
GEO-GSE152273,GEO-GSM4610541,960
GEO-GSE152273,GEO-GSM4610546,200
GEO-GSE152273,GEO-GSM4610547,202
GEO-GSE152273,GEO-GSM4610550,5146
GEO-GSE152273,GEO-GSM4610535,330
GEO-GSE152273,GEO-GSM4610538,550
GEO-GSE152273,GEO-GSM4610539,452
GEO-GSE152273,GEO-GSM4610542,2290
GEO-GSE152273,GEO-GSM4610543,2240
GEO-GSE152273,GEO-GSM4610544,1070
GEO-GSE152273,GEO-GSM4610545,1442
GEO-GSE152273,GEO-GSM4610549,1101
GEO-GSE152915,GEO-GSM4629661,6495
GEO-GSE152915,GEO-GSM4629662,3087
GEO-GSE152915,GEO-GSM4629666,3080
GEO-GSE152915,GEO-GSM4629667,432
GEO-GSE152915,GEO-GSM4629670,458
GEO-GSE152915,GEO-GSM4629668,414
GEO-GSE152915,GEO-GSM4629663,5262
GEO-GSE152915,GEO-GSM4629664,7833
GEO-GSE152915,GEO-GSM4629665,1978
GEO-GSE152915,GEO-GSM4629669,601
GEO-GSE152915,GEO-GSM4629671,265
GEO-GSE152915,GEO-GSM4629672,727
GEO-GSE153098,GEO-GSM4634062,6001
GEO-GSE153098,GEO-GSM4634063,3653
GEO-GSE153098,GEO-GSM4634061,6965
GEO-GSE153098,GEO-GSM4634060,7271
GEO-GSE153819,GEO-GSM4654764,342
GEO-GSE153819,GEO-GSM4654766,4632
GEO-GSE153819,GEO-GSM4654767,7966
GEO-GSE153819,GEO-GSM4654768,5787
GEO-GSE153819,GEO-GSM4654760,1243
GEO-GSE153819,GEO-GSM4654762,1247
GEO-GSE153819,GEO-GSM4654761,843
GEO-GSE153819,GEO-GSM4654763,393
GEO-GSE153819,GEO-GSM4654765,1213
GEO-GSE153929,GEO-GSM4658494,30859
GEO-GSE154109,GEO-GSM4664011,1569
GEO-GSE154109,GEO-GSM4664014,466
GEO-GSE154109,GEO-GSM4664016,1936
GEO-GSE154109,GEO-GSM4664017,2134
GEO-GSE154109,GEO-GSM4664022,1674
GEO-GSE154109,GEO-GSM4664026,1205
GEO-GSE154109,GEO-GSM4664009,1682
GEO-GSE154109,GEO-GSM4664010,1016
GEO-GSE154109,GEO-GSM4664015,1165
GEO-GSE154109,GEO-GSM4664021,1765
GEO-GSE154109,GEO-GSM4664024,1560
GEO-GSE154109,GEO-GSM4664012,1674
GEO-GSE154109,GEO-GSM4664013,1448
GEO-GSE154109,GEO-GSM4664018,1668
GEO-GSE154109,GEO-GSM4664019,1169
GEO-GSE154109,GEO-GSM4664020,2307
GEO-GSE154109,GEO-GSM4664023,1996
GEO-GSE154109,GEO-GSM4664025,1289
GEO-GSE154109,GEO-GSM4664027,1401
GEO-GSE154359,GEO-GSM4669615,6069
GEO-GSE154359,GEO-GSM4669616,4966
GEO-GSE154359,GEO-GSM4669617,2342
GEO-GSE154359,GEO-GSM4669618,3214
GEO-GSE154359,GEO-GSM4669614,7884
GEO-GSE156905,GEO-GSM4747496,1234
GEO-GSE156905,GEO-GSM4747498,653
GEO-GSE156905,GEO-GSM4747500,60
GEO-GSE156905,GEO-GSM4747501,1727
GEO-GSE156905,GEO-GSM4747502,2524
GEO-GSE156905,GEO-GSM4747504,956
GEO-GSE156905,GEO-GSM4747492,2312
GEO-GSE156905,GEO-GSM4747495,4228
GEO-GSE156905,GEO-GSM4747497,432
GEO-GSE156905,GEO-GSM4747505,1216
GEO-GSE156905,GEO-GSM4747506,337
GEO-GSE156905,GEO-GSM4747491,675
GEO-GSE156905,GEO-GSM4747493,2069
GEO-GSE156905,GEO-GSM4747494,832
GEO-GSE156905,GEO-GSM4747499,237
GEO-GSE156905,GEO-GSM4747503,755
GEO-GSE157157,GEO-GSM4756816,2393
GEO-GSE157157,GEO-GSM4756819,4440
GEO-GSE157157,GEO-GSM4756814,1449
GEO-GSE157157,GEO-GSM4756815,3417
GEO-GSE157157,GEO-GSM4756817,997
GEO-GSE157157,GEO-GSM4756822,1009
GEO-GSE157157,GEO-GSM4756813,3420
GEO-GSE157157,GEO-GSM4756818,1953
GEO-GSE157157,GEO-GSM4756820,2111
GEO-GSE157157,GEO-GSM4756821,853
GEO-GSE157157,GEO-GSM4756823,1096
GEO-GSE157157,GEO-GSM4756824,1927
GEO-GSE158667,GEO-GSM4805205,740
GEO-GSE158667,GEO-GSM4805209,3750
GEO-GSE158667,GEO-GSM4805212,9643
GEO-GSE158667,GEO-GSM4805219,4785
GEO-GSE158667,GEO-GSM4805223,5976
GEO-GSE158667,GEO-GSM4805226,6000
GEO-GSE158667,GEO-GSM4805228,6000
GEO-GSE158667,GEO-GSM4805232,12000
GEO-GSE158667,GEO-GSM4805234,6000
GEO-GSE158667,GEO-GSM4805236,1232
GEO-GSE158667,GEO-GSM4805237,1740
GEO-GSE158667,GEO-GSM4805238,916
GEO-GSE158667,GEO-GSM4805240,2217
GEO-GSE158667,GEO-GSM4805243,2978
GEO-GSE158667,GEO-GSM4805247,5994
GEO-GSE158667,GEO-GSM4805251,3100
GEO-GSE158667,GEO-GSM4805252,2022
GEO-GSE158667,GEO-GSM4805255,5999
GEO-GSE158667,GEO-GSM4805258,9737
GEO-GSE158667,GEO-GSM4805260,10222
GEO-GSE158667,GEO-GSM4805261,5957
GEO-GSE158667,GEO-GSM4805262,5455
GEO-GSE158667,GEO-GSM4805263,5739
GEO-GSE158667,GEO-GSM4805265,3366
GEO-GSE158667,GEO-GSM4805267,11975
GEO-GSE158667,GEO-GSM4805269,10055
GEO-GSE158667,GEO-GSM4805270,10534
GEO-GSE158667,GEO-GSM4805276,1976
GEO-GSE158667,GEO-GSM4805285,2894
GEO-GSE158667,GEO-GSM4805286,1964
GEO-GSE158667,GEO-GSM4805287,1795
GEO-GSE158667,GEO-GSM4805292,1902
GEO-GSE158667,GEO-GSM4805294,1664
GEO-GSE158667,GEO-GSM4805298,5079
GEO-GSE158667,GEO-GSM4805300,4528
GEO-GSE158667,GEO-GSM4805301,5339
GEO-GSE158667,GEO-GSM4805302,2080
GEO-GSE158667,GEO-GSM4805307,1705
GEO-GSE158667,GEO-GSM4805311,2471
GEO-GSE158667,GEO-GSM4805312,3802
GEO-GSE158667,GEO-GSM4805206,1156
GEO-GSE158667,GEO-GSM4805207,3960
GEO-GSE158667,GEO-GSM4805208,4345
GEO-GSE158667,GEO-GSM4805211,6000
GEO-GSE158667,GEO-GSM4805213,5975
GEO-GSE158667,GEO-GSM4805215,4697
GEO-GSE158667,GEO-GSM4805217,3955
GEO-GSE158667,GEO-GSM4805221,5961
GEO-GSE158667,GEO-GSM4805225,9153
GEO-GSE158667,GEO-GSM4805227,5998
GEO-GSE158667,GEO-GSM4805233,6000
GEO-GSE158667,GEO-GSM4805242,1150
GEO-GSE158667,GEO-GSM4805244,3114
GEO-GSE158667,GEO-GSM4805245,1034
GEO-GSE158667,GEO-GSM4805248,4742
GEO-GSE158667,GEO-GSM4805249,5602
GEO-GSE158667,GEO-GSM4805266,3122
GEO-GSE158667,GEO-GSM4805268,6891
GEO-GSE158667,GEO-GSM4805271,2250
GEO-GSE158667,GEO-GSM4805272,1954
GEO-GSE158667,GEO-GSM4805273,4452
GEO-GSE158667,GEO-GSM4805274,4310
GEO-GSE158667,GEO-GSM4805277,1973
GEO-GSE158667,GEO-GSM4805279,3408
GEO-GSE158667,GEO-GSM4805282,3202
GEO-GSE158667,GEO-GSM4805283,1319
GEO-GSE158667,GEO-GSM4805284,1897
GEO-GSE158667,GEO-GSM4805290,2949
GEO-GSE158667,GEO-GSM4805291,2653
GEO-GSE158667,GEO-GSM4805293,1925
GEO-GSE158667,GEO-GSM4805296,2645
GEO-GSE158667,GEO-GSM4805299,5645
GEO-GSE158667,GEO-GSM4805303,1700
GEO-GSE158667,GEO-GSM4805306,3300
GEO-GSE158667,GEO-GSM4805308,3447
GEO-GSE158667,GEO-GSM4805309,3560
GEO-GSE158667,GEO-GSM4805313,3284
GEO-GSE158667,GEO-GSM4805314,1966
GEO-GSE158667,GEO-GSM4805203,2715
GEO-GSE158667,GEO-GSM4805204,1376
GEO-GSE158667,GEO-GSM4805210,3037
GEO-GSE158667,GEO-GSM4805214,5423
GEO-GSE158667,GEO-GSM4805216,5266
GEO-GSE158667,GEO-GSM4805218,3457
GEO-GSE158667,GEO-GSM4805220,5987
GEO-GSE158667,GEO-GSM4805222,5993
GEO-GSE158667,GEO-GSM4805224,6000
GEO-GSE158667,GEO-GSM4805229,4689
GEO-GSE158667,GEO-GSM4805230,3767
GEO-GSE158667,GEO-GSM4805231,5990
GEO-GSE158667,GEO-GSM4805235,672
GEO-GSE158667,GEO-GSM4805239,2022
GEO-GSE158667,GEO-GSM4805241,2495
GEO-GSE158667,GEO-GSM4805246,1199
GEO-GSE158667,GEO-GSM4805250,9889
GEO-GSE158667,GEO-GSM4805253,3906
GEO-GSE158667,GEO-GSM4805254,4413
GEO-GSE158667,GEO-GSM4805256,9109
GEO-GSE158667,GEO-GSM4805257,5999
GEO-GSE158667,GEO-GSM4805259,10399
GEO-GSE158667,GEO-GSM4805264,5344
GEO-GSE158667,GEO-GSM4805275,3444
GEO-GSE158667,GEO-GSM4805278,2267
GEO-GSE158667,GEO-GSM4805280,2985
GEO-GSE158667,GEO-GSM4805281,1501
GEO-GSE158667,GEO-GSM4805288,2825
GEO-GSE158667,GEO-GSM4805289,2574
GEO-GSE158667,GEO-GSM4805295,2430
GEO-GSE158667,GEO-GSM4805297,2518
GEO-GSE158667,GEO-GSM4805304,1614
GEO-GSE158667,GEO-GSM4805305,1362
GEO-GSE158667,GEO-GSM4805310,3400
GEO-GSE158667,GEO-GSM4805315,6000
GEO-GSE158723,GEO-GSM4808965,1993
GEO-GSE158723,GEO-GSM4808966,6372
GEO-GSE158723,GEO-GSM4808962,3479
GEO-GSE158723,GEO-GSM4808964,2019
GEO-GSE158723,GEO-GSM4808963,3123
GEO-GSE158723,GEO-GSM4808967,4275
GEO-GSE158723,GEO-GSM4808968,2870
GEO-GSE158723,GEO-GSM4808969,5056
GEO-GSE160625,GEO-GSM4876131,2418
GEO-GSE160625,GEO-GSM4876133,2266
GEO-GSE160625,GEO-GSM4876139,1926
GEO-GSE160625,GEO-GSM4876128,9689
GEO-GSE160625,GEO-GSM4876130,2536
GEO-GSE160625,GEO-GSM4876134,1321
GEO-GSE160625,GEO-GSM4876136,2191
GEO-GSE160625,GEO-GSM4876138,1881
GEO-GSE160625,GEO-GSM4876129,2237
GEO-GSE160625,GEO-GSM4876132,1369
GEO-GSE160625,GEO-GSM4876135,1351
GEO-GSE160625,GEO-GSM4876137,3461
GEO-GSE175721,GEO-GSM5345024,7712
GEO-GSE175721,GEO-GSM5345023,6934
GEO-GSE176031,GEO-GSM5353240,586
GEO-GSE176067,GEO-GSM5354367,480
GEO-GSE176067,GEO-GSM5354368,970
GEO-GSE176067,GEO-GSM5354369,929
GEO-GSE176067,GEO-GSM5354373,2076
GEO-GSE176067,GEO-GSM5354375,3548
GEO-GSE176067,GEO-GSM5354378,1211
GEO-GSE176067,GEO-GSM5354383,1688
GEO-GSE176067,GEO-GSM5354385,1954
GEO-GSE176067,GEO-GSM5354392,3883
GEO-GSE176067,GEO-GSM5354395,806
GEO-GSE176067,GEO-GSM5354397,319
GEO-GSE176067,GEO-GSM5354398,215
GEO-GSE176067,GEO-GSM5354399,156
GEO-GSE176067,GEO-GSM5354370,1932
GEO-GSE176067,GEO-GSM5354371,2558
GEO-GSE176067,GEO-GSM5354372,1986
GEO-GSE176067,GEO-GSM5354376,2252
GEO-GSE176067,GEO-GSM5354380,2680
GEO-GSE176067,GEO-GSM5354381,1926
GEO-GSE176067,GEO-GSM5354384,1943
GEO-GSE176067,GEO-GSM5354386,3546
GEO-GSE176067,GEO-GSM5354393,2186
GEO-GSE176067,GEO-GSM5354394,513
GEO-GSE176067,GEO-GSM5354400,200
GEO-GSE176067,GEO-GSM5354366,1616
GEO-GSE176067,GEO-GSM5354374,1978
GEO-GSE176067,GEO-GSM5354377,1991
GEO-GSE176067,GEO-GSM5354379,1006
GEO-GSE176067,GEO-GSM5354382,1554
GEO-GSE176067,GEO-GSM5354387,1918
GEO-GSE176067,GEO-GSM5354388,839
GEO-GSE176067,GEO-GSM5354389,1529
GEO-GSE176067,GEO-GSM5354390,1274
GEO-GSE176067,GEO-GSM5354391,772
GEO-GSE176067,GEO-GSM5354396,584
GEO-GSE176067,GEO-GSM5354401,202
GEO-GSE178175,GEO-GSM5381311,8794
GEO-GSE178175,GEO-GSM5381312,8794
GEO-GSE178857,GEO-GSM5399379,7393
GEO-GSE178857,GEO-GSM5399380,7641
GEO-GSE178910,GEO-GSM5400789,3511
GEO-GSE178910,GEO-GSM5400791,1817
GEO-GSE178910,GEO-GSM5400788,5709
GEO-GSE178910,GEO-GSM5400790,5024
GEO-GSE178911,GEO-GSM5400792,5693
GEO-GSE178911,GEO-GSM5400793,2491
GEO-GSE178911,GEO-GSM5400795,4119
GEO-GSE178911,GEO-GSM5400794,5514
GEO-GSE179292,GEO-GSM5413782,3605
GEO-GSE179292,GEO-GSM5413784,3288
GEO-GSE179292,GEO-GSM5413781,2058
GEO-GSE179292,GEO-GSM5413783,2751
GEO-GSE179361,GEO-GSM5416213,7649
GEO-GSE179361,GEO-GSM5416212,12674
GEO-GSE179566,GEO-GSM5420676,9176
GEO-GSE179566,GEO-GSM5420677,10040
GEO-GSE179631,GEO-GSM5425338,7047
GEO-GSE179631,GEO-GSM5425336,4511
GEO-GSE179631,GEO-GSM5425337,3432
GEO-GSE179631,GEO-GSM5425339,5174
GEO-GSE182020,GEO-GSM5516378,6312
GEO-GSE182020,GEO-GSM5516379,6442
GEO-GSE182651,GEO-GSM5534186,17961
GEO-GSE184255,GEO-GSM5582609,12789
GEO-GSE184409,GEO-GSM5587100,1785
GEO-GSE184409,GEO-GSM5587102,1490
GEO-GSE184409,GEO-GSM5587103,2532
GEO-GSE184409,GEO-GSM5587105,2378
GEO-GSE184409,GEO-GSM5587101,1671
GEO-GSE184409,GEO-GSM5587104,2908
GEO-GSE184703,GEO-GSM5595943,15093
GEO-GSE185688,GEO-GSM5621619,3269
GEO-GSE185688,GEO-GSM5621620,2722
GEO-GSE185688,GEO-GSM5621621,8006
GEO-GSE187777,GEO-GSM5669488,3779
GEO-GSE187777,GEO-GSM5669489,2477
GEO-GSE187777,GEO-GSM5669490,1586
GEO-GSE187777,GEO-GSM5669491,2805
GEO-GSE187777,GEO-GSM5669486,2916
GEO-GSE187777,GEO-GSM5669487,4016
GEO-GSE187777,GEO-GSM5669492,1104
GEO-GSE187777,GEO-GSM5669493,1791
GEO-GSE188632,GEO-GSM5687372,19322
GEO-GSE190964,GEO-GSM5879885,12774
GEO-GSE194214,GEO-GSM5830919,2927
GEO-GSE194214,GEO-GSM5830921,5963
GEO-GSE194214,GEO-GSM5830922,4841
GEO-GSE194214,GEO-GSM5830920,4964
GEO-GSE195674,GEO-GSM5847946,16596
GEO-GSE195832,GEO-GSM5851565,12691
GEO-GSE196005,GEO-GSM5857795,1377
GEO-GSE196005,GEO-GSM5857796,5366
GEO-GSE196005,GEO-GSM5857794,3146
GEO-GSE196005,GEO-GSM5857797,4670
GEO-GSE196573,GEO-GSM5889671,12734
GEO-GSE198729,GEO-GSM5955899,4844
GEO-GSE198729,GEO-GSM5955898,6110
GEO-GSE198729,GEO-GSM5955900,6632
GEO-GSE198729,GEO-GSM5955901,1198
GEO-GSE199071,GEO-GSM5963747,1292
GEO-GSE199071,GEO-GSM5963749,1361
GEO-GSE199071,GEO-GSM5963748,2368
GEO-GSE199071,GEO-GSM5963750,1275
GEO-GSE199071,GEO-GSM5963751,1952
GEO-GSE199071,GEO-GSM5963752,3150
GEO-GSE201925,GEO-GSM6081170,1354
GEO-GSE201925,GEO-GSM6081171,8179
GEO-GSE201925,GEO-GSM6081172,11254
GEO-GSE202441,GEO-GSM6122594,3208
GEO-GSE202441,GEO-GSM6122595,4015
GEO-GSE202441,GEO-GSM6122596,6204
GEO-GSE171314,GEO-GSM5222730,2240
GEO-GSE171314,GEO-GSM5222731,4771
GEO-GSE171314,GEO-GSM5222733,5807
GEO-GSE171314,GEO-GSM5222734,6286
GEO-GSE171458,GEO-GSM5225900,8860
GEO-GSE171458,GEO-GSM5225901,1865
GEO-GSE171458,GEO-GSM5225902,6955
GEO-GSE171458,GEO-GSM5225903,3308
GEO-GSE171458,GEO-GSM5225904,2811
GEO-GSE171458,GEO-GSM5225905,5572
GEO-GSE171458,GEO-GSM5225906,4309
GEO-GSE171458,GEO-GSM5225907,6072
GEO-GSE186476,GEO-GSM5652699,776
GEO-GSE186476,GEO-GSM5652700,930
GEO-GSE186476,GEO-GSM5652701,1898
GEO-GSE186476,GEO-GSM5652702,1143
GEO-GSE186476,GEO-GSM5652703,6194
GEO-GSE186476,GEO-GSM5652704,2405
GEO-GSE186476,GEO-GSM5652705,1091
GEO-GSE186476,GEO-GSM5652706,2333
GEO-GSE186476,GEO-GSM5652707,1107
GEO-GSE186476,GEO-GSM5652708,1000
GEO-GSE186476,GEO-GSM5652709,2416
GEO-GSE186476,GEO-GSM5652710,2836
GEO-GSE186476,GEO-GSM5652711,170
GEO-GSE186476,GEO-GSM5652712,2279
GEO-GSE186476,GEO-GSM5652713,3143
GEO-GSE186476,GEO-GSM5652714,2704
GEO-GSE186476,GEO-GSM5652715,1640
GEO-GSE186476,GEO-GSM5652716,2269
GEO-GSE186476,GEO-GSM5652717,2283
GEO-GSE186476,GEO-GSM5652718,319
GEO-GSE186476,GEO-GSM5652719,3616
GEO-GSE186476,GEO-GSM5652720,7700
GEO-GSE186476,GEO-GSM5652721,3063
GEO-GSE186476,GEO-GSM5652722,1142
GEO-GSE186476,GEO-GSM5652723,3718
GEO-GSE186476,GEO-GSM5652724,3174
GEO-GSE186476,GEO-GSM5652725,1190
GEO-GSE186476,GEO-GSM5652726,3440
GEO-GSE140393,GEO-GSM4160577,5012
GEO-GSE140393,GEO-GSM4160578,1691
GEO-GSE140393,GEO-GSM4160579,7693
GEO-GSE140393,GEO-GSM4160580,2133
GEO-GSE140393,GEO-GSM4160581,1203
GEO-GSE140553,GEO-GSM4174061,8623
GEO-GSE140553,GEO-GSM4174062,10064
GEO-GSE142392,GEO-GSM4226877,12012
GEO-GSE142392,GEO-GSM4226878,8259
GEO-GSE142489,GEO-GSM4230367,6487
GEO-GSE142489,GEO-GSM4230368,3722
GEO-GSE142489,GEO-GSM4230369,4480
GEO-GSE142489,GEO-GSM4230370,4635
GEO-GSE143353,GEO-GSM4257515,10151
GEO-GSE143353,GEO-GSM4257516,5439
GEO-GSE143353,GEO-GSM4257517,3889
GEO-GSE146221,GEO-GSM4368462,5038
GEO-GSE146221,GEO-GSM4368463,4710
GEO-GSE146221,GEO-GSM4368464,8468
GEO-GSE147482,GEO-GSM4431901,2103
GEO-GSE147482,GEO-GSM4431902,1337
GEO-GSE147482,GEO-GSM4431903,4726
GEO-GSE147482,GEO-GSM4431904,7667
GEO-GSE147482,GEO-GSM4431905,1709
GEO-GSE147975,GEO-GSM4451223,7080
GEO-GSE147975,GEO-GSM4451224,4896
GEO-GSE148215,GEO-GSM4456117,5055
GEO-GSE148215,GEO-GSM4456118,6266
GEO-GSE148586,GEO-GSM4474551,4688
GEO-GSE148586,GEO-GSM4474552,3047
GEO-GSE148586,GEO-GSM4474553,4371
GEO-GSE148820,GEO-GSM4483270,13433
GEO-GSE149136,GEO-GSM4490890,2878
GEO-GSE149136,GEO-GSM4490891,2273
GEO-GSE149136,GEO-GSM4490892,2261
GEO-GSE149136,GEO-GSM4490893,2751
GEO-GSE149136,GEO-GSM4490894,3047
GEO-GSE149136,GEO-GSM4490895,1580
GEO-GSE150311,GEO-GSM4546545,1940
GEO-GSE150311,GEO-GSM4546546,2928
GEO-GSE150311,GEO-GSM4546547,2869
GEO-GSE150311,GEO-GSM4546548,3249
GEO-GSE150637,GEO-GSM4555178,7499
GEO-GSE150637,GEO-GSM4555179,4504
GEO-GSE150637,GEO-GSM4555180,4167
GEO-GSE150692,GEO-GSM4556600,2825
GEO-GSE152981,GEO-GSM4631061,15840
GEO-GSE153421,GEO-GSM4644045,7264
GEO-GSE153421,GEO-GSM4644046,4194
GEO-GSE153421,GEO-GSM4644047,6796
GEO-GSE153421,GEO-GSM4644048,5799
GEO-GSE153421,GEO-GSM4644049,12386
GEO-GSE153421,GEO-GSM4644050,8252
GEO-GSE153421,GEO-GSM4644051,5812
GEO-GSE153421,GEO-GSM4644052,6135
GEO-GSE153834,GEO-GSM4655139,12598
GEO-GSE153892,GEO-GSM4658185,2597
GEO-GSE153892,GEO-GSM4658186,3814
GEO-GSE153892,GEO-GSM4658187,1218
GEO-GSE153892,GEO-GSM4658188,4090
GEO-GSE153892,GEO-GSM4658189,2559
GEO-GSE153892,GEO-GSM4658190,3627
GEO-GSE154358,GEO-GSM4669611,5194
GEO-GSE154358,GEO-GSM4669612,9572
GEO-GSE154358,GEO-GSM4669613,4458
GEO-GSE154932,GEO-GSM4684556,3299
GEO-GSE154932,GEO-GSM4684557,6237
GEO-GSE154932,GEO-GSM4684558,5420
GEO-GSE150672,GEO-GSM4693357,2682
GEO-GSE150672,GEO-GSM4693359,7891
GEO-GSE150672,GEO-GSM4693360,3274
GEO-GSE150672,GEO-GSM4693361,243
GEO-GSE150672,GEO-GSM4693362,896
GEO-GSE150672,GEO-GSM4693363,1110
GEO-GSE150672,GEO-GSM4693364,1227
GEO-GSE150672,GEO-GSM4693365,1009
GEO-GSE150672,GEO-GSM4693366,1854
GEO-GSE150672,GEO-GSM4693367,3683
GEO-GSE150672,GEO-GSM4693368,2122
GEO-GSE150672,GEO-GSM4693369,1899
GEO-GSE150672,GEO-GSM4693370,787
GEO-GSE150672,GEO-GSM4693371,2671
GEO-GSE150672,GEO-GSM4693372,740
GEO-GSE150672,GEO-GSM4693373,1429
GEO-GSE150672,GEO-GSM4693374,1627
GEO-GSE150672,GEO-GSM4693375,1113
GEO-GSE150672,GEO-GSM4693376,1437
GEO-GSE150672,GEO-GSM4693377,1728
GEO-GSE150672,GEO-GSM4693378,2399
GEO-GSE150672,GEO-GSM4693379,1943
GEO-GSE150672,GEO-GSM4693380,1905
GEO-GSE150672,GEO-GSM4693381,3176
GEO-GSE155226,GEO-GSM4697647,1871
GEO-GSE155226,GEO-GSM4697648,1956
GEO-GSE155226,GEO-GSM4697649,1839
GEO-GSE155226,GEO-GSM4697650,2058
GEO-GSE155226,GEO-GSM4697651,2837
GEO-GSE155226,GEO-GSM4697652,2464
GEO-GSE155226,GEO-GSM4697653,1957
GEO-GSE155226,GEO-GSM4697654,1454
GEO-GSE155226,GEO-GSM4697655,2927
GEO-GSE155226,GEO-GSM4697656,1720
GEO-GSE155226,GEO-GSM4697657,3410
GEO-GSE155742,GEO-GSM4711494,4628
GEO-GSE155742,GEO-GSM4711495,5557
GEO-GSE108041,GEO-GSM2888370,3838
GEO-GSE108041,GEO-GSM2888371,3221
GEO-GSE108041,GEO-GSM2888372,3397
GEO-GSE108041,GEO-GSM2888373,3368
GEO-GSE108041,GEO-GSM2888374,2931
GEO-GSE108288,GEO-GSM2894834,10235
GEO-GSE108288,GEO-GSM2894835,9937
GEO-GSE108394,GEO-GSM2897333,7748
GEO-GSE108394,GEO-GSM2897334,7783
GEO-GSE108571,GEO-GSM2905290,1993
GEO-GSE108571,GEO-GSM2905291,6446
GEO-GSE108571,GEO-GSM2905292,1582
GEO-GSE108571,GEO-GSM2905293,5216
GEO-GSE114297,GEO-GSM3138939,1743
GEO-GSE114297,GEO-GSM3138940,932
GEO-GSE114297,GEO-GSM3138941,2009
GEO-GSE114297,GEO-GSM3138942,1533
GEO-GSE114297,GEO-GSM3138943,1068
GEO-GSE114297,GEO-GSM3138944,408
GEO-GSE114297,GEO-GSM3138945,1883
GEO-GSE114297,GEO-GSM3138946,1570
GEO-GSE114297,GEO-GSM3138947,2284
GEO-GSE114297,GEO-GSM3138948,2351
GEO-GSE114297,GEO-GSM3138949,2170
GEO-GSE114297,GEO-GSM3138950,2820
GEO-GSE119594,GEO-GSM3378054,2481
GEO-GSE119594,GEO-GSM3378055,2602
GEO-GSE119594,GEO-GSM3378056,2099
GEO-GSE119594,GEO-GSM3378057,2158
GEO-GSE119594,GEO-GSM3378058,2398
GEO-GSE119594,GEO-GSM3378059,3760
GEO-GSE119861,GEO-GSM3386033,1016
GEO-GSE119861,GEO-GSM3386034,2764
GEO-GSE119861,GEO-GSM3386035,592
GEO-GSE119861,GEO-GSM3386036,951
GEO-GSE119861,GEO-GSM3386037,2491
GEO-GSE119861,GEO-GSM3386038,736
GEO-GSE119861,GEO-GSM3386039,1188
GEO-GSE119861,GEO-GSM3386040,414
GEO-GSE119861,GEO-GSM3386041,811
GEO-GSE119861,GEO-GSM3386042,3602
GEO-GSE119861,GEO-GSM3386043,1208
GEO-GSE119861,GEO-GSM3386044,1771
GEO-GSE119861,GEO-GSM3386045,669
GEO-GSE119861,GEO-GSM3386046,2203
GEO-GSE124172,GEO-GSM3523348,6355
GEO-GSE124172,GEO-GSM3523349,6733
GEO-GSE129308,GEO-GSM3704357,5858
GEO-GSE129308,GEO-GSM3704358,2995
GEO-GSE129308,GEO-GSM3704359,5495
GEO-GSE129308,GEO-GSM3704360,4030
GEO-GSE129308,GEO-GSM3704361,4623
GEO-GSE129308,GEO-GSM3704362,1933
GEO-GSE129308,GEO-GSM3704363,3950
GEO-GSE129308,GEO-GSM3704364,3569
GEO-GSE129308,GEO-GSM3704365,5400
GEO-GSE129308,GEO-GSM3704366,530
GEO-GSE129308,GEO-GSM3704367,3657
GEO-GSE129308,GEO-GSM3704368,1755
GEO-GSE129308,GEO-GSM3704369,4603
GEO-GSE129308,GEO-GSM3704370,5345
GEO-GSE129308,GEO-GSM3704371,4927
GEO-GSE130105,GEO-GSM3732008,13595
GEO-GSE130105,GEO-GSM3732009,4497
GEO-GSE130105,GEO-GSM3732010,2349
GEO-GSE130238,GEO-GSM3734294,4832
GEO-GSE130238,GEO-GSM3734295,3158
GEO-GSE130238,GEO-GSM3734296,4888
GEO-GSE130238,GEO-GSM3734297,3208
GEO-GSE130318,GEO-GSM3735993,5194
GEO-GSE130318,GEO-GSM3735994,7375
GEO-GSE134432,GEO-GSM3946506,4323
GEO-GSE134432,GEO-GSM3946507,4098
GEO-GSE134432,GEO-GSM3946508,3681
GEO-GSE134432,GEO-GSM3946509,3342
GEO-GSE134432,GEO-GSM3946510,3177
GEO-GSE134432,GEO-GSM3946511,2476
GEO-GSE134432,GEO-GSM3946512,3111
GEO-GSE134432,GEO-GSM3946513,4464
GEO-GSE134432,GEO-GSM3946514,4265
GEO-GSE134432,GEO-GSM3946515,2817
GEO-GSE134571,GEO-GSM3956280,6637
GEO-GSE134571,GEO-GSM3956281,6444
GEO-GSE135618,GEO-GSM4023551,3125
GEO-GSE135618,GEO-GSM4023552,4226
GEO-GSE135618,GEO-GSM4023553,2017
GEO-GSE135618,GEO-GSM4023554,3547
GEO-GSE135618,GEO-GSM4023555,2345
GEO-GSE135618,GEO-GSM4023556,3209
GEO-GSE137429,GEO-GSM5399758,3495
GEO-GSE137758,GEO-GSM4086612,6300
GEO-GSE137758,GEO-GSM4086613,5296
GEO-GSE137758,GEO-GSM4086614,5098
GEO-GSE139193,GEO-GSM4133423,6037
GEO-GSE139193,GEO-GSM4133424,7774
GEO-GSE139535,GEO-GSM4143264,3640
GEO-GSE139535,GEO-GSM4143265,7215
GEO-GSE156246,GEO-GSM4727545,1129
GEO-GSE156246,GEO-GSM4727546,1258
GEO-GSE156246,GEO-GSM4727547,4481
GEO-GSE156246,GEO-GSM4727548,4935
GEO-GSE156246,GEO-GSM4727549,5636
GEO-GSE156246,GEO-GSM4727550,934
GEO-GSE156341,GEO-GSM4729234,492
GEO-GSE156341,GEO-GSM4729237,360
GEO-GSE156341,GEO-GSM4729239,804
GEO-GSE156341,GEO-GSM4729232,1204
GEO-GSE156341,GEO-GSM4729233,851
GEO-GSE156341,GEO-GSM4729236,515
GEO-GSE156341,GEO-GSM4729240,1996
GEO-GSE156341,GEO-GSM4729235,472
GEO-GSE156341,GEO-GSM4729238,3321
GEO-GSE156341,GEO-GSM4729241,2315
GEO-GSE156920,GEO-GSM4748179,4714
GEO-GSE156920,GEO-GSM4748177,4594
GEO-GSE156920,GEO-GSM4748178,3345
GEO-GSE158349,GEO-GSM4798209,4634
GEO-GSE158349,GEO-GSM4798208,10820
GEO-GSE158432,GEO-GSM4800174,2973
GEO-GSE158432,GEO-GSM4800178,1934
GEO-GSE158432,GEO-GSM4800172,1567
GEO-GSE158432,GEO-GSM4800173,4559
GEO-GSE158432,GEO-GSM4800176,1861
GEO-GSE158432,GEO-GSM4800170,1054
GEO-GSE158432,GEO-GSM4800171,1492
GEO-GSE158432,GEO-GSM4800175,485
GEO-GSE158432,GEO-GSM4800177,2472
GEO-GSE158432,GEO-GSM4800179,938
GEO-GSE158937,GEO-GSM4816045,6839
GEO-GSE158937,GEO-GSM4816046,1429
GEO-GSE158937,GEO-GSM4816047,5862
GEO-GSE159745,GEO-GSM4838954,4006
GEO-GSE159745,GEO-GSM4838951,1661
GEO-GSE159745,GEO-GSM4838952,3709
GEO-GSE159745,GEO-GSM4838953,1784
GEO-GSE161153,GEO-GSM4890494,4070
GEO-GSE161153,GEO-GSM4890495,4390
GEO-GSE161153,GEO-GSM4890496,4159
GEO-GSE161470,GEO-GSM4907712,1530
GEO-GSE161470,GEO-GSM4907714,4108
GEO-GSE161470,GEO-GSM4907715,3917
GEO-GSE161470,GEO-GSM4907713,2940
GEO-GSE161470,GEO-GSM5292817,5610
GEO-GSE162045,GEO-GSM4932160,1705
GEO-GSE162045,GEO-GSM4932162,1769
GEO-GSE162045,GEO-GSM4932165,2755
GEO-GSE162045,GEO-GSM4932159,2388
GEO-GSE162045,GEO-GSM4932163,1955
GEO-GSE162045,GEO-GSM4932166,3279
GEO-GSE162045,GEO-GSM4932161,1980
GEO-GSE162045,GEO-GSM4932164,2112
GEO-GSE163505,GEO-GSM5620519,6680
GEO-GSE163505,GEO-GSM4980292,13522
GEO-GSE163686,GEO-GSM4983856,13045
GEO-GSE163872,GEO-GSM4988951,14318
GEO-GSE165477,GEO-GSM5034380,6978
GEO-GSE165477,GEO-GSM5034379,4219
GEO-GSE165944,GEO-GSM5058635,7415
GEO-GSE165944,GEO-GSM5058633,5950
GEO-GSE167339,GEO-GSM5102531,4085
GEO-GSE167339,GEO-GSM5102532,3661
GEO-GSE167339,GEO-GSM5102533,2374
GEO-GSE167339,GEO-GSM5102534,146
GEO-GSE167339,GEO-GSM5102535,305
GEO-GSE167339,GEO-GSM5102536,921
GEO-GSE167339,GEO-GSM5102537,3244
GEO-GSE167339,GEO-GSM5102538,4133
GEO-GSE168127,GEO-GSM5129495,11781
GEO-GSE168664,GEO-GSM5155414,12809
GEO-GSE168668,GEO-GSM5155455,2357
GEO-GSE168668,GEO-GSM5155456,4790
GEO-GSE168668,GEO-GSM5155457,5139
GEO-GSE168668,GEO-GSM5155458,4879
GEO-GSE169114,GEO-GSM5176508,11586
GEO-GSE169285,GEO-GSM5194433,655
GEO-GSE169285,GEO-GSM5194434,1473
GEO-GSE169285,GEO-GSM5194436,401
GEO-GSE169285,GEO-GSM5194438,1064
GEO-GSE169285,GEO-GSM5194439,1098
GEO-GSE169285,GEO-GSM5194440,1960
GEO-GSE169285,GEO-GSM5194445,1113
GEO-GSE169285,GEO-GSM5194448,2283
GEO-GSE169285,GEO-GSM5194450,773
GEO-GSE169285,GEO-GSM5194451,1147
GEO-GSE169285,GEO-GSM5194452,724
GEO-GSE169285,GEO-GSM5194455,865
GEO-GSE169285,GEO-GSM5194461,922
GEO-GSE169285,GEO-GSM5194463,992
GEO-GSE169285,GEO-GSM5194464,1343
GEO-GSE169285,GEO-GSM5194437,1719
GEO-GSE169285,GEO-GSM5194441,355
GEO-GSE169285,GEO-GSM5194442,2151
GEO-GSE169285,GEO-GSM5194444,2674
GEO-GSE169285,GEO-GSM5194449,1447
GEO-GSE169285,GEO-GSM5194454,852
GEO-GSE169285,GEO-GSM5194457,1048
GEO-GSE169285,GEO-GSM5194458,1216
GEO-GSE169285,GEO-GSM5194459,770
GEO-GSE169285,GEO-GSM5194431,233
GEO-GSE169285,GEO-GSM5194432,1781
GEO-GSE169285,GEO-GSM5194435,1118
GEO-GSE169285,GEO-GSM5194443,608
GEO-GSE169285,GEO-GSM5194446,1447
GEO-GSE169285,GEO-GSM5194447,1824
GEO-GSE169285,GEO-GSM5194453,1395
GEO-GSE169285,GEO-GSM5194456,1351
GEO-GSE169285,GEO-GSM5194460,484
GEO-GSE169285,GEO-GSM5194462,968
GEO-GSE171306,GEO-GSM5222644,5890
GEO-GSE171306,GEO-GSM5222645,7676
GEO-GSE173820,GEO-GSM5280112,5641
GEO-GSE173820,GEO-GSM5280111,7407
GEO-GSE174125,GEO-GSM5287682,13956
GEO-GSE174125,GEO-GSM5287683,6398
